image_id,mean_abs_final_minus_base_prob,changed_pixel_ratio_at_0p5,fusion_gate_mean,fusion_gate_min,fusion_gate_max,fusion_delta_abs_mean,fusion_weight_entropy_mean
001137,1.6129105162576707e-08,0.0,0.11372704803943634,0.03014778159558773,0.11386626958847046,0.9944034218788147,1.3754823207855225
000345,6.9876362474019516e-09,0.0,0.11385218054056168,0.06048702076077461,0.11386626958847046,0.9851095676422119,1.375568151473999
000774,1.026505856316362e-06,0.0,0.11383065581321716,0.03560580313205719,0.11386626958847046,0.9677644968032837,1.3755574226379395
000593,2.872750883398112e-06,0.0,0.11354319751262665,0.03004414588212967,0.11386626958847046,0.9979378581047058,1.375350832939148
001002,9.747932381287683e-07,0.0,0.11349797248840332,0.030064068734645844,0.11386626958847046,0.9941579103469849,1.3753242492675781
001024,1.0880405625357525e-06,0.0,0.11368559300899506,0.030492326244711876,0.11386626958847046,0.9903783202171326,1.3754603862762451
001285,2.3474409260870743e-07,0.0,0.11380821466445923,0.03193845972418785,0.11386626958847046,0.993748664855957,1.3755452632904053
000649,1.4321358321467414e-06,0.0,0.11368530988693237,0.030064454302191734,0.11386626958847046,0.9959149360656738,1.3754606246948242
000282,9.815539669943973e-07,0.0,0.1136021539568901,0.03004414588212967,0.11386626958847046,0.993346631526947,1.3753955364227295
000037,1.6405710567823917e-08,0.0,0.11384092271327972,0.03845691680908203,0.11386626958847046,0.9963654279708862,1.3755614757537842
001150,9.028932268506651e-09,0.0,0.11379486322402954,0.030387740582227707,0.11386626958847046,0.9608727693557739,1.37552809715271
001124,1.8705517135231275e-08,0.0,0.11380696296691895,0.03080853819847107,0.11386626958847046,0.9985025525093079,1.3755357265472412
001185,3.6633363009741515e-08,0.0,0.11377668380737305,0.03009137324988842,0.11386626958847046,0.9878109097480774,1.3755239248275757
000718,1.2431596587703098e-06,0.0,0.1136205792427063,0.030050678178668022,0.11386626958847046,0.9893454909324646,1.3754186630249023
000968,9.18826742690726e-07,0.0,0.11371199786663055,0.03006398119032383,0.11386626958847046,0.997389554977417,1.3754782676696777
001216,1.0819741547152262e-08,0.0,0.11383883655071259,0.03451669216156006,0.11386626958847046,0.9997738599777222,1.3755607604980469
000494,2.029674305958906e-06,0.0,0.11344917118549347,0.030044224113225937,0.11386626958847046,0.9939464330673218,1.3752951622009277
001015,1.1663835266517708e-06,0.0,0.11360733211040497,0.030045440420508385,0.11386626958847046,0.9906712770462036,1.375399112701416
001186,2.9211577157184365e-08,0.0,0.11377021670341492,0.03230483829975128,0.11386626958847046,0.9944243431091309,1.3755179643630981
000197,1.7533548088977113e-06,0.0,0.11364299058914185,0.03006468154489994,0.11386626958847046,0.9866686463356018,1.375429391860962
000811,8.517802143614972e-07,0.0,0.11358199268579483,0.03006376139819622,0.11386626958847046,0.9995051026344299,1.3753843307495117
000601,4.857255362367141e-07,0.0,0.11366397887468338,0.030044151470065117,0.11386626958847046,0.9960238337516785,1.3754441738128662
001040,1.5363324337158701e-06,0.0,0.11359839141368866,0.03006376139819622,0.11386626958847046,0.9996140003204346,1.3753948211669922
000735,8.665627433401824e-07,0.0,0.11380822211503983,0.03015344776213169,0.11386626958847046,0.9667073488235474,1.3755459785461426
001029,1.477431624152814e-06,0.0,0.11359752714633942,0.030044876039028168,0.11386626958847046,0.9991544485092163,1.375389814376831
000623,2.0847338078056055e-07,0.0,0.11383356899023056,0.04285312816500664,0.11386626958847046,0.9997612237930298,1.3755601644515991
000436,5.868987500434741e-07,0.0,0.11356684565544128,0.030044162645936012,0.11386626958847046,0.9918665289878845,1.3753657341003418
001242,8.572650500582313e-08,0.0,0.1136724203824997,0.030200574547052383,0.11386626958847046,0.9828163385391235,1.375471591949463
000813,1.4888000805513002e-06,0.0,0.11377179622650146,0.030501093715429306,0.11386626958847046,0.99942946434021,1.3755239248275757
000493,2.2118038032203913e-06,1.52587890625e-05,0.11335327476263046,0.03000037930905819,0.11386626958847046,0.9897449612617493,1.3752214908599854
001053,3.6829086980105785e-07,0.0,0.11369352042675018,0.03006184659898281,0.11386626958847046,0.9832426309585571,1.3754587173461914
000410,1.319637590313505e-07,0.0,0.11377222836017609,0.03313769772648811,0.11386626958847046,0.9927812814712524,1.3755205869674683
000936,1.3807119785269606e-06,0.0,0.11374634504318237,0.0330650620162487,0.11386626958847046,0.998735249042511,1.375502109527588
000473,9.517653438706475e-07,0.0,0.1136825755238533,0.03004479967057705,0.11386626958847046,0.9880332946777344,1.375455379486084
000478,2.0900693016301375e-06,0.0,0.11335255950689316,0.030044199898838997,0.11386626958847046,0.9879311323165894,1.3752198219299316
000458,8.095216230685764e-07,0.0,0.11354084312915802,0.030049871653318405,0.11386626958847046,0.9943276643753052,1.3753480911254883
000709,1.724016783555271e-06,0.0,0.11372929066419601,0.03205280005931854,0.11386626958847046,0.9955219626426697,1.375502586364746
001307,3.233180621009524e-07,0.0,0.11371663212776184,0.031077541410923004,0.11386626958847046,0.9912399053573608,1.3754727840423584
000781,1.7343943454761757e-06,0.0,0.11372324824333191,0.030063899233937263,0.11386626958847046,0.9959455728530884,1.37548828125
001023,5.834879743815691e-07,0.0,0.11358052492141724,0.030081389471888542,0.11386626958847046,0.991201639175415,1.3753790855407715
001004,1.3466811878970475e-06,0.0,0.11364501714706421,0.03004421666264534,0.11386626958847046,0.9907780885696411,1.3754254579544067
000359,6.892776127642719e-09,0.0,0.11384537816047668,0.05966474488377571,0.11386626958847046,0.9782308340072632,1.375563621520996
000287,1.4081811059440952e-06,0.0,0.11354167014360428,0.030047044157981873,0.11386626958847046,0.9978328347206116,1.3753514289855957
000482,1.9811038782791e-06,0.0,0.11356155574321747,0.030044231563806534,0.11386626958847046,0.9827795624732971,1.375365972518921
000941,6.833816428297723e-07,0.0,0.11360581964254379,0.030102640390396118,0.11386626958847046,0.9914248585700989,1.3754000663757324
000067,9.105168174983191e-09,0.0,0.11379125714302063,0.03819234296679497,0.11386626958847046,0.9997819662094116,1.3755292892456055
000284,1.1374535233699135e-06,0.0,0.11358573287725449,0.030044199898838997,0.11386626958847046,0.9989994168281555,1.3753819465637207
000447,1.1086201539001195e-06,0.0,0.1135127991437912,0.03006187453866005,0.11386626958847046,0.9883148074150085,1.3753304481506348
000894,1.6252704426733544e-06,0.0,0.11356769502162933,0.030047953128814697,0.11386626958847046,0.9991000294685364,1.3753674030303955
000163,1.094930212275358e-06,0.0,0.11366384476423264,0.030074676498770714,0.11386626958847046,0.9921847581863403,1.3754432201385498
000059,4.570321721075743e-08,0.0,0.11370562016963959,0.03266412019729614,0.11386626958847046,0.9958889484405518,1.3754853010177612
001222,4.280726173533367e-08,0.0,0.11383387446403503,0.03633316606283188,0.11386626958847046,0.9955646991729736,1.3755576610565186
000945,6.693165914839483e-07,0.0,0.1137036457657814,0.03005092591047287,0.11386626958847046,0.9942181706428528,1.3754684925079346
000446,4.33536058608297e-07,0.0,0.11366401612758636,0.03004424087703228,0.11386626958847046,0.990506649017334,1.3754380941390991
000193,1.7157790352939628e-06,0.0,0.11351872980594635,0.030064037069678307,0.11386626958847046,0.9928410649299622,1.3753390312194824
000746,3.935489075956866e-06,0.0,0.11366872489452362,0.03027549386024475,0.11386626958847046,0.9955139756202698,1.3754541873931885
000733,1.2292466635699384e-06,0.0,0.1135241836309433,0.03005477786064148,0.11386626958847046,0.970274806022644,1.3753395080566406
000621,5.682668415829539e-07,0.0,0.11370737850666046,0.030067885294556618,0.11386626958847046,0.9961782097816467,1.3754732608795166
001131,1.1292776491700351e-07,0.0,0.11373628675937653,0.03145906329154968,0.11386626958847046,0.9971601963043213,1.375510811805725
000085,4.0509213761197316e-08,0.0,0.11371155083179474,0.030064871534705162,0.11386626958847046,0.9974746108055115,1.375471830368042
000064,1.2083434697274242e-08,0.0,0.1138182133436203,0.03516635671257973,0.11386626958847046,0.9957578182220459,1.3755497932434082
000312,1.1441024980740622e-06,1.52587890625e-05,0.11366979777812958,0.030047420412302017,0.11386626958847046,0.9987501502037048,1.3754465579986572
000213,1.5532018551311921e-06,0.0,0.11353281140327454,0.030063968151807785,0.11386626958847046,0.9944154620170593,1.3753478527069092
001297,3.0520279779011616e-06,0.0,0.11359658092260361,0.03004414588212967,0.11386626958847046,0.9975200891494751,1.3753952980041504
001039,8.914107638702262e-07,0.0,0.11374418437480927,0.03118022531270981,0.11386626958847046,0.9991339445114136,1.3754973411560059
000066,1.1457662907332633e-07,0.0,0.11383889615535736,0.03982793912291527,0.11386626958847046,0.9992814660072327,1.3755624294281006
000002,1.1815138201143327e-08,0.0,0.11383029818534851,0.044380299746990204,0.11386626958847046,0.9907939434051514,1.375556230545044
000843,6.943473067622108e-07,0.0,0.11370177567005157,0.030065957456827164,0.11386626958847046,0.9950143694877625,1.375474214553833
000659,2.0094992123631528e-06,0.0,0.11363150179386139,0.030064012855291367,0.11386626958847046,0.9953488707542419,1.3754184246063232
000298,1.5928364973660791e-06,0.0,0.11344562470912933,0.029636818915605545,0.11386626958847046,0.9957968592643738,1.3752975463867188
000227,1.532598275844066e-06,0.0,0.11377274990081787,0.030065998435020447,0.11386626958847046,0.9922702312469482,1.375516653060913
000951,4.7416935444744013e-07,0.0,0.11353562772274017,0.030063927173614502,0.11386626958847046,0.9960232973098755,1.3753437995910645
000299,6.728616881446214e-07,0.0,0.11354461312294006,0.030044183135032654,0.11386626958847046,0.9979801177978516,1.3753573894500732
000937,2.5093177100643516e-06,0.0,0.11365429311990738,0.030107276514172554,0.11386626958847046,0.9924116134643555,1.3754416704177856
000547,3.7941902064630995e-07,0.0,0.11368227005004883,0.03004419431090355,0.11386626958847046,0.9983400106430054,1.3754546642303467
000948,8.976276717476139e-07,0.0,0.11357709765434265,0.030044671148061752,0.11386626958847046,0.9840229749679565,1.3753745555877686
000859,1.804792645998532e-06,0.0,0.11360824108123779,0.030186012387275696,0.11386626958847046,0.997145414352417,1.3754054307937622
000058,1.78982908494163e-08,0.0,0.11368262767791748,0.0297922994941473,0.11386626958847046,0.9974939823150635,1.3754527568817139
000422,4.300652634015023e-08,0.0,0.11379886418581009,0.03102259524166584,0.11386626958847046,0.993302583694458,1.3755309581756592
001140,2.369882956543279e-08,0.0,0.11380274593830109,0.03024928644299507,0.11386626958847046,0.9979386925697327,1.3755369186401367
000873,1.8848143099603476e-06,0.0,0.11348158866167068,0.030064012855291367,0.11386626958847046,0.9986414313316345,1.375319004058838
001249,1.036799517351028e-06,0.0,0.11364935338497162,0.03004414588212967,0.11386626958847046,0.9995781183242798,1.3754279613494873
000822,8.490900995639095e-07,0.0,0.11372952163219452,0.030439535155892372,0.11386626958847046,0.9837296605110168,1.3754889965057373
000745,2.6179095584666356e-06,0.0,0.11358893662691116,0.030065199360251427,0.11386626958847046,0.9906050562858582,1.3754003047943115
000609,8.627649350501088e-08,0.0,0.11379771679639816,0.03006414696574211,0.11386626958847046,0.9848289489746094,1.375532865524292
000881,1.529230758023914e-06,0.0,0.11364170163869858,0.030064012855291367,0.11386626958847046,0.9992704391479492,1.3754348754882812
001271,1.5798891581653152e-06,0.0,0.11363515257835388,0.030044175684452057,0.11386626958847046,0.9969326853752136,1.3754183053970337
000851,6.130092060629977e-07,0.0,0.1136617586016655,0.03006601333618164,0.11386626958847046,0.982752799987793,1.3754358291625977
000848,7.145279141695937e-07,0.0,0.1136193722486496,0.030054014176130295,0.11386626958847046,0.9968264698982239,1.3754096031188965
001016,3.1495692383032292e-06,0.0,0.11353667080402374,0.0300481878221035,0.11386626958847046,0.987041711807251,1.3753466606140137
001100,2.256301968373009e-06,1.52587890625e-05,0.11351718008518219,0.030062898993492126,0.11386626958847046,0.9945806264877319,1.375335931777954
000004,1.1875957106610713e-08,0.0,0.11383932828903198,0.04590364173054695,0.11386626958847046,0.9996417760848999,1.375560998916626
001208,1.5895901261941958e-09,0.0,0.11383580416440964,0.032779909670352936,0.11386626958847046,0.9998002052307129,1.3755598068237305
000099,4.648267122320249e-07,0.0,0.11376267671585083,0.030064595863223076,0.11386626958847046,0.9937280416488647,1.37550687789917
000073,5.204761066579522e-08,0.0,0.11383458971977234,0.0358521044254303,0.11386626958847046,0.9992012977600098,1.3755583763122559
000049,9.666717204481756e-09,0.0,0.11383841931819916,0.03138222545385361,0.11386626958847046,0.9981580972671509,1.3755584955215454
000158,1.4766923186471104e-06,0.0,0.11374607682228088,0.03033543936908245,0.11386626958847046,0.9602072238922119,1.3755066394805908
001279,3.941952968489204e-07,0.0,0.11369098722934723,0.03006388433277607,0.11386626958847046,0.9899114370346069,1.3754522800445557
000063,6.980870992379096e-09,0.0,0.11383802443742752,0.04409952461719513,0.11386626958847046,0.9978157877922058,1.375560998916626
001181,3.4273817561825126e-08,0.0,0.11384086310863495,0.039540283381938934,0.11386626958847046,0.9997537136077881,1.3755606412887573
000515,3.6916003409714904e-06,0.0,0.11345575749874115,0.030044937506318092,0.11386626958847046,0.9932085275650024,1.375303030014038
001054,6.432236432374339e-07,0.0,0.11356963217258453,0.03004721738398075,0.11386626958847046,0.9925104379653931,1.3753714561462402
000844,1.0876749456656398e-06,0.0,0.11363869905471802,0.030063912272453308,0.11386626958847046,0.9866498708724976,1.3754286766052246
001177,3.621250854735081e-08,0.0,0.11379614472389221,0.03785597160458565,0.11386626958847046,0.9983923435211182,1.3755426406860352
000934,8.727598128643876e-07,0.0,0.11372077465057373,0.030998965725302696,0.11386626958847046,0.9985843896865845,1.375483512878418
000663,1.3133593483871664e-06,0.0,0.11374755203723907,0.030099613592028618,0.11386626958847046,0.9901711940765381,1.37550687789917
000841,1.1219239013371407e-06,0.0,0.11370928585529327,0.030688975006341934,0.11386626958847046,0.9990836381912231,1.3754863739013672
000205,2.5505296434857883e-06,0.0,0.11364754289388657,0.030064202845096588,0.11386626958847046,0.9952515363693237,1.3754327297210693
000911,4.299325553347444e-07,0.0,0.11360897868871689,0.030055096372961998,0.11386626958847046,0.9977548122406006,1.3753962516784668
000211,1.369630808767397e-06,0.0,0.11360622942447662,0.030063899233937263,0.11386626958847046,0.9983807802200317,1.3753982782363892
000267,7.201587095551076e-07,0.0,0.11358430236577988,0.030044520273804665,0.11386626958847046,0.9981898069381714,1.3753993511199951
000379,6.495811000206686e-09,0.0,0.11384701728820801,0.037208396941423416,0.11386626958847046,0.9861829280853271,1.3755640983581543
000168,2.06343361242034e-06,0.0,0.11363393068313599,0.03006388433277607,0.11386626958847046,0.9946407079696655,1.3754191398620605
000301,8.404167601838708e-07,0.0,0.11358612775802612,0.030051525682210922,0.11386626958847046,0.9962707757949829,1.3753832578659058
001061,1.7957896716325195e-06,0.0,0.11353667080402374,0.03004434145987034,0.11386626958847046,0.9960564970970154,1.3753461837768555
001299,8.620804692327511e-07,0.0,0.11366928368806839,0.029809989035129547,0.11386626958847046,0.9953995943069458,1.3754420280456543
000818,7.39377412628528e-07,0.0,0.11379337310791016,0.03530614450573921,0.11386626958847046,0.9983208179473877,1.3755300045013428
001070,1.3271676380099962e-06,0.0,0.11368726193904877,0.030237551778554916,0.11386626958847046,0.9995995759963989,1.3754637241363525
001305,6.226349000826303e-07,0.0,0.11378213763237,0.03018869273364544,0.11386626958847046,0.9860175848007202,1.3755226135253906
001095,8.162921858456684e-07,0.0,0.11357676237821579,0.03006008267402649,0.11386626958847046,0.9967880249023438,1.3753745555877686
000695,1.2719974620267749e-06,0.0,0.11369222402572632,0.03013729676604271,0.11386626958847046,0.9981350302696228,1.3754675388336182
000375,1.2308177588238323e-08,0.0,0.11382433027029037,0.049497682601213455,0.11386626958847046,0.9813843965530396,1.3755531311035156
000061,3.172976192900023e-08,0.0,0.11370417475700378,0.033953677862882614,0.11386626958847046,0.9977631568908691,1.375481367111206
000669,1.5659825294278562e-06,0.0,0.1136261522769928,0.02987625077366829,0.11386626958847046,0.9965032339096069,1.3754189014434814
000325,1.0354307633519966e-08,0.0,0.11376096308231354,0.03766976296901703,0.11386626958847046,0.9947150945663452,1.3755159378051758
000864,1.7522559119242942e-06,0.0,0.11364857852458954,0.030064061284065247,0.11386626958847046,0.9950060844421387,1.3754384517669678
000174,1.3429336149783921e-06,0.0,0.11359579861164093,0.030063899233937263,0.11386626958847046,0.9939079284667969,1.3753974437713623
000347,6.1232556802792715e-09,0.0,0.11384838819503784,0.054803989827632904,0.11386626958847046,0.9890419244766235,1.3755650520324707
000748,2.0471607058425434e-06,0.0,0.11360737681388855,0.030063912272453308,0.11386626958847046,0.9889573454856873,1.3754034042358398
000946,2.083875187963713e-06,0.0,0.11353753507137299,0.03022141195833683,0.11386626958847046,0.9942095279693604,1.3753660917282104
001274,8.124044938995212e-07,1.52587890625e-05,0.11361493170261383,0.03004414588212967,0.11386626958847046,0.9984107613563538,1.3753983974456787
001059,1.6355545540136518e-06,0.0,0.1137029305100441,0.03096490539610386,0.11386626958847046,0.9959975481033325,1.375476360321045
000253,5.854305982211372e-07,0.0,0.11354496330022812,0.0300444383174181,0.11386626958847046,0.9771224856376648,1.3753514289855957
000679,3.2944449230853934e-06,0.0,0.1136302649974823,0.030058611184358597,0.11386626958847046,0.9926654696464539,1.3754311800003052
001041,8.877323693923245e-07,0.0,0.1136436015367508,0.03030625358223915,0.11386626958847046,0.9978905916213989,1.3754295110702515
000999,1.336556806563749e-06,0.0,0.1136295422911644,0.030044199898838997,0.11386626958847046,0.9950671195983887,1.3754189014434814
000794,4.4106619156991655e-07,1.52587890625e-05,0.1138371080160141,0.03598878160119057,0.11386626958847046,0.9717188477516174,1.3755595684051514
000576,2.37891731558193e-06,0.0,0.11374243348836899,0.030045285820961,0.11386626958847046,0.999076783657074,1.3755007982254028
001094,1.8916417729997193e-06,0.0,0.11356071382761002,0.03006328083574772,0.11386626958847046,0.9913511872291565,1.375362515449524
000635,4.6194480773920077e-07,0.0,0.11374615877866745,0.031000593677163124,0.11386626958847046,0.9992764592170715,1.375502586364746
000825,8.188290507860074e-07,1.52587890625e-05,0.11377173662185669,0.03021145798265934,0.11386626958847046,0.956588625907898,1.3755154609680176
000013,4.6131454212172684e-08,0.0,0.11379264295101166,0.036232542246580124,0.11386626958847046,0.9974582195281982,1.3755300045013428
000627,1.2093425993953133e-06,0.0,0.11368732154369354,0.030111543834209442,0.11386626958847046,0.9992343187332153,1.375459909439087
000487,1.6071018080765498e-06,0.0,0.11356419324874878,0.030058087781071663,0.11386626958847046,0.987302303314209,1.3753695487976074
001201,9.484370622203642e-09,0.0,0.11380145698785782,0.03120829537510872,0.11386626958847046,0.9786509275436401,1.3755321502685547
000457,3.0857738693157444e-06,0.0,0.11335058510303497,0.029807433485984802,0.11386626958847046,0.9935595393180847,1.3752241134643555
000916,1.6301133882734575e-06,0.0,0.11365365982055664,0.030065378174185753,0.11386626958847046,0.9983505010604858,1.3754432201385498
000030,2.103433160982604e-08,0.0,0.11383616924285889,0.03747439384460449,0.11386626958847046,0.9988973736763,1.3755598068237305
000109,8.682665679771162e-07,0.0,0.11363912373781204,0.030066827312111855,0.11386626958847046,0.985735297203064,1.3754281997680664
000693,7.263928409884102e-07,0.0,0.11381685733795166,0.030065394937992096,0.11386626958847046,0.9824627041816711,1.3755468130111694
000183,1.1478095984784886e-06,0.0,0.11364244669675827,0.03006388433277607,0.11386626958847046,0.9875734448432922,1.3754308223724365
000467,1.4573330417988473e-06,0.0,0.11356998980045319,0.03004419431090355,0.11386626958847046,0.9883872270584106,1.3753834962844849
001164,6.414049380509823e-08,0.0,0.11383998394012451,0.04074237495660782,0.11386626958847046,0.9999126195907593,1.3755626678466797
001258,2.839950070665509e-07,0.0,0.11367414146661758,0.030044717714190483,0.11386626958847046,0.99869304895401,1.3754464387893677
000970,7.08559696249722e-07,0.0,0.11356379091739655,0.03006407432258129,0.11386626958847046,0.9952815771102905,1.3753644227981567
000263,2.9781077159896086e-07,0.0,0.11365826427936554,0.030044633895158768,0.11386626958847046,0.9934173822402954,1.3754336833953857
000858,1.0740350262494758e-06,0.0,0.11366119980812073,0.030073760077357292,0.11386626958847046,0.9981697797775269,1.3754432201385498
000668,1.0279882189934142e-06,0.0,0.11375056207180023,0.030780915170907974,0.11386626958847046,0.9976330995559692,1.375509262084961
000526,1.2616243338925415e-06,0.0,0.11377792060375214,0.03006458841264248,0.11386626958847046,0.9981110095977783,1.3755195140838623
000736,2.043507038251846e-06,1.52587890625e-05,0.11365216225385666,0.03005703166127205,0.11386626958847046,0.9997068643569946,1.3754360675811768
001146,4.9920996225694125e-09,0.0,0.11384006589651108,0.03724496811628342,0.11386626958847046,0.9957419633865356,1.3755606412887573
000247,2.8322432399363606e-07,0.0,0.11357372999191284,0.03006388433277607,0.11386626958847046,0.9974657297134399,1.3753749132156372
000367,4.858228486170901e-09,0.0,0.11385323107242584,0.04661807045340538,0.11386626958847046,0.9919359087944031,1.375568151473999
000050,5.4728911180745854e-08,0.0,0.11384317278862,0.03807831183075905,0.11386626958847046,0.9997652173042297,1.3755627870559692
000773,1.48450237702491e-06,0.0,0.11366503685712814,0.030060548335313797,0.11386626958847046,0.9981999397277832,1.3754457235336304
000318,4.932740012009162e-07,0.0,0.11357241868972778,0.030044186860322952,0.11386626958847046,0.9953595399856567,1.3753693103790283
001163,7.103104771033486e-09,0.0,0.11383506655693054,0.038919538259506226,0.11386626958847046,0.9993978142738342,1.3755583763122559
001159,3.313654683978484e-09,0.0,0.11380723118782043,0.03305934742093086,0.11386626958847046,0.9893823862075806,1.3755407333374023
001306,9.830780811626028e-08,0.0,0.11378336697816849,0.03559441864490509,0.11386626958847046,0.9782911539077759,1.3755288124084473
001310,3.862402024878975e-07,0.0,0.11381624639034271,0.03559788689017296,0.11386626958847046,0.996924638748169,1.3755438327789307
000571,1.2843291870012763e-06,0.0,0.11351354420185089,0.030044162645936012,0.11386626958847046,0.9958666563034058,1.3753308057785034
001031,1.2074076494172914e-06,0.0,0.11357882618904114,0.03006402961909771,0.11386626958847046,0.9993125200271606,1.3753855228424072
000461,1.312547226461902e-07,0.0,0.11375278979539871,0.030044758692383766,0.11386626958847046,0.9886013865470886,1.3755018711090088
000652,1.537535581519478e-06,0.0,0.11378759890794754,0.03407810628414154,0.11386626958847046,0.9968762397766113,1.3755347728729248
000444,2.1405292045528768e-06,0.0,0.11337735503911972,0.03004421666264534,0.11386626958847046,0.9897054433822632,1.3752398490905762
001194,3.311072083178601e-09,0.0,0.11384066194295883,0.03717274218797684,0.11386626958847046,0.9943969249725342,1.375561237335205
001156,1.2167703289378551e-08,0.0,0.11381861567497253,0.033396366983652115,0.11386626958847046,0.9991682767868042,1.375549077987671
000014,4.347923265868303e-08,0.0,0.11383169889450073,0.038370389491319656,0.11386626958847046,0.9965025186538696,1.3755567073822021
000250,7.637116823389078e-07,0.0,0.11359009891748428,0.030047660693526268,0.11386626958847046,0.9973723888397217,1.3753886222839355
000134,1.1944900961680105e-06,0.0,0.11378871649503708,0.03051038831472397,0.11386626958847046,0.9892864227294922,1.375535488128662
001301,6.922147122168099e-07,0.0,0.1136227399110794,0.02985105849802494,0.11386626958847046,0.9987460374832153,1.3754050731658936
000768,1.7690255162960966e-06,0.0,0.11368997395038605,0.030049163848161697,0.11386626958847046,0.9968934655189514,1.3754618167877197
000823,1.2364528174657607e-06,0.0,0.11377853900194168,0.030082691460847855,0.11386626958847046,0.978683352470398,1.3755292892456055
000040,1.70651262010324e-08,0.0,0.11372824013233185,0.030179793015122414,0.11386626958847046,0.9960768222808838,1.375481128692627
000891,6.139432002782996e-07,0.0,0.11354762315750122,0.03004578687250614,0.11386626958847046,0.9971646666526794,1.3753597736358643
000561,5.568874712480465e-07,0.0,0.11367365717887878,0.03006388433277607,0.11386626958847046,0.998897135257721,1.3754429817199707
001200,1.0096709246454338e-08,0.0,0.11384284496307373,0.04708055034279823,0.11386626958847046,0.994749903678894,1.3755629062652588
001233,1.0119324045376743e-08,0.0,0.11382710188627243,0.0353454053401947,0.11386626958847046,0.9683809280395508,1.375553846359253
000119,1.1783827176259365e-06,0.0,0.11364144086837769,0.030143115669488907,0.11386626958847046,0.9973000288009644,1.3754289150238037
001324,7.437296858370246e-07,0.0,0.11377985775470734,0.030064232647418976,0.11386626958847046,0.9934247136116028,1.3755195140838623
000793,5.045307602813409e-07,0.0,0.11383889615535736,0.03908148035407066,0.11386626958847046,0.9930267333984375,1.3755624294281006
000293,1.484507265558932e-06,0.0,0.11351919919252396,0.030044162645936012,0.11386626958847046,0.9941848516464233,1.3753347396850586
000143,1.1595448086154647e-06,0.0,0.11374500393867493,0.030496736988425255,0.11386626958847046,0.9699472188949585,1.3755031824111938
001011,1.022992591970251e-06,0.0,0.1134510189294815,0.0300612710416317,0.11386626958847046,0.9993446469306946,1.375284194946289
000834,1.5446045154021704e-06,0.0,0.11372828483581543,0.030069885775446892,0.11386626958847046,0.998806357383728,1.3754963874816895
000095,1.7711576560941467e-07,0.0,0.11380095779895782,0.03098195604979992,0.11386626958847046,0.9925431609153748,1.3755316734313965
000017,7.38387981868982e-08,0.0,0.11379086226224899,0.03136274963617325,0.11386626958847046,0.9971973896026611,1.3755252361297607
001116,1.3587444058771325e-08,0.0,0.11380323767662048,0.03557025268673897,0.11386626958847046,0.9799574613571167,1.3755393028259277
000653,4.1609803247411037e-07,0.0,0.1137208491563797,0.03006434440612793,0.11386626958847046,0.9909115433692932,1.375482201576233
000755,3.720878964941221e-07,0.0,0.11372888088226318,0.031077994033694267,0.11386626958847046,0.9956796765327454,1.3754926919937134
000705,1.4968537698223372e-06,0.0,0.11370895802974701,0.030065041035413742,0.11386626958847046,0.993618369102478,1.3754785060882568
000723,9.617893965696567e-07,0.0,0.1135130524635315,0.030063899233937263,0.11386626958847046,0.9850898385047913,1.375333547592163
000738,1.6744382946853875e-06,0.0,0.1136559247970581,0.030120572075247765,0.11386626958847046,0.99566251039505,1.3754398822784424
001266,6.688134135401924e-07,0.0,0.11370383948087692,0.030063912272453308,0.11386626958847046,0.9969254732131958,1.375468134880066
000364,9.053236382783325e-09,0.0,0.11380721628665924,0.044905807822942734,0.11386626958847046,0.9832186698913574,1.375544548034668
000791,9.39547987854894e-07,0.0,0.1137690320611,0.03007182851433754,0.11386626958847046,0.9797881841659546,1.375523567199707
000048,3.131764003683202e-08,0.0,0.11364173889160156,0.02981973998248577,0.11386626958847046,0.9953043460845947,1.375441312789917
000228,3.121633653790923e-06,0.0,0.11367199569940567,0.03007054701447487,0.11386626958847046,0.9939002990722656,1.3754570484161377
000956,1.5376685951196123e-06,0.0,0.11357472091913223,0.03004739247262478,0.11386626958847046,0.9951884746551514,1.375373363494873
000570,1.6314646700266167e-07,0.0,0.11359670758247375,0.030044259503483772,0.11386626958847046,0.997737467288971,1.3753880262374878
000116,1.5345835890911985e-06,0.0,0.1137598305940628,0.03137125447392464,0.11386626958847046,0.9880869388580322,1.3755122423171997
000350,4.8354396042782355e-09,0.0,0.11381273716688156,0.03619876131415367,0.11386626958847046,0.9980738162994385,1.375542163848877
000276,1.337072148999141e-06,0.0,0.11353965103626251,0.03004433400928974,0.11386626958847046,0.9939577579498291,1.375346064567566
001022,1.3190070831115008e-06,0.0,0.1136852502822876,0.03070773370563984,0.11386626958847046,0.9856706857681274,1.375467300415039
000369,8.182973409986971e-09,0.0,0.11384427547454834,0.041458409279584885,0.11386626958847046,0.9794654846191406,1.375563383102417
001225,1.63395341701289e-08,0.0,0.11382429301738739,0.031779106706380844,0.11386626958847046,0.9653624892234802,1.375553846359253
000129,9.166549261863111e-07,0.0,0.1137925535440445,0.03095279261469841,0.11386626958847046,0.9659767150878906,1.3755292892456055
000947,1.2951205690114875e-06,0.0,0.11359274387359619,0.030063912272453308,0.11386626958847046,0.9961739182472229,1.3753855228424072
000800,1.1836964404210448e-06,1.52587890625e-05,0.11369509994983673,0.030476771295070648,0.11386626958847046,0.9959819912910461,1.3754669427871704
000154,1.4644972452515503e-06,0.0,0.11375972628593445,0.032850202172994614,0.11386626958847046,0.9955081939697266,1.3755128383636475
001168,4.899380012801657e-09,0.0,0.11383452266454697,0.04437698423862457,0.11386626958847046,0.9994357824325562,1.3755581378936768
000602,1.4726276731380494e-06,0.0,0.11365266144275665,0.03004871867597103,0.11386626958847046,0.9998182058334351,1.3754292726516724
000210,2.4744831534917466e-06,0.0,0.11365314573049545,0.030064227059483528,0.11386626958847046,0.9818443059921265,1.3754416704177856
001284,2.522141926419863e-07,0.0,0.1136847734451294,0.030052153393626213,0.11386626958847046,0.9935650825500488,1.3754513263702393
000534,5.481469997903332e-07,0.0,0.11379803717136383,0.030096938833594322,0.11386626958847046,0.9968555569648743,1.3755338191986084
000814,1.3881871154808323e-06,1.52587890625e-05,0.11372196674346924,0.03006400167942047,0.11386626958847046,0.998562216758728,1.3754889965057373
000846,6.298423045336676e-07,0.0,0.1137317568063736,0.030194276943802834,0.11386626958847046,0.9920797944068909,1.3754935264587402
001132,3.451970087553491e-08,0.0,0.11382174491882324,0.03424547612667084,0.11386626958847046,0.9966362714767456,1.3755533695220947
000257,4.058732940848131e-07,0.0,0.11366791278123856,0.030044961720705032,0.11386626958847046,0.9966326951980591,1.3754372596740723
000688,2.068502453766996e-06,0.0,0.11373171210289001,0.03006388433277607,0.11386626958847046,0.9934130907058716,1.3754945993423462
001056,1.923910986079136e-06,0.0,0.11360569298267365,0.030047034844756126,0.11386626958847046,0.9974968433380127,1.3754048347473145
000430,9.88929059531074e-07,0.0,0.11351685225963593,0.030044199898838997,0.11386626958847046,0.9947928190231323,1.3753607273101807
000900,1.1429494861658895e-06,0.0,0.11370491981506348,0.030045079067349434,0.11386626958847046,0.9993540048599243,1.3754692077636719
000471,1.0611025800244533e-06,0.0,0.11352771520614624,0.03004576452076435,0.11386626958847046,0.9926233887672424,1.3753390312194824
000833,3.9631788695260184e-07,0.0,0.11379027366638184,0.030577443540096283,0.11386626958847046,0.9996771812438965,1.375531554222107
000171,5.085327074993984e-07,0.0,0.11377409845590591,0.030198069289326668,0.11386626958847046,0.9972213506698608,1.3755189180374146
000567,5.461870955514314e-07,0.0,0.11364565044641495,0.030061492696404457,0.11386626958847046,0.9985373020172119,1.3754256963729858
001043,1.5220898603729438e-06,0.0,0.11356167495250702,0.030044186860322952,0.11386626958847046,0.9973527789115906,1.375368595123291
000798,6.798715617151174e-07,0.0,0.11377821117639542,0.0335644856095314,0.11386626958847046,0.9993404150009155,1.3755236864089966
001085,6.352928494379739e-07,0.0,0.11367157101631165,0.03061552904546261,0.11386626958847046,0.995848536491394,1.3754552602767944
000895,8.039781960178516e-07,0.0,0.11370623111724854,0.030047133564949036,0.11386626958847046,0.9991568922996521,1.3754749298095703
001121,2.43652706899411e-08,0.0,0.1137596145272255,0.03870697319507599,0.11386626958847046,0.999040424823761,1.375514030456543
000979,1.4957678331484203e-06,0.0,0.11366429179906845,0.03006581962108612,0.11386626958847046,0.9972463846206665,1.3754396438598633
000363,1.7432057575206272e-08,0.0,0.11380673944950104,0.03894151374697685,0.11386626958847046,0.983679473400116,1.3755383491516113
000311,1.0626114317346946e-06,0.0,0.11360242962837219,0.03006589785218239,0.11386626958847046,0.9952839612960815,1.3753979206085205
000229,1.7283053921346436e-06,0.0,0.1135757565498352,0.030063927173614502,0.11386626958847046,0.9928537011146545,1.3753769397735596
000234,9.053225085153827e-07,0.0,0.11360602080821991,0.030063899233937263,0.11386626958847046,0.9941954016685486,1.375394582748413
001073,2.0193208456475986e-06,0.0,0.11355863511562347,0.03004535473883152,0.11386626958847046,0.9989805817604065,1.3753705024719238
000716,1.3379096799326362e-06,0.0,0.1135968416929245,0.030063912272453308,0.11386626958847046,0.9960360527038574,1.3753952980041504
001005,4.3512383740562655e-07,0.0,0.11361386626958847,0.030207404866814613,0.11386626958847046,0.9969613552093506,1.3754029273986816
001119,7.257466627663689e-09,0.0,0.11380794644355774,0.0344412587583065,0.11386626958847046,0.9015650749206543,1.375537395477295
001327,3.304186293462408e-07,0.0,0.11378081887960434,0.03035534918308258,0.11386626958847046,0.9875352382659912,1.3755254745483398
000754,6.867811634947429e-07,0.0,0.11382000893354416,0.03146428242325783,0.11386626958847046,0.9980619549751282,1.375547170639038
000245,5.498004611581564e-07,0.0,0.11367540061473846,0.030063891783356667,0.11386626958847046,0.9963572025299072,1.3754503726959229
000780,5.838945185132616e-07,0.0,0.11370103061199188,0.030970335006713867,0.11386626958847046,0.927977442741394,1.3754730224609375
000277,9.480924063609564e-07,1.52587890625e-05,0.11354474723339081,0.030054403468966484,0.11386626958847046,0.9989814758300781,1.3753554821014404
001052,1.0072008080896921e-06,0.0,0.11355423927307129,0.030063912272453308,0.11386626958847046,0.9961248636245728,1.3753652572631836
000856,3.3655172160251823e-07,0.0,0.11382447928190231,0.030520344153046608,0.11386626958847046,0.9979320764541626,1.375551700592041
000871,1.751454306031519e-06,0.0,0.11349757015705109,0.03004421666264534,0.11386626958847046,0.9985198974609375,1.3753212690353394
000531,6.45401485144248e-07,0.0,0.11381842195987701,0.030096005648374557,0.11386626958847046,0.9982243180274963,1.3755500316619873
000472,6.384246376001101e-07,0.0,0.11350253224372864,0.03006376139819622,0.11386626958847046,0.9877766966819763,1.3753234148025513
000083,4.5734243059314394e-09,0.0,0.1137925460934639,0.03005174919962883,0.11386626958847046,0.9992232322692871,1.375528335571289
000274,2.9770922083116602e-06,0.0,0.11360746622085571,0.03004552237689495,0.11386626958847046,0.9936503767967224,1.3754010200500488
000147,1.95989923668094e-06,0.0,0.11372426152229309,0.031783875077962875,0.11386626958847046,0.986000120639801,1.3754922151565552
000096,3.2419347917311825e-07,0.0,0.11371266096830368,0.03020326979458332,0.11386626958847046,0.9908456206321716,1.3754773139953613
000152,1.3149234519005404e-06,0.0,0.1136164590716362,0.030329633504152298,0.11386626958847046,0.9852169752120972,1.375412940979004
001158,3.6500736655398214e-08,0.0,0.113738514482975,0.03236265853047371,0.11386626958847046,0.9971560835838318,1.3755030632019043
000453,1.9697208699653856e-06,0.0,0.11336807906627655,0.030044175684452057,0.11386626958847046,0.9818524122238159,1.3752349615097046
000057,2.8820311470667548e-08,0.0,0.11383771896362305,0.046216171234846115,0.11386626958847046,0.9988844394683838,1.3755600452423096
000411,5.887417842131981e-08,0.0,0.1138397753238678,0.041869305074214935,0.11386626958847046,0.9795311689376831,1.375560998916626
000388,6.576885702713753e-09,0.0,0.11384430527687073,0.05382050201296806,0.11386626958847046,0.9907758235931396,1.375563144683838
000082,7.698796267163743e-09,0.0,0.11383514106273651,0.03709430247545242,0.11386626958847046,0.9990189671516418,1.3755598068237305
000655,6.931753659955575e-07,0.0,0.11364035308361053,0.02959597297012806,0.11386626958847046,0.9851852655410767,1.3754268884658813
000962,6.705981832055841e-07,0.0,0.11372248828411102,0.03007260337471962,0.11386626958847046,0.9986906051635742,1.3754792213439941
001086,1.1965324802076793e-06,0.0,0.11369340866804123,0.03005935251712799,0.11386626958847046,0.9982788562774658,1.3754734992980957
000539,1.1379670183941926e-07,0.0,0.11370539665222168,0.030063940212130547,0.11386626958847046,0.9990115761756897,1.3754652738571167
000381,6.031810162454576e-09,0.0,0.11382025480270386,0.04007422551512718,0.11386626958847046,0.9830089211463928,1.3755459785461426
000527,8.719903235032689e-07,0.0,0.11374823749065399,0.03006463684141636,0.11386626958847046,0.9993952512741089,1.375496506690979
000309,7.134929091989761e-07,0.0,0.11361744999885559,0.030046187341213226,0.11386626958847046,0.993046760559082,1.375402808189392
000065,1.1434938329557554e-08,0.0,0.11383627355098724,0.038958098739385605,0.11386626958847046,0.9975072741508484,1.3755578994750977
000418,2.885987271383783e-07,0.0,0.11366288363933563,0.030063975602388382,0.11386626958847046,0.9903676509857178,1.375443696975708
000306,7.533398616033082e-07,0.0,0.11347175389528275,0.03005809336900711,0.11386626958847046,0.9974825382232666,1.375305414199829
000469,7.065295903885271e-07,0.0,0.11369539052248001,0.030044717714190483,0.11386626958847046,0.9869363307952881,1.3754584789276123
000088,4.144157728092068e-08,0.0,0.11384395509958267,0.03744388371706009,0.11386626958847046,0.999823808670044,1.3755629062652588
001007,7.056169692987169e-07,0.0,0.113587386906147,0.03001311793923378,0.11386626958847046,0.9942541718482971,1.3753836154937744
000690,1.1609843113546958e-06,0.0,0.11370652914047241,0.030064044520258904,0.11386626958847046,0.9934860467910767,1.3754656314849854
000686,1.957143467734568e-06,1.52587890625e-05,0.11371303349733353,0.030123842880129814,0.11386626958847046,0.9949471354484558,1.3754801750183105
000428,8.767304393586528e-07,0.0,0.11350159347057343,0.03004434145987034,0.11386626958847046,0.9899902939796448,1.375328540802002
000605,3.2233162983175134e-07,0.0,0.11379115283489227,0.030231526121497154,0.11386626958847046,0.9589609503746033,1.3755300045013428
001067,1.8590310446597869e-06,0.0,0.11354945600032806,0.03005007840692997,0.11386626958847046,0.9997071027755737,1.3753573894500732
001025,1.5006038438514224e-06,1.52587890625e-05,0.11358669400215149,0.03006421960890293,0.11386626958847046,0.9984429478645325,1.3753833770751953
001245,1.718851194709714e-08,0.0,0.11383089423179626,0.03814956545829773,0.11386626958847046,0.9610937833786011,1.3755555152893066
001045,1.3343044429348083e-06,0.0,0.11365148425102234,0.03004593960940838,0.11386626958847046,0.9932782649993896,1.3754310607910156
000767,5.293190383781621e-07,0.0,0.11378315091133118,0.030554473400115967,0.11386626958847046,0.9987523555755615,1.3755295276641846
000728,1.0240331675959169e-06,0.0,0.11353777348995209,0.030063899233937263,0.11386626958847046,0.9799261689186096,1.3753490447998047
001065,1.5538228126388276e-06,0.0,0.1136704683303833,0.03004424087703228,0.11386626958847046,0.9969925284385681,1.3754501342773438
000540,4.927144914290693e-07,0.0,0.11382634937763214,0.03546569123864174,0.11386626958847046,0.9983688592910767,1.3755545616149902
000658,1.6573125094510033e-06,0.0,0.11367432773113251,0.030073760077357292,0.11386626958847046,0.9990096092224121,1.3754510879516602
000549,7.524523425672669e-06,0.0,0.11381805688142776,0.04462668299674988,0.11386626958847046,0.9958776235580444,1.3755552768707275
000522,4.301748958823737e-06,3.0517578125e-05,0.1132487952709198,0.029848353937268257,0.11386626958847046,0.9950479865074158,1.3751506805419922
000978,1.2222778877912788e-06,0.0,0.11367706954479218,0.030063940212130547,0.11386626958847046,0.9975635409355164,1.3754489421844482
000317,1.164212108051288e-06,0.0,0.11359070986509323,0.03005116432905197,0.11386626958847046,0.998774528503418,1.3753905296325684
000117,1.316077714363928e-06,0.0,0.11370977014303207,0.030138110741972923,0.11386626958847046,0.9739491939544678,1.3754793405532837
000184,1.4514944268739782e-06,0.0,0.11364154517650604,0.030063912272453308,0.11386626958847046,0.9968053102493286,1.375430941581726
000631,1.5406330078349129e-07,0.0,0.11382554471492767,0.03195550665259361,0.11386626958847046,0.9966369271278381,1.3755548000335693
000459,1.542109885122045e-06,0.0,0.1136137992143631,0.030044853687286377,0.11386626958847046,0.9886583089828491,1.375403642654419
000804,9.846546618064167e-07,0.0,0.11365670710802078,0.03006530925631523,0.11386626958847046,0.9973248243331909,1.3754417896270752
000819,1.3597768884210382e-06,0.0,0.11360849440097809,0.030064275488257408,0.11386626958847046,0.9678966999053955,1.3754026889801025
001048,9.288947353525145e-07,0.0,0.1136513352394104,0.030948476865887642,0.11386626958847046,0.9998931288719177,1.3754346370697021
000271,7.69418363688601e-07,0.0,0.11366204917430878,0.030063878744840622,0.11386626958847046,0.9985013604164124,1.3754401206970215
000358,5.852623274904545e-09,0.0,0.11380046606063843,0.047209352254867554,0.11386626958847046,0.9961199760437012,1.3755379915237427
000670,9.669696510172798e-07,0.0,0.1137748658657074,0.03254494443535805,0.11386626958847046,0.9903759360313416,1.3755195140838623
000145,7.82183519731916e-07,0.0,0.11380621045827866,0.03117447718977928,0.11386626958847046,0.9982119798660278,1.3755416870117188
000118,1.106076979340287e-06,0.0,0.11361768841743469,0.03005850315093994,0.11386626958847046,0.9482557773590088,1.3754065036773682
000239,3.0385963327717036e-06,0.0,0.11329690366983414,0.030044199898838997,0.11386626958847046,0.9965357184410095,1.3751840591430664
000126,2.8779317062799237e-07,0.0,0.11379989236593246,0.030067957937717438,0.11386626958847046,0.9954500794410706,1.3755319118499756
000115,5.789809165435145e-07,0.0,0.11372203379869461,0.03004545345902443,0.11386626958847046,0.9799743890762329,1.3754909038543701
001171,1.2006385219365256e-08,0.0,0.1138283759355545,0.04852716624736786,0.11386626958847046,0.9981831312179565,1.375554084777832
000497,1.484580366195587e-06,0.0,0.11341333389282227,0.030046649277210236,0.11386626958847046,0.9868431091308594,1.3752646446228027
000847,1.1888834023920936e-06,0.0,0.11362511664628983,0.03005026839673519,0.11386626958847046,0.9919167757034302,1.3754146099090576
000462,1.2164576901341206e-06,0.0,0.11356648802757263,0.03006388433277607,0.11386626958847046,0.990485668182373,1.3753743171691895
000604,3.884142785182121e-08,0.0,0.11376567929983139,0.030483201146125793,0.11386626958847046,0.9833135008811951,1.3755085468292236
000223,9.336854418506846e-07,0.0,0.11373648047447205,0.03101750835776329,0.11386626958847046,0.9991430044174194,1.375495433807373
000810,1.4954564448999008e-06,0.0,0.1136222779750824,0.030056431889533997,0.11386626958847046,0.9754064083099365,1.3754130601882935
000938,1.5972746041370556e-06,0.0,0.11360752582550049,0.03006388433277607,0.11386626958847046,0.9930042028427124,1.3754075765609741
000460,2.54523638432147e-06,1.52587890625e-05,0.11362592875957489,0.030044881626963615,0.11386626958847046,0.9865120649337769,1.3754174709320068
001001,1.5776327018102165e-06,0.0,0.11372315883636475,0.03084252029657364,0.11386626958847046,0.9937161207199097,1.3754854202270508
001108,3.224818101443816e-08,0.0,0.11384183913469315,0.043380361050367355,0.11386626958847046,0.9983483552932739,1.3755626678466797
000826,8.848329571264912e-07,0.0,0.11361478269100189,0.030068278312683105,0.11386626958847046,0.9992516040802002,1.3754074573516846
001252,1.5054503421652043e-07,0.0,0.1136537715792656,0.030044175684452057,0.11386626958847046,0.9992653727531433,1.3754303455352783
000981,6.947902306819742e-07,0.0,0.11363517493009567,0.030044689774513245,0.11386626958847046,0.9958887100219727,1.3754220008850098
000429,8.061437597461918e-07,0.0,0.11351655423641205,0.030046090483665466,0.11386626958847046,0.9903420805931091,1.375343680381775
001277,2.4450389446428744e-06,0.0,0.11349083483219147,0.030044568702578545,0.11386626958847046,0.990870475769043,1.3753238916397095
001080,1.978575710381847e-06,0.0,0.11359521001577377,0.030063843354582787,0.11386626958847046,0.9984116554260254,1.3753955364227295
000707,1.6094595594040584e-06,0.0,0.11365669965744019,0.03006398119032383,0.11386626958847046,0.9969601631164551,1.375439167022705
000221,1.6746242863519e-06,0.0,0.11351746320724487,0.030045099556446075,0.11386626958847046,0.9938099384307861,1.375335931777954
000265,1.344857736285121e-07,0.0,0.11372068524360657,0.03004514053463936,0.11386626958847046,0.9945375919342041,1.3754768371582031
000672,9.527047382107412e-07,0.0,0.11373639106750488,0.03006584383547306,0.11386626958847046,0.9926130771636963,1.3754942417144775
000752,1.2762679091338214e-07,0.0,0.1137896478176117,0.048140060156583786,0.11386626958847046,0.9964732527732849,1.3755314350128174
000481,1.8487039596948307e-06,0.0,0.11328594386577606,0.030033977702260017,0.11386626958847046,0.9853644371032715,1.3751758337020874
000384,1.2493727830076296e-08,0.0,0.11372748762369156,0.033767376095056534,0.11386626958847046,0.9871222972869873,1.375497817993164
000236,4.683661529725214e-07,0.0,0.11361841857433319,0.03004450723528862,0.11386626958847046,0.993135392665863,1.3754065036773682
000125,3.6911461620547925e-07,0.0,0.11381640285253525,0.03107612207531929,0.11386626958847046,0.9881680011749268,1.375549554824829
000892,1.5288767372112488e-06,0.0,0.11366274207830429,0.030064178630709648,0.11386626958847046,0.997889518737793,1.3754429817199707
000238,8.230742309933703e-07,0.0,0.11351913213729858,0.030049176886677742,0.11386626958847046,0.9930020570755005,1.375333547592163
000639,6.20269702267251e-07,0.0,0.11378158628940582,0.03068636730313301,0.11386626958847046,0.9849839210510254,1.375523567199707
000914,6.235525802367192e-07,0.0,0.11368288844823837,0.030092231929302216,0.11386626958847046,0.9990077018737793,1.3754549026489258
000432,1.932053692144109e-06,0.0,0.11339309811592102,0.030044827610254288,0.11386626958847046,0.9893019199371338,1.3752496242523193
000489,2.0833767848671414e-06,1.52587890625e-05,0.11348860710859299,0.03004566766321659,0.11386626958847046,0.9903694987297058,1.3753317594528198
000513,2.162831151508726e-06,0.0,0.11325070261955261,0.03004419431090355,0.11386626958847046,0.9862990379333496,1.3751511573791504
000114,5.598023449238099e-07,0.0,0.1136859804391861,0.030063636600971222,0.11386626958847046,0.9724305868148804,1.3754515647888184
000719,2.0674233383033425e-06,0.0,0.113646499812603,0.030046097934246063,0.11386626958847046,0.9786266684532166,1.3754302263259888
000643,1.2015807442367077e-06,0.0,0.11372508108615875,0.03509867936372757,0.11386626958847046,0.9936753511428833,1.3754935264587402
000994,1.1712306786648696e-06,0.0,0.11369141936302185,0.03246157243847847,0.11386626958847046,0.9965556263923645,1.3754749298095703
000712,4.331358013587305e-06,1.52587890625e-05,0.1137174516916275,0.03269360959529877,0.11386626958847046,0.9965769052505493,1.3754955530166626
000242,2.862039764295332e-06,1.52587890625e-05,0.11336961388587952,0.030044231563806534,0.11386626958847046,0.9930312633514404,1.375243902206421
001207,2.3104069768464797e-08,0.0,0.1137852594256401,0.03286696970462799,0.11386626958847046,0.999634325504303,1.3755261898040771
000201,3.0051503472350305e-06,0.0,0.11358325183391571,0.0300669576972723,0.11386626958847046,0.9731816053390503,1.3753833770751953
001312,2.2267192889557919e-07,0.0,0.11360913515090942,0.03004518896341324,0.11386626958847046,0.9874626994132996,1.3753957748413086
000524,7.842551781322982e-07,0.0,0.11379985511302948,0.030911428853869438,0.11386626958847046,0.9987661838531494,1.3755362033843994
000198,1.2143810863562976e-06,0.0,0.113614022731781,0.03006407432258129,0.11386626958847046,0.981582760810852,1.3754140138626099
000543,2.9781853072563536e-07,0.0,0.11377517879009247,0.03008119948208332,0.11386626958847046,0.99906325340271,1.3755152225494385
000028,2.080375693935821e-08,0.0,0.11381235718727112,0.03423001617193222,0.11386626958847046,0.9768209457397461,1.3755409717559814
001323,9.378163099427184e-07,0.0,0.11364714801311493,0.03006388433277607,0.11386626958847046,0.9922698736190796,1.3754305839538574
000331,7.795173395663824e-09,0.0,0.11370722204446793,0.03439453989267349,0.11386626958847046,0.9932211637496948,1.3754792213439941
000222,1.1132422059745295e-06,0.0,0.11376732587814331,0.03006393276154995,0.11386626958847046,0.985227108001709,1.3755090236663818
000869,1.7249036545763374e-06,1.52587890625e-05,0.11356805264949799,0.0300521831959486,0.11386626958847046,0.9981796145439148,1.3753721714019775
000692,1.9420722310314886e-06,0.0,0.11372680217027664,0.030994582921266556,0.11386626958847046,0.9826364517211914,1.3754938840866089
000842,3.97651604089333e-07,0.0,0.11371942609548569,0.030064068734645844,0.11386626958847046,0.9918187856674194,1.3754733800888062
000795,1.5584846551064402e-06,0.0,0.11373855173587799,0.033682022243738174,0.11386626958847046,0.9930167198181152,1.375504493713379
001078,1.1662689303193474e-06,0.0,0.11360233277082443,0.030045391991734505,0.11386626958847046,0.9996505975723267,1.3753924369812012
000896,8.216175615416432e-07,0.0,0.11365455389022827,0.03095632791519165,0.11386626958847046,0.999435305595398,1.3754335641860962
000052,1.053002129935976e-08,0.0,0.11384233832359314,0.04122544825077057,0.11386626958847046,0.9997838735580444,1.375563144683838
001256,1.400940618623281e-06,0.0,0.1135941669344902,0.030053235590457916,0.11386626958847046,0.927735447883606,1.3753873109817505
000292,1.527617655483482e-06,1.52587890625e-05,0.11342692375183105,0.030044175684452057,0.11386626958847046,0.9971587657928467,1.3752695322036743
000070,3.5064925185679385e-08,0.0,0.11384594440460205,0.03664757311344147,0.11386626958847046,0.9995344877243042,1.3755640983581543
000443,1.243148972207564e-06,0.0,0.11359791457653046,0.030054137110710144,0.11386626958847046,0.9903554916381836,1.3753920793533325
000343,6.348800596356341e-09,0.0,0.11384756863117218,0.05840131640434265,0.11386626958847046,0.9886507987976074,1.3755650520324707
000504,3.651097586043761e-06,0.0,0.11359114944934845,0.0300443135201931,0.11386626958847046,0.9964944124221802,1.3754088878631592
000203,1.2435757525963709e-06,0.0,0.11361492425203323,0.03006395325064659,0.11386626958847046,0.9961024522781372,1.3754074573516846
000204,1.2193581824249122e-06,0.0,0.1136985644698143,0.03006407804787159,0.11386626958847046,0.9968727827072144,1.375468134880066
000943,1.588535042174044e-06,0.0,0.11347364634275436,0.030045870691537857,0.11386626958847046,0.9917126297950745,1.3753057718276978
000886,1.3110659438098082e-06,0.0,0.11369587481021881,0.030064091086387634,0.11386626958847046,0.9986951351165771,1.375467300415039
000337,5.557353688345756e-09,0.0,0.11385028064250946,0.042456235736608505,0.11386626958847046,0.9880071878433228,1.3755652904510498
000146,1.1624573517110548e-06,0.0,0.11369823664426804,0.030511485412716866,0.11386626958847046,0.9910991191864014,1.3754637241363525
000778,1.5018820249679266e-06,0.0,0.11369641125202179,0.03014090098440647,0.11386626958847046,0.991248607635498,1.3754677772521973
001051,9.902099691316835e-07,0.0,0.11357936263084412,0.03006414696574211,0.11386626958847046,0.9981728792190552,1.3753727674484253
000121,1.6911402553887456e-06,0.0,0.11372314393520355,0.030973127111792564,0.11386626958847046,0.9885940551757812,1.3754935264587402
000196,1.1255730214543291e-06,0.0,0.11377248913049698,0.030064377933740616,0.11386626958847046,0.9607492685317993,1.3755135536193848
000647,9.412647159479093e-07,0.0,0.11368656158447266,0.03011947125196457,0.11386626958847046,0.9752827882766724,1.3754603862762451
001182,4.286556887223014e-08,0.0,0.11384245753288269,0.03812464326620102,0.11386626958847046,0.9998111724853516,1.375564455986023
000972,8.159545927810541e-07,0.0,0.11368860304355621,0.030044881626963615,0.11386626958847046,0.9946610927581787,1.3754589557647705
000750,2.6615509796101833e-07,0.0,0.11383144557476044,0.045740459114313126,0.11386626958847046,0.9949747920036316,1.3755548000335693
000568,1.1782451565522933e-06,0.0,0.11365413665771484,0.030056139454245567,0.11386626958847046,0.9973496198654175,1.3754305839538574
000585,1.1644532378340955e-06,0.0,0.113661989569664,0.030044162645936012,0.11386626958847046,0.9976851940155029,1.3754380941390991
000925,1.078470404536347e-06,0.0,0.11362875998020172,0.030063927173614502,0.11386626958847046,0.9991350173950195,1.3754169940948486
001295,5.803710882901214e-05,3.0517578125e-05,0.11364641785621643,0.03945240378379822,0.11386626958847046,0.9918198585510254,1.3754961490631104
000280,3.998560771378834e-07,0.0,0.11355829238891602,0.030044162645936012,0.11386626958847046,0.974420428276062,1.3753583431243896
000741,1.801901703402109e-06,0.0,0.11350854486227036,0.030061524361371994,0.11386626958847046,0.9920964241027832,1.3753317594528198
000360,1.1474359240537524e-08,0.0,0.11384055763483047,0.0420411042869091,0.11386626958847046,0.9747202396392822,1.3755638599395752
000969,1.328911935161159e-06,0.0,0.11349903047084808,0.030044661834836006,0.11386626958847046,0.9966444969177246,1.3753204345703125
000042,3.881678090067453e-09,0.0,0.11381736397743225,0.03198530152440071,0.11386626958847046,0.9982582926750183,1.3755443096160889
000087,7.87471066132639e-09,0.0,0.11370426416397095,0.030063899233937263,0.11386626958847046,0.9936661124229431,1.3754653930664062
000975,6.631312317040283e-07,0.0,0.11364492774009705,0.031120002269744873,0.11386626958847046,0.993421733379364,1.3754322528839111
000877,7.749174528726144e-07,0.0,0.11374202370643616,0.030065665021538734,0.11386626958847046,0.9995144605636597,1.3754966259002686
000942,7.659807579329936e-07,0.0,0.11366227269172668,0.030984288081526756,0.11386626958847046,0.994895875453949,1.3754456043243408
000998,8.88884187588701e-07,0.0,0.11356301605701447,0.030051374807953835,0.11386626958847046,0.9964004755020142,1.3753666877746582
000356,4.048508195353406e-09,0.0,0.11380718648433685,0.035350069403648376,0.11386626958847046,0.9952369928359985,1.3755378723144531
000697,1.3487234582498786e-06,1.52587890625e-05,0.11371153593063354,0.030086040496826172,0.11386626958847046,0.9967703819274902,1.3754849433898926
000403,3.9838090515331714e-07,0.0,0.11383147537708282,0.03824220225214958,0.11386626958847046,0.9903064966201782,1.3755582571029663
000208,1.2115380059185554e-06,0.0,0.11376498639583588,0.030061917379498482,0.11386626958847046,0.9970889687538147,1.3755106925964355
000514,3.8326788853737526e-06,0.0,0.11351004242897034,0.030045034363865852,0.11386626958847046,0.9930351972579956,1.3753507137298584
000401,8.129462685246835e-07,0.0,0.11381566524505615,0.03782441094517708,0.11386626958847046,0.9831863641738892,1.375551700592041
000248,5.06051549109543e-07,0.0,0.11360465735197067,0.03004438243806362,0.11386626958847046,0.9927252531051636,1.3753929138183594
000758,5.980891728540882e-07,0.0,0.11375582218170166,0.030191540718078613,0.11386626958847046,0.9866064786911011,1.3755099773406982
001192,3.8331320340034836e-09,0.0,0.11382362246513367,0.037870895117521286,0.11386626958847046,0.9992260336875916,1.3755524158477783
001282,1.1817055565188639e-06,0.0,0.11375822871923447,0.03026261180639267,0.11386626958847046,0.9951800107955933,1.3755098581314087
000876,6.626207209592394e-07,0.0,0.11366716772317886,0.03299354016780853,0.11386626958847046,0.9990940093994141,1.3754568099975586
000764,3.0831017738819355e-07,0.0,0.11377135664224625,0.0300929993391037,0.11386626958847046,0.9933470487594604,1.375517725944519
000445,6.839517254775274e-07,0.0,0.11366340517997742,0.030054805800318718,0.11386626958847046,0.9896343946456909,1.3754359483718872
000865,6.999567858656519e-07,0.0,0.11369433999061584,0.029810845851898193,0.11386626958847046,0.993207573890686,1.375459909439087
000564,2.8559743441292085e-06,0.0,0.11350210756063461,0.03004414588212967,0.11386626958847046,0.9983968138694763,1.3753305673599243
000149,1.4038602103028097e-06,0.0,0.11374765634536743,0.03006485104560852,0.11386626958847046,0.9836141467094421,1.375504970550537
000584,7.261994028340268e-07,0.0,0.11370373517274857,0.030044162645936012,0.11386626958847046,0.9984066486358643,1.3754723072052002
001019,1.0879000456043286e-06,0.0,0.1137218177318573,0.031048936769366264,0.11386626958847046,0.9293602108955383,1.3754887580871582
001017,1.4703011856909143e-06,0.0,0.11357477307319641,0.03004428558051586,0.11386626958847046,0.988264262676239,1.3753726482391357
000308,8.205761901081132e-07,0.0,0.11360166221857071,0.030044199898838997,0.11386626958847046,0.9937136173248291,1.375400185585022
001318,1.1329204880894395e-06,1.52587890625e-05,0.1137004941701889,0.02974776178598404,0.11386626958847046,0.9891417026519775,1.3754663467407227
000018,6.386122208823508e-08,0.0,0.1138339638710022,0.039776042103767395,0.11386626958847046,0.9994701147079468,1.3755574226379395
000056,4.264606445758545e-09,0.0,0.11379876732826233,0.030619731172919273,0.11386626958847046,0.999580442905426,1.3755313158035278
000232,7.77364519422008e-08,0.0,0.11373963952064514,0.030629685148596764,0.11386626958847046,0.9970502853393555,1.3755054473876953
000777,6.545235464727739e-07,0.0,0.11374737322330475,0.033279694616794586,0.11386626958847046,0.9900176525115967,1.3755035400390625
000328,4.887164006817102e-09,0.0,0.11384886503219604,0.047352083027362823,0.11386626958847046,0.9952189922332764,1.375565528869629
001217,2.579085212062182e-08,0.0,0.11381492018699646,0.036869294941425323,0.11386626958847046,0.99738609790802,1.375551462173462
001219,4.281297805164286e-08,0.0,0.11377442628145218,0.03107418492436409,0.11386626958847046,0.9989122152328491,1.3755195140838623
000577,2.4291765043926716e-07,0.0,0.11367404460906982,0.03006352297961712,0.11386626958847046,0.997370719909668,1.3754432201385498
000383,1.0214176171530198e-08,0.0,0.11383968591690063,0.05028953403234482,0.11386626958847046,0.978914737701416,1.3755592107772827
001276,2.9159855330362916e-07,0.0,0.11361539363861084,0.03004414588212967,0.11386626958847046,0.9993808269500732,1.3753974437713623
000929,1.317976284553879e-06,0.0,0.11361192166805267,0.030063940212130547,0.11386626958847046,0.9996233582496643,1.37540864944458
000354,4.867931835406125e-09,0.0,0.11381354928016663,0.03489456698298454,0.11386626958847046,0.9927575588226318,1.375542402267456
000029,1.5743298220627366e-08,0.0,0.11384598910808563,0.04734504967927933,0.11386626958847046,0.9968663454055786,1.3755650520324707
001118,3.613600441099152e-08,0.0,0.11380437016487122,0.03205596283078194,0.11386626958847046,0.9304422736167908,1.375537395477295
000006,7.288811332273326e-08,0.0,0.11383166909217834,0.04066755250096321,0.11386626958847046,0.9997293949127197,1.3755571842193604
000105,7.977819223015103e-07,0.0,0.11374189704656601,0.030017534270882607,0.11386626958847046,0.9882568717002869,1.3755018711090088
000486,1.1061312079618801e-06,0.0,0.11356665194034576,0.030044537037611008,0.11386626958847046,0.9917807579040527,1.375367522239685
000074,2.074777682992135e-08,0.0,0.1138395220041275,0.04676377400755882,0.11386626958847046,0.9992329478263855,1.375561237335205
000275,7.100247785274405e-07,0.0,0.11355647444725037,0.030044162645936012,0.11386626958847046,0.9982306361198425,1.375373125076294
001189,3.863777298107607e-09,0.0,0.11384160816669464,0.03269084542989731,0.11386626958847046,0.9956700205802917,1.3755614757537842
000612,1.2564547091642453e-07,0.0,0.11375683546066284,0.030494628474116325,0.11386626958847046,0.9838928580284119,1.3755037784576416
000008,1.93060759556829e-06,1.52587890625e-05,0.1138002872467041,0.0327112078666687,0.11386626958847046,0.998971164226532,1.375540018081665
001093,1.9435065041761845e-06,3.0517578125e-05,0.11368012428283691,0.030796706676483154,0.11386626958847046,0.9940472841262817,1.3754630088806152
000034,2.8764750581444787e-08,0.0,0.11379675567150116,0.03095036931335926,0.11386626958847046,0.9693418741226196,1.3755309581756592
000949,8.855247983774461e-07,0.0,0.11362721025943756,0.03052845597267151,0.11386626958847046,0.9899396896362305,1.3754076957702637
000039,2.837090207208348e-08,0.0,0.1138380840420723,0.04104204103350639,0.11386626958847046,0.9988656044006348,1.3755626678466797
001138,1.7493093196208065e-08,0.0,0.1137654185295105,0.03496440127491951,0.11386626958847046,0.9664161801338196,1.3755146265029907
000677,1.3218682397564407e-06,1.52587890625e-05,0.11367860436439514,0.03006577119231224,0.11386626958847046,0.9885073304176331,1.375450611114502
001198,3.896211353549006e-08,0.0,0.11372455209493637,0.03080783225595951,0.11386626958847046,0.9963600635528564,1.3754916191101074
000696,2.3567060907225823e-06,0.0,0.11369116604328156,0.030063968151807785,0.11386626958847046,0.9916732311248779,1.3754689693450928
001230,1.7478972935691672e-08,0.0,0.11361962556838989,0.03008064441382885,0.11386626958847046,0.9992029070854187,1.3754210472106934
000590,1.7054020418072469e-06,0.0,0.1136544793844223,0.03004724532365799,0.11386626958847046,0.9989101886749268,1.375429391860962
001243,3.6960500437999144e-07,0.0,0.11369220912456512,0.03112516738474369,0.11386626958847046,0.9965013861656189,1.3754572868347168
000323,1.9286014776298543e-06,0.0,0.11342108249664307,0.03004501573741436,0.11386626958847046,0.9878427386283875,1.375281810760498
001032,2.1695832401746884e-06,0.0,0.11364107578992844,0.030064202845096588,0.11386626958847046,0.9989588260650635,1.3754345178604126
000488,7.390619884972693e-07,0.0,0.11372607946395874,0.03095433861017227,0.11386626958847046,0.9880305528640747,1.3754916191101074
000413,2.890720338655228e-07,0.0,0.11366663873195648,0.03004891239106655,0.11386626958847046,0.9874122142791748,1.3754427433013916
000700,2.0267448235244956e-06,0.0,0.11367307603359222,0.03006395325064659,0.11386626958847046,0.999207615852356,1.3754537105560303
000854,8.399298394579091e-07,0.0,0.11379402130842209,0.03006630577147007,0.11386626958847046,0.9964592456817627,1.3755309581756592
000217,1.3315179785422515e-06,0.0,0.11360549926757812,0.030063988640904427,0.11386626958847046,0.972779393196106,1.3753997087478638
000101,1.300158601225121e-06,0.0,0.11367739737033844,0.030065609142184258,0.11386626958847046,0.9908692836761475,1.375456690788269
000518,2.064071168206283e-06,0.0,0.11342088878154755,0.03004496730864048,0.11386626958847046,0.9815905094146729,1.3752861022949219
000578,1.8232537968287943e-06,0.0,0.11359401047229767,0.030044151470065117,0.11386626958847046,0.9993010759353638,1.375389575958252
000950,5.729194754167111e-07,0.0,0.11362013220787048,0.030005235224962234,0.11386626958847046,0.987497091293335,1.375402569770813
000031,7.477873253947109e-08,0.0,0.11376447975635529,0.030861645936965942,0.11386626958847046,0.9997115731239319,1.375517725944519
000888,8.431765650129819e-07,0.0,0.11372348666191101,0.03028109297156334,0.11386626958847046,0.9911366105079651,1.375482201576233
000256,1.5425219999087858e-06,1.52587890625e-05,0.11326045542955399,0.03002636320888996,0.11386626958847046,0.9979434609413147,1.3751559257507324
000419,2.902974642893241e-07,0.0,0.11379620432853699,0.03218593820929527,0.11386626958847046,0.9596284031867981,1.3755338191986084
000035,2.387570816608786e-07,0.0,0.11382974684238434,0.045692987740039825,0.11386626958847046,0.9875128865242004,1.3755574226379395
000872,1.3305110542205512e-06,1.52587890625e-05,0.11350409686565399,0.030064385384321213,0.11386626958847046,0.9949530959129333,1.3753440380096436
001147,4.2771612918102164e-09,0.0,0.11384004354476929,0.03903819993138313,0.11386626958847046,0.9954396486282349,1.3755600452423096
001033,2.0364258546123892e-07,0.0,0.1135217547416687,0.030948301777243614,0.11386626958847046,0.9973076581954956,1.375340461730957
000991,8.378827942578937e-07,0.0,0.1136738508939743,0.030098317191004753,0.11386626958847046,0.9959301948547363,1.3754478693008423
001113,1.3016971500690033e-08,0.0,0.11383283138275146,0.03270595148205757,0.11386626958847046,0.99595046043396,1.375556468963623
000884,8.276605854007357e-07,0.0,0.11366955935955048,0.03144776448607445,0.11386626958847046,0.9988031387329102,1.375454306602478
001292,7.177034149208339e-07,0.0,0.11383207142353058,0.04039241373538971,0.11386626958847046,0.9944294095039368,1.3755605220794678
000235,8.594266205363965e-07,0.0,0.11361265182495117,0.030044199898838997,0.11386626958847046,0.9996978044509888,1.3753987550735474
000185,1.7152254940810963e-06,0.0,0.11365935206413269,0.03023216687142849,0.11386626958847046,0.9877977967262268,1.375443458557129
000404,1.7432463437216938e-06,0.0,0.11371929198503494,0.030067026615142822,0.11386626958847046,0.9966245889663696,1.3754842281341553
001071,8.313127750625426e-07,0.0,0.11366976797580719,0.03016289882361889,0.11386626958847046,0.9993687272071838,1.3754513263702393
000340,7.161089055074399e-09,0.0,0.11380842328071594,0.03574828431010246,0.11386626958847046,0.982562780380249,1.3755390644073486
000387,1.0079530099460499e-08,0.0,0.11384381353855133,0.05492458865046501,0.11386626958847046,0.995922327041626,1.3755645751953125
000990,9.064617074727721e-07,0.0,0.11370199918746948,0.03006729856133461,0.11386626958847046,0.9980337619781494,1.3754688501358032
000254,2.1601736079901457e-06,0.0,0.11330625414848328,0.02992974780499935,0.11386626958847046,0.9831210374832153,1.375196933746338
000953,2.8958961593161803e-06,0.0,0.11350253224372864,0.030048171058297157,0.11386626958847046,0.9939040541648865,1.3753242492675781
000770,5.805682690152025e-07,0.0,0.11379995942115784,0.03586942330002785,0.11386626958847046,0.9996722936630249,1.3755407333374023
000241,1.1773109918067348e-06,0.0,0.113360695540905,0.03004414588212967,0.11386626958847046,0.9943435192108154,1.3752206563949585
000559,4.539925555491209e-07,0.0,0.1136532872915268,0.03006388433277607,0.11386626958847046,0.9972857236862183,1.3754268884658813
000357,2.4422510236377093e-08,0.0,0.11375568807125092,0.03296075388789177,0.11386626958847046,0.9900686740875244,1.375500202178955
000905,1.6329826166838757e-06,0.0,0.11357010900974274,0.030057338997721672,0.11386626958847046,0.9989042282104492,1.375378131866455
000068,2.7668402680092186e-08,0.0,0.11379064619541168,0.03866632655262947,0.11386626958847046,0.9997314810752869,1.375532627105713
000097,1.1597097682169988e-06,0.0,0.1137753278017044,0.030290644615888596,0.11386626958847046,0.9654461741447449,1.3755251169204712
000108,3.909992756234715e-07,0.0,0.11380482465028763,0.030240502208471298,0.11386626958847046,0.9924603700637817,1.3755346536636353
000618,6.1096227454982e-07,0.0,0.11377477645874023,0.030446061864495277,0.11386626958847046,0.9878779053688049,1.3755195140838623
000982,1.996405217141728e-06,0.0,0.11349355429410934,0.030046703293919563,0.11386626958847046,0.9975340962409973,1.37532639503479
000743,2.6843063096748665e-06,0.0,0.11370377242565155,0.030054846778512,0.11386626958847046,0.9980620741844177,1.375471830368042
000279,2.6496326199776377e-07,0.0,0.11354218423366547,0.030044689774513245,0.11386626958847046,0.9763390421867371,1.3753480911254883
000824,1.8470914255885873e-06,0.0,0.11370627582073212,0.031187288463115692,0.11386626958847046,0.9905291795730591,1.3754856586456299
001058,9.84491634881124e-07,0.0,0.11371005326509476,0.03004787117242813,0.11386626958847046,0.9973577260971069,1.375474452972412
000681,1.3943508747615851e-06,0.0,0.11371223628520966,0.03198859468102455,0.11386626958847046,0.9907203316688538,1.3754844665527344
001196,9.324352845396788e-09,0.0,0.11383615434169769,0.030154161155223846,0.11386626958847046,0.9953130483627319,1.3755567073822021
001275,3.0066479439483373e-07,0.0,0.11359241604804993,0.030044369399547577,0.11386626958847046,0.9992135763168335,1.3753830194473267
000760,1.0480641776666744e-06,0.0,0.11379560083150864,0.036119602620601654,0.11386626958847046,0.9845459461212158,1.3755416870117188
000089,2.2768411156448565e-08,0.0,0.1136956661939621,0.030948298051953316,0.11386626958847046,0.9936479330062866,1.3754665851593018
000054,1.6102987387967005e-08,0.0,0.1137835830450058,0.035386018455028534,0.11386626958847046,0.9982911348342896,1.375533938407898
000624,3.3764237628020055e-07,0.0,0.1137503832578659,0.030090613290667534,0.11386626958847046,0.9997122287750244,1.375502109527588
000987,5.871983717042895e-07,0.0,0.11361297219991684,0.030948860570788383,0.11386626958847046,0.9982645511627197,1.3754043579101562
001179,6.659374918172034e-08,0.0,0.11381205171346664,0.034143172204494476,0.11386626958847046,0.9993240833282471,1.3755412101745605
000338,5.105174061270645e-09,0.0,0.11384698748588562,0.05294414237141609,0.11386626958847046,0.9954873323440552,1.375565528869629
000206,1.599074948899215e-06,0.0,0.11363545060157776,0.03006395325064659,0.11386626958847046,0.9908914566040039,1.3754322528839111
000177,1.6329051959473873e-06,0.0,0.11360199749469757,0.030051497742533684,0.11386626958847046,0.989228367805481,1.3753933906555176
000565,1.0516669135540724e-06,0.0,0.11367937177419662,0.030044151470065117,0.11386626958847046,0.999171793460846,1.3754535913467407
001134,8.303420173660925e-09,0.0,0.11383112519979477,0.03837837278842926,0.11386626958847046,0.9998217821121216,1.3755595684051514
000130,9.749958280735882e-07,0.0,0.11368467658758163,0.030059199780225754,0.11386626958847046,0.9321346282958984,1.3754613399505615
000952,9.742930160427932e-07,0.0,0.11366677284240723,0.030063940212130547,0.11386626958847046,0.990074634552002,1.3754419088363647
001082,1.2176624295534566e-06,0.0,0.11353637278079987,0.030061492696404457,0.11386626958847046,0.9972636699676514,1.3753538131713867
000136,1.2041761010550545e-06,0.0,0.11375921219587326,0.030064774677157402,0.11386626958847046,0.9899948835372925,1.375512719154358
000551,2.0614193090295885e-06,0.0,0.11358948051929474,0.03004426509141922,0.11386626958847046,0.9984149932861328,1.3753855228424072
000288,7.217619781840767e-07,0.0,0.11371610313653946,0.030063968151807785,0.11386626958847046,0.9977054595947266,1.3754796981811523
000619,3.978488791744894e-07,0.0,0.11380897462368011,0.03159491717815399,0.11386626958847046,0.9489340782165527,1.3755388259887695
000852,6.582611717931286e-07,0.0,0.11363700032234192,0.03006414696574211,0.11386626958847046,0.9946330785751343,1.3754264116287231
001165,2.5769075762127613e-09,0.0,0.11380097270011902,0.03176295384764671,0.11386626958847046,0.9986929893493652,1.375537633895874
000321,2.0615282210201258e-06,0.0,0.11342491209506989,0.03004428558051586,0.11386626958847046,0.9910588264465332,1.3752715587615967
001231,4.1570498154896995e-09,0.0,0.11382308602333069,0.031896427273750305,0.11386626958847046,0.9956455826759338,1.3755539655685425
000501,1.546530143059499e-06,0.0,0.11340805143117905,0.030049072578549385,0.11386626958847046,0.9895807504653931,1.3752650022506714
000393,1.098782931308051e-08,0.0,0.11380621790885925,0.04780202731490135,0.11386626958847046,0.9853569269180298,1.3755395412445068
000372,5.125775004444222e-08,0.0,0.11381127685308456,0.0497492216527462,0.11386626958847046,0.9704967737197876,1.3755457401275635
000512,2.654900981724495e-06,0.0,0.11337593197822571,0.030044633895158768,0.11386626958847046,0.9858150482177734,1.3752400875091553
000424,2.2301489934761776e-06,0.0,0.11320319771766663,0.030048150569200516,0.11386626958847046,0.9940791130065918,1.3751194477081299
001211,2.4153298028295467e-08,0.0,0.11382612586021423,0.03650454804301262,0.11386626958847046,0.9733209609985352,1.3755539655685425
000977,1.018377020045591e-06,0.0,0.11366395652294159,0.030659744516015053,0.11386626958847046,0.9955664277076721,1.375443696975708
000580,4.2058252347487723e-07,0.0,0.11363938450813293,0.03004414588212967,0.11386626958847046,0.9990980625152588,1.3754191398620605
000626,7.080444675011677e-07,0.0,0.11374357342720032,0.03023664467036724,0.11386626958847046,0.992220401763916,1.3755028247833252
000218,2.5035110411408823e-06,0.0,0.11363843083381653,0.030057983472943306,0.11386626958847046,0.9993098378181458,1.3754281997680664
000451,2.3736847651889548e-06,0.0,0.11321590095758438,0.030044175684452057,0.11386626958847046,0.9860088229179382,1.3751215934753418
000566,8.618165736606898e-08,0.0,0.11375879496335983,0.030494242906570435,0.11386626958847046,0.9988576173782349,1.3755154609680176
000165,1.3556634712585947e-06,0.0,0.11371070146560669,0.03006584383547306,0.11386626958847046,0.9637033939361572,1.3754781484603882
000964,1.091233912120515e-06,0.0,0.11367516964673996,0.030050206929445267,0.11386626958847046,0.9987826347351074,1.3754541873931885
000407,6.177172053867253e-07,0.0,0.11378064751625061,0.036763809621334076,0.11386626958847046,0.989940881729126,1.3755329847335815
000517,2.1854116312169936e-06,0.0,0.11353856325149536,0.030044162645936012,0.11386626958847046,0.9907815456390381,1.3753507137298584
000572,4.680686060964945e-07,0.0,0.11363568902015686,0.03004414588212967,0.11386626958847046,0.9992020130157471,1.3754220008850098
001027,1.075367890734924e-06,0.0,0.11371864378452301,0.03004460595548153,0.11386626958847046,0.9968464970588684,1.3754792213439941
001106,3.941408532881496e-09,0.0,0.11384011805057526,0.04251980409026146,0.11386626958847046,0.9988254308700562,1.3755619525909424
000662,7.74708496464882e-07,0.0,0.11371751874685287,0.030086878687143326,0.11386626958847046,0.9817072153091431,1.3754806518554688
000102,2.639541776261467e-07,0.0,0.11381025612354279,0.032255977392196655,0.11386626958847046,0.9854688048362732,1.3755414485931396
000776,7.68421500652039e-07,0.0,0.11376059800386429,0.032427214086055756,0.11386626958847046,0.9862425327301025,1.3755114078521729
000160,1.467827360102092e-06,0.0,0.1137029230594635,0.0324036069214344,0.11386626958847046,0.9937882423400879,1.3754760026931763
000072,6.933622120897098e-09,0.0,0.11381355673074722,0.03134053200483322,0.11386626958847046,0.9993060827255249,1.375541090965271
001062,8.560544415558979e-07,0.0,0.11365918815135956,0.03004653938114643,0.11386626958847046,0.9974998235702515,1.3754422664642334
000899,1.2905991297884611e-06,0.0,0.1136009693145752,0.030351268127560616,0.11386626958847046,0.9992786049842834,1.375396966934204
001091,2.28141857405717e-06,0.0,0.11359298229217529,0.030063802376389503,0.11386626958847046,0.9951050281524658,1.3753901720046997
000024,2.9428941061837577e-08,0.0,0.11379823088645935,0.03229006752371788,0.11386626958847046,0.9926029443740845,1.3755342960357666
000304,7.448410315191722e-07,0.0,0.11370006203651428,0.030044812709093094,0.11386626958847046,0.9552638530731201,1.3754667043685913
000753,2.4344188886971097e-07,0.0,0.11383753269910812,0.034398920834064484,0.11386626958847046,0.9941263794898987,1.375560998916626
000594,3.196590341758565e-06,0.0,0.11357090622186661,0.03006388433277607,0.11386626958847046,0.9988980293273926,1.375368356704712
000769,6.174144573378726e-07,0.0,0.11381923407316208,0.039174988865852356,0.11386626958847046,0.9994499683380127,1.375549554824829
000464,1.7683565829429426e-06,0.0,0.11361834406852722,0.03004542551934719,0.11386626958847046,0.9885199069976807,1.3754138946533203
000044,5.494896093694024e-09,0.0,0.11383665353059769,0.04468704015016556,0.11386626958847046,0.9982079863548279,1.3755602836608887
000007,1.6425319770974056e-08,0.0,0.11381417512893677,0.033385325223207474,0.11386626958847046,0.998916506767273,1.3755426406860352
000438,1.6522619716852205e-06,0.0,0.11340957880020142,0.03004441037774086,0.11386626958847046,0.9974244832992554,1.3752596378326416
001313,1.4495122968583019e-07,0.0,0.11361867189407349,0.03005302883684635,0.11386626958847046,0.986941933631897,1.3754003047943115
000069,3.0690920027609536e-08,0.0,0.11375242471694946,0.03185097873210907,0.11386626958847046,0.999411940574646,1.3755135536193848
001187,1.92215150462971e-08,0.0,0.11383505910634995,0.04216241091489792,0.11386626958847046,0.9811820983886719,1.3755598068237305
000993,9.725288236950291e-07,0.0,0.11371810734272003,0.030064012855291367,0.11386626958847046,0.9968055486679077,1.375478982925415
000161,1.1652311968646245e-06,0.0,0.11364726722240448,0.03021497093141079,0.11386626958847046,0.9993521571159363,1.3754318952560425
000505,1.2073170410076273e-06,0.0,0.11364631354808807,0.030047306790947914,0.11386626958847046,0.9880426526069641,1.3754239082336426
001290,4.658619445763179e-07,0.0,0.11377261579036713,0.03094661422073841,0.11386626958847046,0.9972697496414185,1.3755192756652832
000546,4.7262489033528254e-07,0.0,0.1137569397687912,0.030825434252619743,0.11386626958847046,0.9985101222991943,1.3755173683166504
000258,1.4295032997324597e-06,0.0,0.11337287724018097,0.030044175684452057,0.11386626958847046,0.9981138706207275,1.3752449750900269
001064,1.084041514332057e-06,0.0,0.1136101707816124,0.030080705881118774,0.11386626958847046,0.9971587657928467,1.3754147291183472
001228,2.1266977512368612e-08,0.0,0.1138070598244667,0.03463342413306236,0.11386626958847046,0.9941987991333008,1.3755393028259277
001115,1.0929045224372658e-08,0.0,0.1138230562210083,0.03030218929052353,0.11386626958847046,0.9986963272094727,1.3755526542663574
000674,7.467041314157541e-07,0.0,0.11371195316314697,0.030590377748012543,0.11386626958847046,0.9981939196586609,1.375478982925415
001293,2.3588700059917755e-07,0.0,0.11359995603561401,0.030041366815567017,0.11386626958847046,0.9977373480796814,1.3753899335861206
001269,5.110189249535324e-07,0.0,0.11368345469236374,0.030044162645936012,0.11386626958847046,0.996437668800354,1.375449776649475
001172,1.7317400846650344e-08,0.0,0.11382842063903809,0.03638995438814163,0.11386626958847046,0.9965277314186096,1.3755544424057007
001247,4.383336005275851e-08,0.0,0.11383692175149918,0.04134051501750946,0.11386626958847046,0.9885700941085815,1.3755593299865723
000667,9.032303296407918e-07,0.0,0.11365851014852524,0.03007189929485321,0.11386626958847046,0.9962044954299927,1.3754428625106812
000641,1.129734073401778e-06,0.0,0.11378657817840576,0.032041650265455246,0.11386626958847046,0.9656349420547485,1.375533103942871
000172,1.6460190863654134e-06,0.0,0.11371269822120667,0.030165089294314384,0.11386626958847046,0.9947845935821533,1.3754851818084717
000503,2.8381516585795907e-06,1.52587890625e-05,0.11345989257097244,0.030047699809074402,0.11386626958847046,0.9931625127792358,1.3752965927124023
000181,1.4958916381146992e-06,0.0,0.11366485804319382,0.03006119653582573,0.11386626958847046,0.9978369474411011,1.3754429817199707
000726,2.3929212602524785e-06,0.0,0.11367186903953552,0.030056016519665718,0.11386626958847046,0.9984314441680908,1.3754518032073975
000033,8.501116255388297e-09,0.0,0.11382827162742615,0.04198358952999115,0.11386626958847046,0.9973016977310181,1.3755552768707275
000437,7.977710083650891e-07,0.0,0.11348499357700348,0.030044827610254288,0.11386626958847046,0.9963312149047852,1.3753128051757812
001263,6.189591204019962e-07,0.0,0.11359341442584991,0.0300607793033123,0.11386626958847046,0.999540388584137,1.375391960144043
000989,1.3465395340972464e-06,1.52587890625e-05,0.11361373215913773,0.030064016580581665,0.11386626958847046,0.9982938766479492,1.3754048347473145
000376,5.320962337407309e-09,0.0,0.11384911835193634,0.050780102610588074,0.11386626958847046,0.9874541759490967,1.3755652904510498
000959,2.2685753719997592e-06,0.0,0.11368843168020248,0.03027440421283245,0.11386626958847046,0.998562216758728,1.3754675388336182
000491,1.838119828789786e-06,1.52587890625e-05,0.11322984099388123,0.030044231563806534,0.11386626958847046,0.9953132271766663,1.3751401901245117
001090,1.0013917517426307e-06,0.0,0.11345815658569336,0.030063770711421967,0.11386626958847046,0.9899746179580688,1.375288963317871
000530,1.331233534074272e-06,1.52587890625e-05,0.1136891171336174,0.030064625665545464,0.11386626958847046,0.996779203414917,1.3754596710205078
001104,2.019417934207013e-06,0.0,0.11369332671165466,0.03266430273652077,0.11386626958847046,0.9916616678237915,1.3754738569259644
000796,3.87628887210667e-07,0.0,0.11377326399087906,0.030064022168517113,0.11386626958847046,0.9618661999702454,1.3755154609680176
000290,3.2442196129522927e-07,0.0,0.11367367953062057,0.03006400167942047,0.11386626958847046,0.9976100921630859,1.3754489421844482
000179,1.2978894119441975e-06,0.0,0.11366209387779236,0.030052831396460533,0.11386626958847046,0.9897016882896423,1.3754442930221558
000868,2.1296084469213383e-06,0.0,0.11356383562088013,0.030063912272453308,0.11386626958847046,0.9902181625366211,1.3753687143325806
000264,4.3215752043579414e-07,0.0,0.11367391049861908,0.030060479417443275,0.11386626958847046,0.9943956136703491,1.3754451274871826
000327,7.399215018466521e-09,0.0,0.11385030299425125,0.04741427302360535,0.11386626958847046,0.9880380630493164,1.3755664825439453
000657,1.4604178204535856e-06,0.0,0.11374184489250183,0.030078452080488205,0.11386626958847046,0.9877116680145264,1.3754997253417969
000442,1.581734295541537e-06,1.52587890625e-05,0.11345391720533371,0.030044186860322952,0.11386626958847046,0.996851921081543,1.3752994537353516
001035,1.3252104054117808e-06,0.0,0.1136884093284607,0.038185715675354004,0.11386626958847046,0.9920237064361572,1.3754711151123047
001136,6.057787516056123e-08,0.0,0.11381950229406357,0.036896221339702606,0.11386626958847046,0.9993728995323181,1.3755524158477783
000251,8.071593811109778e-07,0.0,0.11355741322040558,0.03004785068333149,0.11386626958847046,0.9916805028915405,1.3753609657287598
000342,9.417396285016366e-08,0.0,0.11370581388473511,0.032803140580654144,0.11386626958847046,0.9876152873039246,1.3754796981811523
000098,3.294473174264567e-07,0.0,0.11380039155483246,0.03274384140968323,0.11386626958847046,0.9793742895126343,1.375531554222107
001166,7.592129591671437e-09,0.0,0.11381635814905167,0.031370826065540314,0.11386626958847046,0.9996581077575684,1.3755497932434082
000829,4.623192353392369e-07,0.0,0.11377659440040588,0.032342154532670975,0.11386626958847046,0.9886054396629333,1.3755228519439697
001049,9.522841537545901e-07,1.52587890625e-05,0.1137285903096199,0.030983416363596916,0.11386626958847046,0.9997528791427612,1.375484824180603
000104,1.3590736216428922e-06,0.0,0.11378022283315659,0.03421006724238396,0.11386626958847046,0.9467884302139282,1.3755290508270264
000402,4.93398957246427e-08,0.0,0.11380097270011902,0.03006395325064659,0.11386626958847046,0.9551328420639038,1.375532865524292
000339,8.105693893867283e-09,0.0,0.11380194127559662,0.04359375685453415,0.11386626958847046,0.9948612451553345,1.3755404949188232
000427,8.48363356453774e-07,0.0,0.1136416345834732,0.03004514053463936,0.11386626958847046,0.9953103065490723,1.3754220008850098
000078,2.1901309210647923e-08,0.0,0.11384420096874237,0.03827720507979393,0.11386626958847046,0.9939283132553101,1.3755645751953125
001014,1.2067831676176866e-06,0.0,0.1136070042848587,0.03002599999308586,0.11386626958847046,0.9779857397079468,1.3754010200500488
000139,7.31448267288215e-07,0.0,0.11370176076889038,0.030063899233937263,0.11386626958847046,0.9904041886329651,1.3754725456237793
001152,1.940965077551482e-08,0.0,0.11383666098117828,0.031591035425662994,0.11386626958847046,0.989224910736084,1.3755581378936768
000479,1.014823283185251e-06,0.0,0.113661989569664,0.03006388433277607,0.11386626958847046,0.990628719329834,1.3754351139068604
000175,4.6378801243918133e-07,0.0,0.1137077808380127,0.030056625604629517,0.11386626958847046,0.9982357025146484,1.3754689693450928
000435,1.5929813343973365e-06,0.0,0.11349813640117645,0.030045468360185623,0.11386626958847046,0.9882487058639526,1.3753316402435303
001072,1.7598680415176204e-06,0.0,0.11354726552963257,0.030045384541153908,0.11386626958847046,0.9980324506759644,1.3753607273101807
000246,1.0649405339790974e-06,0.0,0.1136254221200943,0.030063571408391,0.11386626958847046,0.9969144463539124,1.375410795211792
000414,1.8257759393236483e-07,0.0,0.11358560621738434,0.030045604333281517,0.11386626958847046,0.9944177269935608,1.3753867149353027
000638,9.298987038164341e-07,0.0,0.11375327408313751,0.031332749873399734,0.11386626958847046,0.9955061674118042,1.375514030456543
000904,7.248149813676719e-07,0.0,0.11356573551893234,0.030063912272453308,0.11386626958847046,0.998973548412323,1.3753745555877686
001321,4.58556371540908e-07,0.0,0.11367186903953552,0.02992428094148636,0.11386626958847046,0.9938595294952393,1.3754448890686035
000396,6.330848290048152e-09,0.0,0.11377789080142975,0.033403147011995316,0.11386626958847046,0.9841042160987854,1.3755171298980713
000094,1.2762606047544978e-06,0.0,0.11377684772014618,0.03314242884516716,0.11386626958847046,0.9417744278907776,1.3755282163619995
000805,1.3189450100981048e-06,0.0,0.11383885890245438,0.04477287456393242,0.11386626958847046,0.7152594327926636,1.3755614757537842
000005,1.1131081834037104e-08,0.0,0.11381994187831879,0.030757151544094086,0.11386626958847046,0.9989205598831177,1.3755502700805664
001316,1.0862310091397376e-06,0.0,0.11368358135223389,0.030044717714190483,0.11386626958847046,0.9879232048988342,1.3754503726959229
001046,8.303140930365771e-07,0.0,0.11371074616909027,0.03014998883008957,0.11386626958847046,0.9943438768386841,1.3754736185073853
000586,3.571868774088216e-06,0.0,0.11336042732000351,0.03004428558051586,0.11386626958847046,0.9834707975387573,1.3752357959747314
001226,1.8304965010429441e-07,0.0,0.11377778649330139,0.036487434059381485,0.11386626958847046,0.9652822017669678,1.375525951385498
000079,2.7881505992866096e-09,0.0,0.11382944136857986,0.03344699740409851,0.11386626958847046,0.9954488277435303,1.375555396080017
000725,2.7425990083429497e-06,0.0,0.11372697353363037,0.031218329444527626,0.11386626958847046,0.9957395792007446,1.3755009174346924
001296,3.298446017652168e-06,0.0,0.11359052360057831,0.030044199898838997,0.11386626958847046,0.9973275661468506,1.375386118888855
000827,9.146901334133872e-07,0.0,0.11370980739593506,0.03006393276154995,0.11386626958847046,0.9994518756866455,1.3754737377166748
000103,4.3402340565990016e-07,0.0,0.1136990338563919,0.030066723003983498,0.11386626958847046,0.9685342311859131,1.3754618167877197
001099,2.134630449290853e-06,0.0,0.11354242265224457,0.030061068013310432,0.11386626958847046,0.9921473264694214,1.3753533363342285
001205,7.441031790733632e-09,0.0,0.11379645764827728,0.03086777962744236,0.11386626958847046,0.9986314177513123,1.375532627105713
000368,6.689234499646091e-09,0.0,0.11384810507297516,0.03779054060578346,0.11386626958847046,0.9862698316574097,1.3755650520324707
000278,5.567985112975293e-07,0.0,0.11370038241147995,0.030044151470065117,0.11386626958847046,0.9839402437210083,1.3754669427871704
000190,1.3738875850322074e-06,0.0,0.11366745829582214,0.03012901172041893,0.11386626958847046,0.9678894281387329,1.3754578828811646
000544,7.368489036707615e-07,0.0,0.11368115246295929,0.03006388433277607,0.11386626958847046,0.994839072227478,1.375448226928711
001260,3.9312101307587e-07,0.0,0.11364223062992096,0.030044199898838997,0.11386626958847046,0.998772382736206,1.3754243850708008
000997,7.507753707614029e-07,0.0,0.11371421068906784,0.03605429828166962,0.11386626958847046,0.9931663870811462,1.3754851818084717
000431,4.97635198826174e-07,0.0,0.11373217403888702,0.03134160861372948,0.11386626958847046,0.9887986779212952,1.375502347946167
000919,1.3556647218138096e-06,0.0,0.11366789042949677,0.030064178630709648,0.11386626958847046,0.9970296621322632,1.3754366636276245
001197,9.86938175628893e-09,0.0,0.11384278535842896,0.036474354565143585,0.11386626958847046,0.9899157285690308,1.3755608797073364
001030,2.1266721432766644e-06,1.52587890625e-05,0.11355561017990112,0.03004964254796505,0.11386626958847046,0.997290849685669,1.3753609657287598
001173,3.206221066420767e-08,0.0,0.11373232305049896,0.03006412275135517,0.11386626958847046,0.9933459162712097,1.3754934072494507
000454,1.4381103596861067e-07,0.0,0.11369361728429794,0.03006388433277607,0.11386626958847046,0.9892585873603821,1.375458002090454
001157,4.0259653388829975e-09,0.0,0.11383531987667084,0.03229839727282524,0.11386626958847046,0.9962601661682129,1.375558614730835
000164,1.5345498241003952e-06,0.0,0.11370362341403961,0.03017510659992695,0.11386626958847046,0.9994395971298218,1.3754737377166748
001037,2.0922652765875682e-06,0.0,0.11354927718639374,0.030044466257095337,0.11386626958847046,0.9984740018844604,1.3753571510314941
000077,5.170879724403221e-09,0.0,0.11371249705553055,0.030064012855291367,0.11386626958847046,0.9963738322257996,1.3754714727401733
000642,1.3910847656006808e-06,0.0,0.11378292739391327,0.032014843076467514,0.11386626958847046,0.9947908520698547,1.375531792640686
000828,1.5341199741669698e-06,0.0,0.1137327253818512,0.030069489032030106,0.11386626958847046,0.9996051788330078,1.3754911422729492
000675,2.180517867600429e-06,0.0,0.11365304887294769,0.030063653364777565,0.11386626958847046,0.9891973733901978,1.3754394054412842
000702,1.980922206712421e-06,0.0,0.11369498074054718,0.03006405010819435,0.11386626958847046,0.9995271563529968,1.3754653930664062
000310,4.476594597235817e-07,0.0,0.1135832816362381,0.03004419431090355,0.11386626958847046,0.9875345230102539,1.375378966331482
000797,6.494175863736018e-07,0.0,0.11379732191562653,0.03016878291964531,0.11386626958847046,0.9736789464950562,1.375536322593689
000739,1.3561148080043495e-06,0.0,0.11353204399347305,0.030044853687286377,0.11386626958847046,0.9994698166847229,1.3753517866134644
000123,2.2382962470146595e-06,0.0,0.11373421549797058,0.030568696558475494,0.11386626958847046,0.9905826449394226,1.3754959106445312
001270,1.3818380466545932e-06,1.52587890625e-05,0.11355936527252197,0.030044272541999817,0.11386626958847046,0.997838020324707,1.3753643035888672
001170,1.5835496469662758e-08,0.0,0.11382311582565308,0.04183207452297211,0.11386626958847046,0.9990781545639038,1.375551462173462
001117,9.446193871553987e-08,0.0,0.11383917927742004,0.03636915981769562,0.11386626958847046,0.9586730599403381,1.3755595684051514
000857,1.4350805486174067e-06,0.0,0.11359187960624695,0.030064202845096588,0.11386626958847046,0.995231032371521,1.3753955364227295
000477,1.2270344313947135e-06,0.0,0.11356233060359955,0.030044151470065117,0.11386626958847046,0.9882155656814575,1.3753641843795776
000180,2.3902948669274338e-06,1.52587890625e-05,0.11365607380867004,0.030083706602454185,0.11386626958847046,0.9898476600646973,1.3754372596740723
001130,8.187443256701954e-08,0.0,0.11378618329763412,0.03063487820327282,0.11386626958847046,0.9970703721046448,1.3755229711532593
000958,1.0708998843256268e-06,0.0,0.11360287666320801,0.030063899233937263,0.11386626958847046,0.9964476823806763,1.3753941059112549
000855,3.204611857654527e-06,0.0,0.11375202238559723,0.03025846928358078,0.11386626958847046,0.998142659664154,1.375518560409546
001109,1.1045537817722106e-08,0.0,0.11378927528858185,0.043979138135910034,0.11386626958847046,0.9874484539031982,1.3755292892456055
001009,1.0113944881595671e-06,0.0,0.11353092640638351,0.03004307858645916,0.11386626958847046,0.9900630712509155,1.3753412961959839
000199,8.140840463966015e-07,0.0,0.1136937141418457,0.030063899233937263,0.11386626958847046,0.9917951822280884,1.3754570484161377
001203,1.0734478195217889e-08,0.0,0.11383672058582306,0.043660588562488556,0.11386626958847046,0.9995733499526978,1.3755593299865723
000676,1.283270762542088e-06,0.0,0.11367537081241608,0.030064061284065247,0.11386626958847046,0.9926576614379883,1.3754491806030273
000132,1.3141122963133967e-06,1.52587890625e-05,0.11371981352567673,0.030066387727856636,0.11386626958847046,0.99107825756073,1.3754816055297852
000441,1.0052913239633199e-06,0.0,0.1136196181178093,0.03004441037774086,0.11386626958847046,0.9891748428344727,1.3754048347473145
001261,1.0166045285586733e-06,0.0,0.11357685178518295,0.03006388433277607,0.11386626958847046,0.9991066455841064,1.3753821849822998
000878,1.285229359382356e-06,0.0,0.11371244490146637,0.030953753739595413,0.11386626958847046,0.9993635416030884,1.3754801750183105
000283,1.3003065078009968e-06,0.0,0.11358088254928589,0.030044162645936012,0.11386626958847046,0.9991828203201294,1.3753819465637207
000408,3.9543402863273514e-07,0.0,0.11377930641174316,0.03151911869645119,0.11386626958847046,0.9926931858062744,1.3755228519439697
000244,9.949335435521789e-07,0.0,0.11345207691192627,0.030044151470065117,0.11386626958847046,0.9930294752120972,1.375288963317871
000322,8.969904001787654e-07,0.0,0.11364972591400146,0.030044717714190483,0.11386626958847046,0.9857078790664673,1.3754298686981201
001105,1.7535452201400403e-08,0.0,0.11376623809337616,0.033880170434713364,0.11386626958847046,0.999078631401062,1.3755217790603638
000932,1.725206061564677e-06,0.0,0.11345887929201126,0.030045494437217712,0.11386626958847046,0.9985380172729492,1.375295639038086
