dataset,image_id,candidate_pixels,candidate_pixels_selected_k,candidate_target_leakage_pixels,candidate_far_bg_ratio,candidate_high_evidence_mean,candidate_ohem_overlap_fraction,target_dilate_pixels,far_bg_pixels
NUDT-SIRST,001137,655,655,0,1.0,6.467139996857441e-07,0.8848920863309353,289,65247
NUDT-SIRST,000345,655,655,0,1.0,2.077393673971528e-06,0.9848484848484849,209,65327
NUDT-SIRST,000774,655,655,0,1.0,1.5213417100312654e-05,0.9350073855243722,232,65304
NUDT-SIRST,000593,654,654,0,1.0,0.0027074464596807957,0.963963963963964,587,64949
NUDT-SIRST,001002,654,654,0,1.0,4.890086347586475e-05,0.7604306864064603,592,64944
NUDT-SIRST,001024,654,654,0,1.0,1.7361437130603008e-05,0.8141470180305131,612,64924
NUDT-SIRST,001285,655,655,0,1.0,4.960101250617299e-06,0.9436201780415431,401,65135
NUDT-SIRST,000649,655,655,0,1.0,6.219050646905089e-06,0.9236417033773862,707,64829
NUDT-SIRST,000282,654,654,0,1.0,4.0829031604516786e-06,0.694300518134715,487,65049
NUDT-SIRST,000037,655,655,0,1.0,4.522940344031667e-06,0.9669669669669669,289,65247
NUDT-SIRST,001150,655,655,0,1.0,1.54664735418919e-06,0.9523099850968704,289,65247
NUDT-SIRST,001124,655,655,0,1.0,1.3802068679069635e-06,0.9699248120300752,289,65247
NUDT-SIRST,001185,655,655,0,1.0,1.7760271475708578e-06,0.9208211143695014,578,64958
NUDT-SIRST,000718,654,654,0,1.0,2.095353374897968e-05,0.8820143884892087,784,64752
NUDT-SIRST,000968,654,654,0,1.0,3.6367746361065656e-05,0.8929088277858177,566,64970
NUDT-SIRST,001216,655,655,0,1.0,7.930385436338838e-06,0.9465081723625557,289,65247
NUDT-SIRST,000494,654,654,0,1.0,8.932011405704543e-05,0.8293706293706293,1189,64347
NUDT-SIRST,001015,654,654,0,1.0,5.8448231357033364e-06,0.7893296853625171,666,64870
NUDT-SIRST,001186,655,655,0,1.0,1.7169966213259613e-06,0.9040697674418605,578,64958
NUDT-SIRST,000197,654,654,0,1.0,1.184046368507552e-06,0.7844474761255116,643,64893
NUDT-SIRST,000811,655,655,0,1.0,8.48243701057072e-07,0.8194444444444444,649,64887
NUDT-SIRST,000601,654,654,0,1.0,0.00021380765247158706,0.9818181818181818,418,65118
NUDT-SIRST,001040,654,654,0,1.0,7.101202299963916e-06,0.8579545454545454,672,64864
NUDT-SIRST,000735,655,655,0,1.0,1.7354062947561033e-05,0.9581464872944694,395,65141
NUDT-SIRST,001029,654,654,0,1.0,4.7203739086398855e-06,0.8685714285714285,767,64769
NUDT-SIRST,000623,655,655,0,1.0,9.514701559965033e-06,0.9699248120300752,323,65213
NUDT-SIRST,000436,654,654,0,1.0,6.605475846299669e-06,0.9039301310043668,569,64967
NUDT-SIRST,001242,655,655,0,1.0,4.145200364291668e-06,0.782312925170068,1156,64380
NUDT-SIRST,000813,655,655,0,1.0,1.966216359505779e-06,0.9040697674418605,560,64976
NUDT-SIRST,000493,654,654,0,1.0,2.9983933927724138e-05,0.8319327731092437,1200,64336
NUDT-SIRST,001053,654,654,0,1.0,1.915647226269357e-05,0.8685714285714285,579,64957
NUDT-SIRST,000410,655,655,0,1.0,4.579741926136194e-06,0.9728915662650602,654,64882
NUDT-SIRST,000936,655,655,0,1.0,6.909615876793396e-06,0.8555240793201133,578,64958
NUDT-SIRST,000473,654,654,0,1.0,2.0743544155266136e-05,0.9178885630498533,556,64980
NUDT-SIRST,000478,653,653,0,1.0,1.0526341611694079e-05,0.7648648648648648,1173,64363
NUDT-SIRST,000458,654,654,0,1.0,1.0536983609199524e-05,0.9150805270863837,613,64923
NUDT-SIRST,000709,654,654,0,1.0,7.415233085339423e-06,0.9067055393586005,623,64913
NUDT-SIRST,001307,655,655,0,1.0,4.502046067500487e-06,0.9878603945371776,399,65137
NUDT-SIRST,000781,655,655,0,1.0,1.6667489717292483e-06,0.7726657645466847,672,64864
NUDT-SIRST,001023,654,654,0,1.0,1.3295350981934462e-05,0.8766140602582496,597,64939
NUDT-SIRST,001004,654,654,0,1.0,1.3064282939012628e-05,0.8345021037868162,702,64834
NUDT-SIRST,000359,655,655,0,1.0,2.823889190040063e-06,0.9908814589665653,285,65251
NUDT-SIRST,000287,654,654,0,1.0,2.9549491955549456e-06,0.8901734104046243,653,64883
NUDT-SIRST,000482,654,654,0,1.0,8.076230005826801e-05,0.844851904090268,667,64869
NUDT-SIRST,000941,654,654,0,1.0,1.0716128599597141e-05,0.8632478632478633,620,64916
NUDT-SIRST,000067,655,655,0,1.0,8.555773547413992e-07,0.9699248120300752,289,65247
NUDT-SIRST,000284,654,654,0,1.0,3.141415163554484e-06,0.920704845814978,667,64869
NUDT-SIRST,000447,654,654,0,1.0,7.047810868243687e-06,0.8659058487874465,653,64883
NUDT-SIRST,000894,654,654,0,1.0,3.794802069023717e-06,0.8242677824267782,650,64886
NUDT-SIRST,000163,654,654,0,1.0,3.918985385098495e-06,0.8793103448275862,716,64820
NUDT-SIRST,000059,655,655,0,1.0,1.9736717149498872e-06,0.7536813922356091,1156,64380
NUDT-SIRST,001222,655,655,0,1.0,1.739442609505204e-06,0.9236417033773862,289,65247
NUDT-SIRST,000945,654,654,0,1.0,5.74004152440466e-05,0.8217270194986073,557,64979
NUDT-SIRST,000446,654,654,0,1.0,1.9389433873584494e-05,0.9464285714285714,553,64983
NUDT-SIRST,000193,654,654,0,1.0,7.090171948220814e-06,0.8820143884892087,770,64766
NUDT-SIRST,000746,654,654,0,1.0,3.939670477848267e-06,0.8579545454545454,894,64642
NUDT-SIRST,000733,654,654,0,1.0,5.827324685014901e-07,0.8632478632478633,803,64733
NUDT-SIRST,000621,655,655,0,1.0,1.7472995750722475e-05,0.8581560283687943,644,64892
NUDT-SIRST,001131,655,655,0,1.0,3.671266028959508e-07,0.7466666666666667,1156,64380
NUDT-SIRST,000085,655,655,0,1.0,1.4738371874045697e-06,0.8958031837916064,289,65247
NUDT-SIRST,000064,655,655,0,1.0,3.0746825814276235e-06,0.9465081723625557,204,65332
NUDT-SIRST,000312,654,654,0,1.0,2.7239307200943585e-06,0.9263622974963182,613,64923
NUDT-SIRST,000213,654,654,0,1.0,8.511328815075103e-06,0.8901734104046243,805,64731
NUDT-SIRST,001297,654,654,0,1.0,0.0014964191941544414,0.9292035398230089,667,64869
NUDT-SIRST,001039,654,654,0,1.0,2.598173523438163e-06,0.8685714285714285,588,64948
NUDT-SIRST,000066,655,655,0,1.0,1.315481085839565e-06,0.9728915662650602,238,65298
NUDT-SIRST,000002,655,655,0,1.0,2.3956631594046485e-06,0.9552238805970149,289,65247
NUDT-SIRST,000843,654,654,0,1.0,1.8480616290617036e-06,0.7967032967032966,698,64838
NUDT-SIRST,000659,654,654,0,1.0,2.900835625041509e-06,0.9122807017543859,696,64840
NUDT-SIRST,000298,654,654,0,1.0,1.595890012140444e-06,0.8293706293706293,1185,64351
NUDT-SIRST,000227,654,654,0,1.0,1.283527240047988e-06,0.8268156424581006,868,64668
NUDT-SIRST,000951,654,654,0,1.0,2.4098670110106468e-05,0.8984034833091437,642,64894
NUDT-SIRST,000299,654,654,0,1.0,4.1773046177695505e-06,0.9150805270863837,590,64946
NUDT-SIRST,000937,654,654,0,1.0,3.741353066288866e-05,0.7416777629826897,637,64899
NUDT-SIRST,000547,654,654,0,1.0,5.345188583305571e-06,0.9493293591654247,445,65091
NUDT-SIRST,000948,654,654,0,1.0,5.151298682903871e-05,0.8632478632478633,600,64936
NUDT-SIRST,000859,654,654,0,1.0,4.5963211050548125e-06,0.8766140602582496,750,64786
NUDT-SIRST,000058,655,655,0,1.0,8.555756494388334e-07,0.8068965517241379,289,65247
NUDT-SIRST,000422,655,655,0,1.0,7.841934348107316e-06,0.9728915662650602,320,65216
NUDT-SIRST,001140,655,655,0,1.0,7.229625680338359e-07,0.8848920863309353,289,65247
NUDT-SIRST,000873,654,654,0,1.0,9.999010217143223e-06,0.6726342710997443,742,64794
NUDT-SIRST,001249,654,654,0,1.0,0.0008669786620885134,0.8984034833091437,600,64936
NUDT-SIRST,000822,654,654,0,1.0,8.312485988426488e-07,0.8553191489361702,696,64840
NUDT-SIRST,000745,654,654,0,1.0,2.9036966679996112e-06,0.8874458874458875,834,64702
NUDT-SIRST,000609,655,655,0,1.0,2.6693689505918883e-05,0.9640179910044977,364,65172
NUDT-SIRST,000881,654,654,0,1.0,8.530717423127498e-06,0.8553191489361702,768,64768
NUDT-SIRST,001271,654,654,0,1.0,9.796080848900601e-05,0.9263622974963182,667,64869
NUDT-SIRST,000851,654,654,0,1.0,7.319900419133774e-07,0.8422535211267606,770,64766
NUDT-SIRST,000848,654,654,0,1.0,9.836701337917475e-07,0.8141470180305131,728,64808
NUDT-SIRST,001016,654,654,0,1.0,4.4143409468233585e-05,0.5334114888628371,768,64768
NUDT-SIRST,001100,654,654,0,1.0,1.2138019883423112e-05,0.7324503311258278,770,64766
NUDT-SIRST,000004,655,655,0,1.0,2.8015836051054066e-06,0.9728915662650602,289,65247
NUDT-SIRST,001208,655,655,0,1.0,3.144116931252938e-07,0.9378698224852071,289,65247
NUDT-SIRST,000099,655,655,0,1.0,1.5431154679390602e-05,0.7702702702702703,646,64890
NUDT-SIRST,000073,655,655,0,1.0,7.994593943294603e-06,0.9818456883509834,289,65247
NUDT-SIRST,000049,655,655,0,1.0,4.695015832112404e-06,0.9581464872944694,289,65247
NUDT-SIRST,000158,654,654,0,1.0,2.3545587737316964e-06,0.8659058487874465,742,64794
NUDT-SIRST,001279,655,655,0,1.0,2.5505709345452487e-05,0.9523099850968704,471,65065
NUDT-SIRST,000063,655,655,0,1.0,1.20477011478215e-06,0.9669669669669669,289,65247
NUDT-SIRST,001181,655,655,0,1.0,4.045644800498849e-06,0.9669669669669669,289,65247
NUDT-SIRST,000515,654,654,0,1.0,0.00021805489086546004,0.7580645161290323,1181,64355
NUDT-SIRST,001054,654,654,0,1.0,4.340418308856897e-05,0.8066298342541437,698,64838
NUDT-SIRST,000844,654,654,0,1.0,6.990836709519499e-07,0.8191933240611962,684,64852
NUDT-SIRST,001177,655,655,0,1.0,1.6499694538651966e-05,0.9436201780415431,867,64669
NUDT-SIRST,000934,654,654,0,1.0,1.6908130419324152e-05,0.8739255014326648,587,64949
NUDT-SIRST,000663,654,654,0,1.0,1.25752349049435e-05,0.8956521739130435,682,64854
NUDT-SIRST,000841,654,654,0,1.0,2.524872797948774e-06,0.8319327731092437,698,64838
NUDT-SIRST,000205,654,654,0,1.0,4.10613711210317e-06,0.8526912181303116,707,64829
NUDT-SIRST,000911,654,654,0,1.0,3.0976209473010385e-06,0.8041379310344827,597,64939
NUDT-SIRST,000211,654,654,0,1.0,9.176710591418669e-06,0.8820143884892087,804,64732
NUDT-SIRST,000267,654,654,0,1.0,4.07817924497067e-06,0.8793103448275862,1199,64337
NUDT-SIRST,000379,655,655,0,1.0,1.920807335409336e-06,0.9969512195121951,285,65251
NUDT-SIRST,000168,654,654,0,1.0,2.9574216569017153e-06,0.8605974395448079,687,64849
NUDT-SIRST,000301,654,654,0,1.0,4.168423856754089e-06,0.9377777777777778,575,64961
NUDT-SIRST,001061,654,654,0,1.0,1.7047521396307275e-05,0.8345021037868162,650,64886
NUDT-SIRST,001299,654,654,0,1.0,0.0001608941820450127,0.9493293591654247,625,64911
NUDT-SIRST,000818,655,655,0,1.0,1.2353953025012743e-06,0.9124087591240876,354,65182
NUDT-SIRST,001070,654,654,0,1.0,6.954187483643182e-06,0.8345021037868162,622,64914
NUDT-SIRST,001305,655,655,0,1.0,2.12294298762572e-06,0.9788519637462235,381,65155
NUDT-SIRST,001095,654,654,0,1.0,2.7560572561924346e-06,0.8422535211267606,579,64957
NUDT-SIRST,000695,655,655,0,1.0,4.542093302006833e-05,0.8169209431345353,387,65149
NUDT-SIRST,000375,655,655,0,1.0,3.5808905067824526e-06,0.9848484848484849,570,64966
NUDT-SIRST,000061,655,655,0,1.0,3.4724880606518127e-06,0.779891304347826,1156,64380
NUDT-SIRST,000669,654,654,0,1.0,3.901898708136287e-06,0.8553191489361702,754,64782
NUDT-SIRST,000325,655,655,0,1.0,1.6821210238049389e-06,0.9728915662650602,855,64681
NUDT-SIRST,000864,654,654,0,1.0,2.215316635556519e-05,0.9094890510948905,677,64859
NUDT-SIRST,000174,654,654,0,1.0,3.934966298402287e-05,0.9011627906976745,720,64816
NUDT-SIRST,000347,655,655,0,1.0,2.4522505555069074e-06,0.9939117199391172,285,65251
NUDT-SIRST,000748,654,654,0,1.0,6.89165335643338e-06,0.8242677824267782,735,64801
NUDT-SIRST,000946,654,654,0,1.0,2.984672573802527e-05,0.8345021037868162,682,64854
NUDT-SIRST,001274,654,654,0,1.0,3.711180033860728e-05,0.920704845814978,569,64967
NUDT-SIRST,001059,654,654,0,1.0,3.437566556385718e-05,0.8526912181303116,587,64949
NUDT-SIRST,000253,654,654,0,1.0,6.075908913771855e-06,0.9039301310043668,572,64964
NUDT-SIRST,000679,654,654,0,1.0,0.011699531227350235,0.8091286307053942,684,64852
NUDT-SIRST,001041,654,654,0,1.0,1.3721463801630307e-05,0.8422535211267606,627,64909
NUDT-SIRST,000999,654,654,0,1.0,2.7420843252912164e-05,0.8500707213578501,661,64875
NUDT-SIRST,000794,655,655,0,1.0,3.0527326089213602e-06,0.8848920863309353,323,65213
NUDT-SIRST,000576,654,654,0,1.0,0.0016352984821423888,0.9728506787330317,535,65001
NUDT-SIRST,001094,654,654,0,1.0,1.798922494344879e-05,0.703125,677,64859
NUDT-SIRST,000635,655,655,0,1.0,6.856120762677165e-06,0.9208211143695014,646,64890
NUDT-SIRST,000825,655,655,0,1.0,1.071837459676317e-06,0.9013062409288825,355,65181
NUDT-SIRST,000013,655,655,0,1.0,1.4182416634866968e-05,0.6881443298969072,578,64958
NUDT-SIRST,000627,655,655,0,1.0,4.792292656929931e-06,0.9013062409288825,660,64876
NUDT-SIRST,000487,654,654,0,1.0,5.431116733234376e-06,0.8579545454545454,612,64924
NUDT-SIRST,001201,655,655,0,1.0,3.503802645354881e-06,0.9818456883509834,289,65247
NUDT-SIRST,000457,653,653,0,1.0,1.5934743714751676e-05,0.844632768361582,1127,64409
NUDT-SIRST,000916,654,654,0,1.0,9.231505828211084e-06,0.8242677824267782,669,64867
NUDT-SIRST,000030,655,655,0,1.0,4.224646545480937e-06,0.9669669669669669,289,65247
NUDT-SIRST,000109,655,655,0,1.0,6.156903964438243e-06,0.8169209431345353,662,64874
NUDT-SIRST,000693,655,655,0,1.0,5.728724318032619e-06,0.9293078055964654,373,65163
NUDT-SIRST,000183,654,654,0,1.0,3.466371254035039e-06,0.8396624472573839,779,64757
NUDT-SIRST,000467,654,654,0,1.0,3.136930672553717e-06,0.871244635193133,1080,64456
NUDT-SIRST,001164,655,655,0,1.0,1.2771893125318456e-06,0.9436201780415431,221,65315
NUDT-SIRST,001258,654,654,0,1.0,0.00011725923832273111,0.9377777777777778,535,65001
NUDT-SIRST,000970,654,654,0,1.0,2.270837103424128e-05,0.847457627118644,627,64909
NUDT-SIRST,000263,654,654,0,1.0,9.514809562460869e-07,0.9011627906976745,600,64936
NUDT-SIRST,000858,654,654,0,1.0,4.762705430039205e-06,0.8984034833091437,731,64805
NUDT-SIRST,000668,654,654,0,1.0,7.449651093338616e-06,0.9150805270863837,684,64852
NUDT-SIRST,000526,655,655,0,1.0,1.8022958101937547e-05,0.91800878477306,411,65125
NUDT-SIRST,000736,654,654,0,1.0,2.7449680146673927e-06,0.8632478632478633,804,64732
NUDT-SIRST,001146,655,655,0,1.0,4.976562308911525e-07,0.9407407407407408,289,65247
NUDT-SIRST,000247,654,654,0,1.0,9.643566045269836e-06,0.9067055393586005,715,64821
NUDT-SIRST,000367,655,655,0,1.0,2.1783503143524285e-06,0.9969512195121951,285,65251
NUDT-SIRST,000050,655,655,0,1.0,1.1296332559140865e-05,0.9788519637462235,289,65247
NUDT-SIRST,000773,655,655,0,1.0,1.8888055137722404e-06,0.8714285714285714,642,64894
NUDT-SIRST,000318,654,654,0,1.0,2.809287934724125e-06,0.9435364041604755,537,64999
NUDT-SIRST,001163,655,655,0,1.0,1.6815681647130987e-07,0.9523099850968704,289,65247
NUDT-SIRST,001159,655,655,0,1.0,4.22927342924595e-07,0.8903318903318903,289,65247
NUDT-SIRST,001306,655,655,0,1.0,3.3386002087354427e-06,0.9818456883509834,334,65202
NUDT-SIRST,001310,655,655,0,1.0,1.7247283494725707e-06,0.9848484848484849,353,65183
NUDT-SIRST,000571,654,654,0,1.0,4.121745587326586e-05,0.8217270194986073,667,64869
NUDT-SIRST,001031,654,654,0,1.0,2.5797116904868744e-06,0.8319327731092437,650,64886
NUDT-SIRST,000461,654,654,0,1.0,1.6684607544448227e-05,0.9406528189910979,537,64999
NUDT-SIRST,000652,655,655,0,1.0,5.090444119559834e-06,0.9236417033773862,680,64856
NUDT-SIRST,000444,653,653,0,1.0,7.90438298281515e-06,0.8394366197183099,1280,64256
NUDT-SIRST,001194,655,655,0,1.0,2.6299576916244405e-07,0.9264705882352942,289,65247
NUDT-SIRST,001156,655,655,0,1.0,5.452155278362625e-07,0.9407407407407408,204,65332
NUDT-SIRST,000014,655,655,0,1.0,6.908730370014382e-07,0.9699248120300752,289,65247
NUDT-SIRST,000250,654,654,0,1.0,3.994732651335653e-06,0.9178885630498533,715,64821
NUDT-SIRST,000134,654,654,0,1.0,3.977129381382838e-06,0.8929088277858177,546,64990
NUDT-SIRST,001301,654,654,0,1.0,0.000287818955257535,0.9580838323353293,612,64924
NUDT-SIRST,000768,655,655,0,1.0,1.710048991299118e-06,0.8687589158345221,540,64996
NUDT-SIRST,000823,654,654,0,1.0,1.1681478326863726e-06,0.7747625508819539,696,64840
NUDT-SIRST,000040,655,655,0,1.0,4.754353085445473e-06,0.9552238805970149,289,65247
NUDT-SIRST,000891,654,654,0,1.0,8.738185897527728e-06,0.8685714285714285,612,64924
NUDT-SIRST,000561,654,654,0,1.0,1.437115679436829e-05,0.9263622974963182,600,64936
NUDT-SIRST,001200,655,655,0,1.0,2.3747768409521086e-06,0.9640179910044977,255,65281
NUDT-SIRST,001233,655,655,0,1.0,3.7566992432402913e-06,0.9581464872944694,289,65247
NUDT-SIRST,000119,655,655,0,1.0,4.274579987395555e-05,0.8502824858757062,692,64844
NUDT-SIRST,001324,655,655,0,1.0,1.1943028766836505e-05,0.9610778443113772,469,65067
NUDT-SIRST,000793,655,655,0,1.0,2.7382302505429834e-06,0.9494047619047619,204,65332
NUDT-SIRST,000293,654,654,0,1.0,7.147590622480493e-06,0.9150805270863837,667,64869
NUDT-SIRST,000143,654,654,0,1.0,3.071218543482246e-06,0.8766140602582496,698,64838
NUDT-SIRST,001011,654,654,0,1.0,3.4301858704566257e-06,0.871244635193133,702,64834
NUDT-SIRST,000834,654,654,0,1.0,1.3240312910056673e-05,0.8041379310344827,754,64782
NUDT-SIRST,000095,655,655,0,1.0,7.93548588262638e-06,0.9378698224852071,322,65214
NUDT-SIRST,000017,655,655,0,1.0,6.58651401863608e-07,0.9236417033773862,289,65247
NUDT-SIRST,001116,655,655,0,1.0,1.6393229316236102e-06,0.91800878477306,578,64958
NUDT-SIRST,000653,655,655,0,1.0,7.298659056687029e-06,0.9068413391557496,680,64856
NUDT-SIRST,000755,655,655,0,1.0,4.4930802687304094e-06,0.8876080691642652,656,64880
NUDT-SIRST,000705,654,654,0,1.0,3.5275488698971458e-06,0.8793103448275862,750,64786
NUDT-SIRST,000723,654,654,0,1.0,9.113527426052315e-07,0.8820143884892087,756,64780
NUDT-SIRST,000738,654,654,0,1.0,2.3533137209597044e-05,0.9235294117647059,820,64716
NUDT-SIRST,001266,654,654,0,1.0,9.4780363724567e-05,0.9464285714285714,600,64936
NUDT-SIRST,000364,655,655,0,1.0,2.0993261387047824e-06,0.9878603945371776,855,64681
NUDT-SIRST,000791,655,655,0,1.0,1.2206473911646754e-06,0.7969821673525377,646,64890
NUDT-SIRST,000048,655,655,0,1.0,1.1753552371374099e-06,0.8118948824343015,1156,64380
NUDT-SIRST,000228,654,654,0,1.0,3.92849915442639e-06,0.7868852459016393,842,64694
NUDT-SIRST,000956,654,654,0,1.0,4.996335064788582e-06,0.8632478632478633,693,64843
NUDT-SIRST,000570,654,654,0,1.0,2.1894828023505397e-05,0.9493293591654247,625,64911
NUDT-SIRST,000116,655,655,0,1.0,2.565925797171076e-06,0.9096209912536443,572,64964
NUDT-SIRST,000350,655,655,0,1.0,1.606828959666018e-06,1.0,285,65251
NUDT-SIRST,000276,654,654,0,1.0,9.933288311003707e-06,0.844851904090268,715,64821
NUDT-SIRST,001022,654,654,0,1.0,8.404848631471395e-05,0.7370517928286853,626,64910
NUDT-SIRST,000369,655,655,0,1.0,3.2299540180247277e-06,0.9969512195121951,285,65251
NUDT-SIRST,001225,655,655,0,1.0,3.58198190042458e-06,0.9407407407407408,289,65247
NUDT-SIRST,000129,655,655,0,1.0,4.5006931941316e-06,0.9264705882352942,355,65181
NUDT-SIRST,000947,654,654,0,1.0,7.878573342168238e-06,0.844851904090268,648,64888
NUDT-SIRST,000800,655,655,0,1.0,1.5891931752776145e-06,0.8219749652294854,662,64874
NUDT-SIRST,000154,654,654,0,1.0,2.07980565392063e-06,0.8685714285714285,663,64873
NUDT-SIRST,001168,655,655,0,1.0,1.2465827694541076e-06,0.9436201780415431,289,65247
NUDT-SIRST,000602,654,654,0,1.0,4.3020052544306964e-05,0.8793103448275862,576,64960
NUDT-SIRST,000210,654,654,0,1.0,5.052064352639718e-06,0.8370786516853933,790,64746
NUDT-SIRST,001284,654,654,0,1.0,7.025841568975011e-06,0.9551569506726457,504,65032
NUDT-SIRST,000534,655,655,0,1.0,5.938293270446593e-06,0.9350073855243722,355,65181
NUDT-SIRST,000814,655,655,0,1.0,8.501288562001719e-07,0.8450704225352113,708,64828
NUDT-SIRST,000846,654,654,0,1.0,1.5437926776940003e-06,0.8370786516853933,714,64822
NUDT-SIRST,001132,655,655,0,1.0,5.022749860472686e-07,0.9523099850968704,289,65247
NUDT-SIRST,000257,654,654,0,1.0,1.29407408167026e-05,0.9122807017543859,613,64923
NUDT-SIRST,000688,654,654,0,1.0,1.05911431091954e-05,0.8874458874458875,743,64793
NUDT-SIRST,001056,654,654,0,1.0,1.0327795280318242e-05,0.8685714285714285,716,64820
NUDT-SIRST,000430,654,654,0,1.0,5.78278923057951e-06,0.8766140602582496,1073,64463
NUDT-SIRST,000900,654,654,0,1.0,9.368360224470962e-06,0.8605974395448079,621,64915
NUDT-SIRST,000471,654,654,0,1.0,1.1671528227452654e-05,0.8901734104046243,715,64821
NUDT-SIRST,000833,655,655,0,1.0,1.789901034499053e-06,0.9152046783625731,342,65194
NUDT-SIRST,000171,655,655,0,1.0,2.7754800612456165e-05,0.9407407407407408,373,65163
NUDT-SIRST,000567,654,654,0,1.0,0.00010132230818271637,0.847457627118644,572,64964
NUDT-SIRST,001043,654,654,0,1.0,6.556974767590873e-06,0.847457627118644,650,64886
NUDT-SIRST,000798,655,655,0,1.0,9.903864111038274e-07,0.8044077134986226,646,64890
NUDT-SIRST,001085,654,654,0,1.0,2.3883274479885586e-05,0.8820143884892087,580,64956
NUDT-SIRST,000895,654,654,0,1.0,3.891247615683824e-06,0.8217270194986073,568,64968
NUDT-SIRST,001121,655,655,0,1.0,8.926310215429112e-07,0.9152046783625731,578,64958
NUDT-SIRST,000979,654,654,0,1.0,3.923754775314592e-05,0.8091286307053942,607,64929
NUDT-SIRST,000363,655,655,0,1.0,3.6019646358909085e-06,0.9878603945371776,285,65251
NUDT-SIRST,000311,654,654,0,1.0,4.899629857391119e-06,0.8820143884892087,571,64965
NUDT-SIRST,000229,654,654,0,1.0,8.685429747856688e-06,0.8766140602582496,828,64708
NUDT-SIRST,000234,654,654,0,1.0,1.0892887075897306e-05,0.8847262247838616,553,64983
NUDT-SIRST,001073,654,654,0,1.0,9.607054380467162e-06,0.8217270194986073,768,64768
NUDT-SIRST,000716,654,654,0,1.0,1.6353642422473058e-05,0.8685714285714285,768,64768
NUDT-SIRST,001005,654,654,0,1.0,2.3422192043653922e-06,0.8739255014326648,588,64948
NUDT-SIRST,001119,655,655,0,1.0,2.2518320292874705e-06,0.9728915662650602,289,65247
NUDT-SIRST,001327,655,655,0,1.0,1.4351287063618656e-05,0.9610778443113772,453,65083
NUDT-SIRST,000754,655,655,0,1.0,6.123087587184273e-06,0.9818456883509834,335,65201
NUDT-SIRST,000245,654,654,0,1.0,5.314459485816769e-06,0.9406528189910979,612,64924
NUDT-SIRST,000780,655,655,0,1.0,4.923435312775837e-07,0.6498740554156172,336,65200
NUDT-SIRST,000277,654,654,0,1.0,1.0913775440712925e-05,0.9150805270863837,715,64821
NUDT-SIRST,001052,654,654,0,1.0,3.3067357435356826e-05,0.7917808219178082,620,64916
NUDT-SIRST,000856,655,655,0,1.0,2.5938594262697734e-05,0.9407407407407408,358,65178
NUDT-SIRST,000871,654,654,0,1.0,5.87784597883001e-06,0.8659058487874465,719,64817
NUDT-SIRST,000531,655,655,0,1.0,2.201202732976526e-05,0.9350073855243722,342,65194
NUDT-SIRST,000472,654,654,0,1.0,7.545307744294405e-05,0.8820143884892087,625,64911
NUDT-SIRST,000083,655,655,0,1.0,1.0964315606543096e-06,0.8958031837916064,289,65247
NUDT-SIRST,000274,654,654,0,1.0,1.924958633026108e-05,0.6068796068796068,544,64992
NUDT-SIRST,000147,654,654,0,1.0,3.6445362638914958e-06,0.8739255014326648,684,64852
NUDT-SIRST,000096,655,655,0,1.0,9.720893103803974e-06,0.9068413391557496,660,64876
NUDT-SIRST,000152,654,654,0,1.0,1.0299416317138821e-05,0.8526912181303116,684,64852
NUDT-SIRST,001158,655,655,0,1.0,7.551328735644347e-07,0.7750677506775068,867,64669
NUDT-SIRST,000453,654,654,0,1.0,3.9447026210837066e-05,0.7651821862348178,1150,64386
NUDT-SIRST,000057,655,655,0,1.0,3.6707757544718334e-07,0.9321533923303835,289,65247
NUDT-SIRST,000411,655,655,0,1.0,8.122043254843447e-06,1.0,336,65200
NUDT-SIRST,000388,655,655,0,1.0,2.7032945126848063e-06,0.9969512195121951,285,65251
NUDT-SIRST,000082,655,655,0,1.0,3.1640049655834446e-06,0.8903318903318903,289,65247
NUDT-SIRST,000655,655,655,0,1.0,7.518056008848362e-06,0.7969821673525377,708,64828
NUDT-SIRST,000962,654,654,0,1.0,5.671551662089769e-06,0.8345021037868162,592,64944
NUDT-SIRST,001086,654,654,0,1.0,5.08558405272197e-05,0.8116343490304709,561,64975
NUDT-SIRST,000539,655,655,0,1.0,2.0770352421095595e-05,0.9378698224852071,357,65179
NUDT-SIRST,000381,655,655,0,1.0,2.9434647785819834e-06,1.0,285,65251
NUDT-SIRST,000527,655,655,0,1.0,1.1513646313687786e-05,0.9494047619047619,353,65183
NUDT-SIRST,000309,654,654,0,1.0,1.0913901860476471e-05,0.9150805270863837,613,64923
NUDT-SIRST,000065,655,655,0,1.0,4.524405085248873e-06,0.9818456883509834,289,65247
NUDT-SIRST,000418,655,655,0,1.0,1.1289090252830647e-05,0.9552238805970149,676,64860
NUDT-SIRST,000306,654,654,0,1.0,1.9234152205171995e-05,0.9349112426035503,715,64821
NUDT-SIRST,000469,654,654,0,1.0,1.345648070127936e-05,0.9435364041604755,575,64961
NUDT-SIRST,000088,655,655,0,1.0,8.687832178111421e-07,0.9436201780415431,289,65247
NUDT-SIRST,001007,654,654,0,1.0,8.038295163714793e-06,0.871244635193133,655,64881
NUDT-SIRST,000690,655,655,0,1.0,7.042278866720153e-06,0.9264705882352942,372,65164
NUDT-SIRST,000686,654,654,0,1.0,6.5474641814944334e-06,0.8901734104046243,770,64766
NUDT-SIRST,000428,654,654,0,1.0,7.660099981876556e-06,0.8847262247838616,715,64821
NUDT-SIRST,000605,655,655,0,1.0,8.64015419210773e-06,0.9552238805970149,367,65169
NUDT-SIRST,001067,654,654,0,1.0,1.0189161002926994e-05,0.8191933240611962,742,64794
NUDT-SIRST,001025,654,654,0,1.0,3.489845767035149e-05,0.8659058487874465,602,64934
NUDT-SIRST,001245,655,655,0,1.0,1.249117417501111e-06,0.9293078055964654,289,65247
NUDT-SIRST,001045,654,654,0,1.0,5.319253432389814e-06,0.7795918367346939,698,64838
NUDT-SIRST,000767,655,655,0,1.0,1.2909179076814326e-06,0.8555240793201133,656,64880
NUDT-SIRST,000728,654,654,0,1.0,2.3362110823654803e-06,0.8901734104046243,786,64750
NUDT-SIRST,001065,654,654,0,1.0,7.706793439865578e-06,0.8632478632478633,648,64888
NUDT-SIRST,000540,655,655,0,1.0,8.216009518946521e-06,0.9552238805970149,340,65196
NUDT-SIRST,000658,654,654,0,1.0,0.00017132073116954416,0.9067055393586005,710,64826
NUDT-SIRST,000549,654,654,0,1.0,0.0038257779087871313,0.8685714285714285,535,65001
NUDT-SIRST,000522,653,653,0,1.0,5.521310959011316e-05,0.842031029619182,1290,64246
NUDT-SIRST,000978,654,654,0,1.0,2.454223249515053e-05,0.8422535211267606,666,64870
NUDT-SIRST,000317,654,654,0,1.0,5.598324150923872e-06,0.9094890510948905,715,64821
NUDT-SIRST,000117,655,655,0,1.0,3.6315886973170564e-06,0.8607954545454546,706,64830
NUDT-SIRST,000184,654,654,0,1.0,3.943051979149459e-06,0.8553191489361702,752,64784
NUDT-SIRST,000631,655,655,0,1.0,1.1622028068813961e-05,0.9878603945371776,323,65213
NUDT-SIRST,000459,654,654,0,1.0,1.702616282273084e-05,0.8396624472573839,653,64883
NUDT-SIRST,000804,655,655,0,1.0,2.5010820081661223e-06,0.8581560283687943,690,64846
NUDT-SIRST,000819,655,655,0,1.0,1.7330067976217833e-06,0.7560321715817694,694,64842
NUDT-SIRST,001048,655,655,0,1.0,4.848200660489965e-06,0.8634423897581792,568,64968
NUDT-SIRST,000271,654,654,0,1.0,1.0815096175065264e-05,0.9292035398230089,576,64960
NUDT-SIRST,000358,655,655,0,1.0,1.4692815284433891e-06,0.9969512195121951,570,64966
NUDT-SIRST,000670,655,655,0,1.0,5.404553121479694e-06,0.9321533923303835,342,65194
NUDT-SIRST,000145,655,655,0,1.0,1.1403810731280828e-06,0.9378698224852071,268,65268
NUDT-SIRST,000118,655,655,0,1.0,8.644655281386804e-06,0.8528995756718529,678,64858
NUDT-SIRST,000239,653,653,0,1.0,1.975988743652124e-05,0.7161629434954008,1236,64300
NUDT-SIRST,000126,655,655,0,1.0,1.3408990525931586e-05,0.9350073855243722,340,65196
NUDT-SIRST,000115,655,655,0,1.0,3.967315024056006e-06,0.8528995756718529,691,64845
NUDT-SIRST,001171,655,655,0,1.0,1.8210207599622663e-06,0.9669669669669669,289,65247
NUDT-SIRST,000497,654,654,0,1.0,8.83682423591381e-06,0.8500707213578501,1178,64358
NUDT-SIRST,000847,654,654,0,1.0,8.186083846339898e-07,0.7651821862348178,742,64794
NUDT-SIRST,000462,654,654,0,1.0,4.788668957189657e-05,0.8929088277858177,653,64883
NUDT-SIRST,000604,655,655,0,1.0,1.0781008313642815e-05,0.9407407407407408,367,65169
NUDT-SIRST,000223,655,655,0,1.0,1.8845749991669436e-06,0.9378698224852071,496,65040
NUDT-SIRST,000810,655,655,0,1.0,2.700630375329638e-06,0.7945205479452054,692,64844
NUDT-SIRST,000938,654,654,0,1.0,3.107673182967119e-05,0.8016528925619835,708,64828
NUDT-SIRST,000460,654,654,0,1.0,0.0011517333332449198,0.9122807017543859,569,64967
NUDT-SIRST,001001,655,655,0,1.0,5.0377475417917594e-05,0.8985507246376812,518,65018
NUDT-SIRST,001108,655,655,0,1.0,1.5424888260895386e-05,0.9699248120300752,289,65247
NUDT-SIRST,000826,654,654,0,1.0,2.0309903447923716e-06,0.7771739130434783,696,64840
NUDT-SIRST,001252,654,654,0,1.0,1.0761423254734837e-05,0.9580838323353293,536,65000
NUDT-SIRST,000981,654,654,0,1.0,1.548018553876318e-05,0.8685714285714285,677,64859
NUDT-SIRST,000429,654,654,0,1.0,8.443091246590484e-06,0.9039301310043668,1072,64464
NUDT-SIRST,001277,654,654,0,1.0,0.0003240768564864993,0.8766140602582496,612,64924
NUDT-SIRST,001080,654,654,0,1.0,4.749844265461434e-06,0.8116343490304709,632,64904
NUDT-SIRST,000707,654,654,0,1.0,8.145109859469812e-06,0.8793103448275862,736,64800
NUDT-SIRST,000221,654,654,0,1.0,1.757463223839295e-06,0.871244635193133,852,64684
NUDT-SIRST,000265,654,654,0,1.0,2.864635916921543e-06,0.9493293591654247,536,65000
NUDT-SIRST,000672,654,654,0,1.0,3.7812387745361775e-06,0.9039301310043668,698,64838
NUDT-SIRST,000752,655,655,0,1.0,2.705370434341603e-06,0.9908814589665653,578,64958
NUDT-SIRST,000481,653,653,0,1.0,3.5890050185116706e-06,0.7720488466757124,1315,64221
NUDT-SIRST,000384,655,655,0,1.0,2.997756837430643e-06,0.9848484848484849,1140,64396
NUDT-SIRST,000236,654,654,0,1.0,1.8227248801849782e-05,0.9039301310043668,600,64936
NUDT-SIRST,000125,655,655,0,1.0,6.087811016186606e-06,0.8876080691642652,663,64873
NUDT-SIRST,000892,654,654,0,1.0,5.5867885748739354e-06,0.8345021037868162,602,64934
NUDT-SIRST,000238,654,654,0,1.0,5.45805596630089e-06,0.9094890510948905,715,64821
NUDT-SIRST,000639,655,655,0,1.0,2.69091033260338e-05,0.9465081723625557,338,65198
NUDT-SIRST,000914,654,654,0,1.0,5.327410235622665e-06,0.8632478632478633,580,64956
NUDT-SIRST,000432,654,654,0,1.0,1.3648853382619563e-05,0.8422535211267606,1200,64336
NUDT-SIRST,000489,654,654,0,1.0,5.0578895752551034e-05,0.8685714285714285,1151,64385
NUDT-SIRST,000513,653,653,0,1.0,4.57861133327242e-05,0.8013793103448276,1327,64209
NUDT-SIRST,000114,655,655,0,1.0,7.734258360869717e-06,0.9013062409288825,338,65198
NUDT-SIRST,000719,654,654,0,1.0,1.7909483176481444e-06,0.7486631016042781,730,64806
NUDT-SIRST,000643,655,655,0,1.0,6.540412414324237e-06,0.8502824858757062,621,64915
NUDT-SIRST,000994,655,655,0,1.0,1.7032538380590267e-05,0.834733893557423,569,64967
NUDT-SIRST,000712,654,654,0,1.0,2.1721876692026854e-05,0.8793103448275862,674,64862
NUDT-SIRST,000242,654,654,0,1.0,2.8789192583644763e-05,0.8370786516853933,1253,64283
NUDT-SIRST,001207,655,655,0,1.0,1.3391061202128185e-06,0.9436201780415431,578,64958
NUDT-SIRST,000201,654,654,0,1.0,3.6710996482725022e-06,0.8422535211267606,786,64750
NUDT-SIRST,001312,654,654,0,1.0,0.0001244015438714996,0.9610194902548725,536,65000
NUDT-SIRST,000524,655,655,0,1.0,7.237732916109962e-06,0.9465081723625557,342,65194
NUDT-SIRST,000198,654,654,0,1.0,9.322689038526732e-07,0.8345021037868162,756,64780
NUDT-SIRST,000543,655,655,0,1.0,4.72963074571453e-06,0.9581464872944694,370,65166
NUDT-SIRST,000028,655,655,0,1.0,6.021008175594034e-06,0.9321533923303835,289,65247
NUDT-SIRST,001323,654,654,0,1.0,0.00021346165158320218,0.9610194902548725,543,64993
NUDT-SIRST,000331,655,655,0,1.0,2.765574436125462e-06,0.9728915662650602,1140,64396
NUDT-SIRST,000222,655,655,0,1.0,1.4088831221670262e-06,0.9068413391557496,398,65138
NUDT-SIRST,000869,654,654,0,1.0,4.533411356533179e-06,0.847457627118644,637,64899
NUDT-SIRST,000692,654,654,0,1.0,4.126094609091524e-06,0.8929088277858177,730,64806
NUDT-SIRST,000842,655,655,0,1.0,8.161585355992429e-06,0.9378698224852071,342,65194
NUDT-SIRST,000795,655,655,0,1.0,1.731604129417974e-06,0.8373071528751753,527,65009
NUDT-SIRST,001078,654,654,0,1.0,6.097892310208408e-06,0.871244635193133,642,64894
NUDT-SIRST,000896,655,655,0,1.0,1.0357617611589376e-05,0.8741058655221745,520,65016
NUDT-SIRST,000052,655,655,0,1.0,1.0729536370490678e-06,0.9581464872944694,289,65247
NUDT-SIRST,001256,654,654,0,1.0,8.721792255528271e-05,0.7324503311258278,536,65000
NUDT-SIRST,000292,654,654,0,1.0,3.2084590202430263e-06,0.8820143884892087,1129,64407
NUDT-SIRST,000070,655,655,0,1.0,2.0866880731773563e-05,0.975867269984917,289,65247
NUDT-SIRST,000443,654,654,0,1.0,1.600172618054785e-05,0.9094890510948905,494,65042
NUDT-SIRST,000343,655,655,0,1.0,2.443642415528302e-06,0.9818456883509834,285,65251
NUDT-SIRST,000504,654,654,0,1.0,0.00010568011930445209,0.7991746905089409,953,64583
NUDT-SIRST,000203,654,654,0,1.0,2.1584585283562774e-06,0.8526912181303116,786,64750
NUDT-SIRST,000204,654,654,0,1.0,1.7221736925421283e-06,0.7991746905089409,816,64720
NUDT-SIRST,000943,654,654,0,1.0,2.8687589292530902e-05,0.7628032345013477,767,64769
NUDT-SIRST,000886,654,654,0,1.0,6.215372195583768e-06,0.8319327731092437,622,64914
NUDT-SIRST,000337,655,655,0,1.0,2.435121587041067e-06,0.9939117199391172,285,65251
NUDT-SIRST,000146,654,654,0,1.0,2.1937765268376097e-05,0.9178885630498533,684,64852
NUDT-SIRST,000778,655,655,0,1.0,3.513724323056522e-06,0.8068965517241379,672,64864
NUDT-SIRST,001051,654,654,0,1.0,1.2073163816239685e-05,0.847457627118644,627,64909
NUDT-SIRST,000121,655,655,0,1.0,1.3916137504565995e-05,0.8634423897581792,708,64828
NUDT-SIRST,000196,655,655,0,1.0,5.981738695481909e-07,0.9040697674418605,378,65158
NUDT-SIRST,000647,655,655,0,1.0,1.1094707588199526e-06,0.8634423897581792,638,64898
NUDT-SIRST,001182,655,655,0,1.0,1.467949800826318e-06,0.9728915662650602,221,65315
NUDT-SIRST,000972,654,654,0,1.0,4.109504516236484e-05,0.9039301310043668,565,64971
NUDT-SIRST,000750,655,655,0,1.0,9.028169188241009e-06,0.9350073855243722,289,65247
NUDT-SIRST,000568,654,654,0,1.0,0.00040321442065760493,0.9377777777777778,569,64967
NUDT-SIRST,000585,654,654,0,1.0,0.00048535698442719877,0.9377777777777778,612,64924
NUDT-SIRST,000925,654,654,0,1.0,1.1009026820829604e-05,0.8793103448275862,544,64992
NUDT-SIRST,001295,655,655,0,1.0,0.27171915769577026,1.0,355,65181
NUDT-SIRST,000280,654,654,0,1.0,6.910395768500166e-06,0.9320531757754801,553,64983
NUDT-SIRST,000741,654,654,0,1.0,4.5389010665530805e-06,0.8685714285714285,806,64730
NUDT-SIRST,000360,655,655,0,1.0,4.921781965094851e-06,0.9669669669669669,202,65334
NUDT-SIRST,000969,654,654,0,1.0,4.323426401242614e-05,0.7991746905089409,650,64886
NUDT-SIRST,000042,655,655,0,1.0,1.1848867416119901e-06,0.9436201780415431,289,65247
NUDT-SIRST,000087,655,655,0,1.0,2.6466857434570557e-06,0.9523099850968704,289,65247
NUDT-SIRST,000975,654,654,0,1.0,1.5502677342738025e-05,0.871244635193133,578,64958
NUDT-SIRST,000877,655,655,0,1.0,4.362703293736558e-06,0.8714285714285714,518,65018
NUDT-SIRST,000942,655,655,0,1.0,1.074554802471539e-05,0.7774762550881954,572,64964
NUDT-SIRST,000998,654,654,0,1.0,8.785219506535213e-06,0.8820143884892087,600,64936
NUDT-SIRST,000356,655,655,0,1.0,2.0016698272229405e-06,1.0,285,65251
NUDT-SIRST,000697,654,654,0,1.0,2.1417026800918393e-05,0.9235294117647059,760,64776
NUDT-SIRST,000403,655,655,0,1.0,6.0804600252595264e-06,0.9908814589665653,335,65201
NUDT-SIRST,000208,655,655,0,1.0,6.268410743359709e-06,0.8876080691642652,409,65127
NUDT-SIRST,000514,654,654,0,1.0,0.06060697138309479,0.6987012987012987,625,64911
NUDT-SIRST,000401,655,655,0,1.0,3.1532783850707347e-06,0.9552238805970149,571,64965
NUDT-SIRST,000248,654,654,0,1.0,5.252229584584711e-06,0.9320531757754801,585,64951
NUDT-SIRST,000758,655,655,0,1.0,1.0771314009616617e-05,0.9068413391557496,642,64894
NUDT-SIRST,001192,655,655,0,1.0,4.1340635448250396e-07,0.975867269984917,289,65247
NUDT-SIRST,001282,655,655,0,1.0,0.0007176159997470677,0.9321533923303835,383,65153
NUDT-SIRST,000876,654,654,0,1.0,3.840438239421928e-06,0.8319327731092437,598,64938
NUDT-SIRST,000764,655,655,0,1.0,7.888887921581045e-06,0.9610778443113772,545,64991
NUDT-SIRST,000445,654,654,0,1.0,5.3873477554589044e-06,0.9094890510948905,587,64949
NUDT-SIRST,000865,655,655,0,1.0,5.334864908945747e-06,0.9378698224852071,289,65247
NUDT-SIRST,000564,654,654,0,1.0,0.00027715181931853294,0.8141470180305131,715,64821
NUDT-SIRST,000149,654,654,0,1.0,1.421848628524458e-05,0.8500707213578501,698,64838
NUDT-SIRST,000584,654,654,0,1.0,2.590424810477998e-05,0.8956521739130435,572,64964
NUDT-SIRST,001019,654,654,0,1.0,6.748550367774442e-05,0.7893296853625171,452,65084
NUDT-SIRST,001017,654,654,0,1.0,2.0071660401299596e-05,0.8526912181303116,716,64820
NUDT-SIRST,000308,654,654,0,1.0,7.904586709628347e-06,0.871244635193133,715,64821
NUDT-SIRST,001318,654,654,0,1.0,0.0004039598279632628,0.9698795180722891,475,65061
NUDT-SIRST,000018,655,655,0,1.0,3.100703622749279e-07,0.9640179910044977,289,65247
NUDT-SIRST,000056,655,655,0,1.0,1.2880714166385587e-06,0.9728915662650602,289,65247
NUDT-SIRST,000232,654,654,0,1.0,3.163629571645288e-06,0.9610194902548725,537,64999
NUDT-SIRST,000777,655,655,0,1.0,1.6185732647500117e-06,0.8794835007173601,644,64892
NUDT-SIRST,000328,655,655,0,1.0,2.0265320017642807e-06,0.9969512195121951,285,65251
NUDT-SIRST,001217,655,655,0,1.0,7.501888035221782e-07,0.8296089385474861,578,64958
NUDT-SIRST,001219,655,655,0,1.0,6.940745720385166e-07,0.9040697674418605,578,64958
NUDT-SIRST,000577,654,654,0,1.0,4.218500180286355e-05,0.9522388059701492,575,64961
NUDT-SIRST,000383,655,655,0,1.0,2.7783651148638455e-06,0.9878603945371776,285,65251
NUDT-SIRST,001276,654,654,0,1.0,4.635503955796594e-06,0.9435364041604755,569,64967
NUDT-SIRST,000929,654,654,0,1.0,2.0801455320906825e-05,0.8396624472573839,611,64925
NUDT-SIRST,000354,655,655,0,1.0,2.485626055204193e-06,1.0,285,65251
NUDT-SIRST,000029,655,655,0,1.0,6.834934538346715e-06,0.9818456883509834,255,65281
NUDT-SIRST,001118,655,655,0,1.0,1.930194230226334e-06,0.9494047619047619,289,65247
NUDT-SIRST,000006,655,655,0,1.0,1.811232687032316e-05,0.9610778443113772,289,65247
NUDT-SIRST,000105,655,655,0,1.0,1.0631749319145456e-05,0.8958031837916064,646,64890
NUDT-SIRST,000486,654,654,0,1.0,3.1586312161380192e-06,0.8820143884892087,667,64869
NUDT-SIRST,000074,655,655,0,1.0,5.758467068517348e-06,0.9728915662650602,255,65281
NUDT-SIRST,000275,654,654,0,1.0,1.6843356206663884e-05,0.920704845814978,715,64821
NUDT-SIRST,001189,655,655,0,1.0,1.2363973382889526e-06,0.9523099850968704,289,65247
NUDT-SIRST,000612,655,655,0,1.0,2.1845246010343544e-05,0.9465081723625557,380,65156
NUDT-SIRST,000008,655,655,0,1.0,1.034061915561324e-05,0.9068413391557496,867,64669
NUDT-SIRST,001093,654,654,0,1.0,1.2621648238564376e-05,0.7675675675675676,621,64915
NUDT-SIRST,000034,655,655,0,1.0,1.0489769010746386e-05,0.9788519637462235,289,65247
NUDT-SIRST,000949,654,654,0,1.0,6.042832410457777e-06,0.7255936675461742,461,65075
NUDT-SIRST,000039,655,655,0,1.0,1.2700672414212022e-05,0.9581464872944694,238,65298
NUDT-SIRST,001138,655,655,0,1.0,7.410127409457345e-07,0.8985507246376812,578,64958
NUDT-SIRST,000677,654,654,0,1.0,6.703127382934326e-06,0.871244635193133,698,64838
NUDT-SIRST,001198,655,655,0,1.0,5.447220246423967e-06,0.8876080691642652,867,64669
NUDT-SIRST,000696,654,654,0,1.0,9.054745532921515e-06,0.8632478632478633,760,64776
NUDT-SIRST,001230,655,655,0,1.0,5.81297854296281e-07,0.8398876404494382,860,64676
NUDT-SIRST,000590,654,654,0,1.0,2.2434242055169307e-05,0.8901734104046243,667,64869
NUDT-SIRST,001243,655,655,0,1.0,2.1068944988655858e-06,0.9407407407407408,357,65179
NUDT-SIRST,000323,654,654,0,1.0,4.916711077385116e-06,0.8293706293706293,1048,64488
NUDT-SIRST,001032,654,654,0,1.0,3.891898359142942e-06,0.7917808219178082,774,64762
NUDT-SIRST,000488,654,654,0,1.0,1.0148963156098034e-05,0.9406528189910979,504,65032
NUDT-SIRST,000413,655,655,0,1.0,3.7097735912539065e-05,0.975867269984917,671,64865
NUDT-SIRST,000700,654,654,0,1.0,2.0024094737891573e-07,0.8793103448275862,720,64816
NUDT-SIRST,000854,655,655,0,1.0,3.2166972232516855e-06,0.9321533923303835,358,65178
NUDT-SIRST,000217,654,654,0,1.0,6.459206929321226e-07,0.7991746905089409,806,64730
NUDT-SIRST,000101,655,655,0,1.0,7.162112888181582e-05,0.9040697674418605,646,64890
NUDT-SIRST,000518,654,654,0,1.0,1.7802827642299235e-05,0.8242677824267782,1201,64335
NUDT-SIRST,000578,654,654,0,1.0,0.0002890428004320711,0.9150805270863837,667,64869
NUDT-SIRST,000950,654,654,0,1.0,5.7994860981125385e-05,0.8874458874458875,587,64949
NUDT-SIRST,000031,655,655,0,1.0,4.024390818813117e-06,0.9208211143695014,578,64958
NUDT-SIRST,000888,654,654,0,1.0,2.616420033518807e-06,0.8293706293706293,579,64957
NUDT-SIRST,000256,654,654,0,1.0,3.0342732770805014e-06,0.9235294117647059,1129,64407
NUDT-SIRST,000419,655,655,0,1.0,4.1411899474042e-06,0.8296089385474861,608,64928
NUDT-SIRST,000035,655,655,0,1.0,7.359391929639969e-06,0.975867269984917,289,65247
NUDT-SIRST,000872,654,654,0,1.0,6.272845894272905e-06,0.8685714285714285,698,64838
NUDT-SIRST,001147,655,655,0,1.0,7.53247661577916e-07,0.9878603945371776,289,65247
NUDT-SIRST,001033,655,655,0,1.0,1.4511800145555753e-05,0.882183908045977,553,64983
NUDT-SIRST,000991,654,654,0,1.0,1.3355255759961437e-05,0.871244635193133,612,64924
NUDT-SIRST,001113,655,655,0,1.0,1.886702079900715e-06,0.9378698224852071,289,65247
NUDT-SIRST,000884,655,655,0,1.0,1.0615954124659766e-05,0.8607954545454546,553,64983
NUDT-SIRST,001292,655,655,0,1.0,1.7108686733990908e-06,0.9068413391557496,334,65202
NUDT-SIRST,000235,654,654,0,1.0,1.8588904140415252e-06,0.9011627906976745,667,64869
NUDT-SIRST,000185,654,654,0,1.0,6.443338406825205e-06,0.8984034833091437,766,64770
NUDT-SIRST,000404,655,655,0,1.0,1.380734465783462e-05,0.8767908309455588,662,64874
NUDT-SIRST,001071,654,654,0,1.0,1.2926512681588065e-05,0.8579545454545454,612,64924
NUDT-SIRST,000340,655,655,0,1.0,2.595465957710985e-06,1.0,285,65251
NUDT-SIRST,000387,655,655,0,1.0,4.298659405321814e-06,0.9878603945371776,253,65283
NUDT-SIRST,000990,654,654,0,1.0,1.1043695849366486e-05,0.871244635193133,612,64924
NUDT-SIRST,000254,654,654,0,1.0,4.53330903837923e-06,0.8345021037868162,1213,64323
NUDT-SIRST,000953,654,654,0,1.0,4.003226786153391e-05,0.8191933240611962,768,64768
NUDT-SIRST,000770,655,655,0,1.0,2.470364506734768e-06,0.9208211143695014,321,65215
NUDT-SIRST,000241,654,654,0,1.0,8.56576025398681e-06,0.8874458874458875,1146,64390
NUDT-SIRST,000559,654,654,0,1.0,4.794558208232047e-06,0.963963963963964,484,65052
NUDT-SIRST,000357,655,655,0,1.0,1.93864366337948e-06,0.9878603945371776,285,65251
NUDT-SIRST,000905,654,654,0,1.0,1.1625532351899892e-05,0.8370786516853933,692,64844
NUDT-SIRST,000068,655,655,0,1.0,4.943519797961926e-07,0.9013062409288825,578,64958
NUDT-SIRST,000097,655,655,0,1.0,6.2565736698161345e-06,0.8848920863309353,660,64876
NUDT-SIRST,000108,655,655,0,1.0,9.781200787983835e-06,0.9669669669669669,324,65212
NUDT-SIRST,000618,655,655,0,1.0,2.908815076807514e-05,0.9581464872944694,367,65169
NUDT-SIRST,000982,654,654,0,1.0,4.608165909303352e-05,0.847457627118644,768,64768
NUDT-SIRST,000743,654,654,0,1.0,5.667351615556981e-06,0.9039301310043668,836,64700
NUDT-SIRST,000279,654,654,0,1.0,2.5715587526065065e-06,0.9178885630498533,576,64960
NUDT-SIRST,000824,654,654,0,1.0,1.15406623990566e-06,0.8191933240611962,710,64826
NUDT-SIRST,001058,654,654,0,1.0,1.1829603863589e-05,0.8579545454545454,627,64909
NUDT-SIRST,000681,654,654,0,1.0,1.0962589840346482e-05,0.9011627906976745,663,64873
NUDT-SIRST,001196,655,655,0,1.0,3.406803898542421e-06,0.9523099850968704,289,65247
NUDT-SIRST,001275,654,654,0,1.0,7.546332653873833e-06,0.9758308157099698,535,65001
NUDT-SIRST,000760,655,655,0,1.0,2.4001647034310736e-06,0.9350073855243722,568,64968
NUDT-SIRST,000089,655,655,0,1.0,4.5437432163453195e-06,0.8321678321678322,578,64958
NUDT-SIRST,000054,655,655,0,1.0,2.051916908385465e-06,0.8528995756718529,867,64669
NUDT-SIRST,000624,655,655,0,1.0,2.8419788122846512e-06,0.9096209912536443,660,64876
NUDT-SIRST,000987,655,655,0,1.0,1.9723969671758823e-05,0.8958031837916064,520,65016
NUDT-SIRST,001179,655,655,0,1.0,1.3166974213163485e-06,0.9581464872944694,289,65247
NUDT-SIRST,000338,655,655,0,1.0,1.4147740330372471e-06,0.9969512195121951,285,65251
NUDT-SIRST,000206,654,654,0,1.0,7.520366580138216e-06,0.8901734104046243,788,64748
NUDT-SIRST,000177,654,654,0,1.0,4.276929757907055e-06,0.8901734104046243,764,64772
NUDT-SIRST,000565,654,654,0,1.0,0.0032455334439873695,0.9435364041604755,612,64924
NUDT-SIRST,001134,655,655,0,1.0,4.1202014244845486e-07,0.9236417033773862,221,65315
NUDT-SIRST,000130,654,654,0,1.0,1.0855250138774863e-06,0.8116343490304709,724,64812
NUDT-SIRST,000952,654,654,0,1.0,2.8343143640086055e-05,0.7393617021276596,587,64949
NUDT-SIRST,001082,654,654,0,1.0,1.10133851194405e-05,0.7917808219178082,668,64868
NUDT-SIRST,000136,654,654,0,1.0,7.553049272246426e-06,0.8929088277858177,710,64826
NUDT-SIRST,000551,654,654,0,1.0,0.0017168199410662055,0.9580838323353293,536,65000
NUDT-SIRST,000288,654,654,0,1.0,2.3049167339195265e-06,0.9067055393586005,576,64960
NUDT-SIRST,000619,655,655,0,1.0,1.3084625152259832e-06,0.9407407407407408,322,65214
NUDT-SIRST,000852,654,654,0,1.0,9.650231049818103e-07,0.8500707213578501,770,64766
NUDT-SIRST,001165,655,655,0,1.0,4.6396743869081547e-07,0.9293078055964654,289,65247
NUDT-SIRST,000321,654,654,0,1.0,7.573573839181336e-06,0.8500707213578501,1117,64419
NUDT-SIRST,001231,655,655,0,1.0,5.744192321799346e-07,0.91800878477306,289,65247
NUDT-SIRST,000501,654,654,0,1.0,3.932887193514034e-05,0.8579545454545454,1109,64427
NUDT-SIRST,000393,655,655,0,1.0,2.658245193742914e-06,0.9939117199391172,285,65251
NUDT-SIRST,000372,655,655,0,1.0,3.5664230381371453e-05,0.9848484848484849,570,64966
NUDT-SIRST,000512,654,654,0,1.0,4.36900882050395e-05,0.8066298342541437,1238,64298
NUDT-SIRST,000424,653,653,0,1.0,1.3294207747094333e-05,0.7252311756935271,1284,64252
NUDT-SIRST,001211,655,655,0,1.0,2.563739599281689e-06,0.9494047619047619,289,65247
NUDT-SIRST,000977,654,654,0,1.0,6.55838375678286e-05,0.8685714285714285,611,64925
NUDT-SIRST,000580,654,654,0,1.0,2.7921849323320203e-05,0.9464285714285714,569,64967
NUDT-SIRST,000626,655,655,0,1.0,1.680833156569861e-05,0.9378698224852071,660,64876
NUDT-SIRST,000218,654,654,0,1.0,1.5300959148589754e-06,0.7675675675675676,822,64714
NUDT-SIRST,000451,654,654,0,1.0,4.694891231338261e-06,0.7771739130434783,1034,64502
NUDT-SIRST,000566,654,654,0,1.0,9.798970495467074e-06,0.9610194902548725,536,65000
NUDT-SIRST,000165,654,654,0,1.0,1.3697066378881573e-06,0.7967032967032966,730,64806
NUDT-SIRST,000964,654,654,0,1.0,2.9278076908667572e-05,0.8739255014326648,642,64894
NUDT-SIRST,000407,655,655,0,1.0,5.973970928607741e-06,0.9523099850968704,584,64952
NUDT-SIRST,000517,654,654,0,1.0,0.0012586871162056923,0.9178885630498533,569,64967
NUDT-SIRST,000572,654,654,0,1.0,1.7099322576541454e-05,0.9698795180722891,535,65001
NUDT-SIRST,001027,654,654,0,1.0,1.0907816431426909e-05,0.871244635193133,600,64936
NUDT-SIRST,001106,655,655,0,1.0,1.086321503862564e-06,0.9699248120300752,289,65247
NUDT-SIRST,000662,654,654,0,1.0,2.568814579717582e-06,0.847457627118644,696,64840
NUDT-SIRST,000102,655,655,0,1.0,6.21150029473938e-05,0.9465081723625557,323,65213
NUDT-SIRST,000776,655,655,0,1.0,9.672090754975216e-07,0.8903318903318903,658,64878
NUDT-SIRST,000160,654,654,0,1.0,1.6848306358951959e-06,0.8526912181303116,770,64766
NUDT-SIRST,000072,655,655,0,1.0,3.6084668408875586e-06,0.9581464872944694,289,65247
NUDT-SIRST,001062,654,654,0,1.0,1.064593561750371e-05,0.871244635193133,642,64894
NUDT-SIRST,000899,654,654,0,1.0,1.5331670510931872e-05,0.8685714285714285,630,64906
NUDT-SIRST,001091,654,654,0,1.0,0.00010112757445313036,0.8685714285714285,702,64834
NUDT-SIRST,000024,655,655,0,1.0,4.45433443019283e-06,0.9208211143695014,289,65247
NUDT-SIRST,000304,654,654,0,1.0,6.026552910043392e-06,0.9039301310043668,572,64964
NUDT-SIRST,000753,655,655,0,1.0,3.848967480735155e-06,0.9848484848484849,321,65215
NUDT-SIRST,000594,654,654,0,1.0,0.002592089818790555,0.9522388059701492,572,64964
NUDT-SIRST,000769,655,655,0,1.0,1.368765879306011e-06,0.9378698224852071,321,65215
NUDT-SIRST,000464,654,654,0,1.0,0.00010574461339274421,0.9122807017543859,553,64983
NUDT-SIRST,000044,655,655,0,1.0,1.011767835734645e-06,0.9552238805970149,289,65247
NUDT-SIRST,000007,655,655,0,1.0,7.1626127464696765e-06,0.9878603945371776,289,65247
NUDT-SIRST,000438,654,654,0,1.0,1.1649861335172318e-05,0.8242677824267782,1153,64383
NUDT-SIRST,001313,654,654,0,1.0,1.496214736107504e-05,0.9758308157099698,553,64983
NUDT-SIRST,000069,655,655,0,1.0,1.1118165275547653e-05,0.9152046783625731,867,64669
NUDT-SIRST,001187,655,655,0,1.0,1.3094587529849377e-06,0.9581464872944694,289,65247
NUDT-SIRST,000993,654,654,0,1.0,1.581509059178643e-05,0.8659058487874465,607,64929
NUDT-SIRST,000161,654,654,0,1.0,3.544508444974781e-06,0.8422535211267606,770,64766
NUDT-SIRST,000505,654,654,0,1.0,4.948779314872809e-05,0.920704845814978,594,64942
NUDT-SIRST,001290,655,655,0,1.0,1.5500891095143743e-05,0.9640179910044977,399,65137
NUDT-SIRST,000546,654,654,0,1.0,8.747590618440881e-05,0.9435364041604755,504,65032
NUDT-SIRST,000258,654,654,0,1.0,2.0475213204917964e-06,0.8847262247838616,1237,64299
NUDT-SIRST,001064,654,654,0,1.0,2.0799843696295284e-05,0.8041379310344827,702,64834
NUDT-SIRST,001228,655,655,0,1.0,1.6672544234097586e-06,0.9581464872944694,289,65247
NUDT-SIRST,001115,655,655,0,1.0,4.4425948431126017e-07,0.9124087591240876,289,65247
NUDT-SIRST,000674,654,654,0,1.0,7.3128803705913015e-06,0.9263622974963182,684,64852
NUDT-SIRST,001293,654,654,0,1.0,0.00014819188800174743,0.9758308157099698,537,64999
NUDT-SIRST,001269,654,654,0,1.0,4.972518945578486e-05,0.9235294117647059,587,64949
NUDT-SIRST,001172,655,655,0,1.0,1.4894613968863268e-06,0.9152046783625731,289,65247
NUDT-SIRST,001247,655,655,0,1.0,2.0915790628350805e-06,0.9321533923303835,289,65247
NUDT-SIRST,000667,654,654,0,1.0,4.763146080222214e-06,0.8929088277858177,698,64838
NUDT-SIRST,000641,655,655,0,1.0,1.0422887726235786e-06,0.8958031837916064,676,64860
NUDT-SIRST,000172,654,654,0,1.0,1.9063543277297867e-06,0.8319327731092437,733,64803
NUDT-SIRST,000503,654,654,0,1.0,0.00012686407717410475,0.8553191489361702,1141,64395
NUDT-SIRST,000181,654,654,0,1.0,6.998257617851777e-07,0.8422535211267606,778,64758
NUDT-SIRST,000726,654,654,0,1.0,0.00016923756629694253,0.8901734104046243,767,64769
NUDT-SIRST,000033,655,655,0,1.0,1.2858598665843601e-06,0.9523099850968704,289,65247
NUDT-SIRST,000437,654,654,0,1.0,4.1320789023302495e-05,0.9122807017543859,715,64821
NUDT-SIRST,001263,654,654,0,1.0,0.00014640869630966336,0.9464285714285714,715,64821
NUDT-SIRST,000989,654,654,0,1.0,4.364036158222007e-06,0.8319327731092437,567,64969
NUDT-SIRST,000376,655,655,0,1.0,2.2444326077675214e-06,1.0,285,65251
NUDT-SIRST,000959,654,654,0,1.0,4.3834323150804266e-05,0.8766140602582496,602,64934
NUDT-SIRST,000491,654,654,0,1.0,2.3487933503929526e-05,0.8066298342541437,1237,64299
NUDT-SIRST,001090,654,654,0,1.0,2.519231384212617e-05,0.8553191489361702,642,64894
NUDT-SIRST,000530,655,655,0,1.0,0.00012052024248987436,0.8424753867791842,370,65166
NUDT-SIRST,001104,654,654,0,1.0,3.5541847864806186e-06,0.6248447204968944,578,64958
NUDT-SIRST,000796,655,655,0,1.0,1.5390489807032282e-06,0.8930635838150289,323,65213
NUDT-SIRST,000290,654,654,0,1.0,2.017457291003666e-06,0.9320531757754801,585,64951
NUDT-SIRST,000179,654,654,0,1.0,1.8887494661612436e-06,0.8422535211267606,764,64772
NUDT-SIRST,000868,654,654,0,1.0,2.0544478047668235e-06,0.8422535211267606,776,64760
NUDT-SIRST,000264,654,654,0,1.0,2.988452706631506e-06,0.920704845814978,576,64960
NUDT-SIRST,000327,655,655,0,1.0,3.883293629769469e-06,0.9969512195121951,285,65251
NUDT-SIRST,000657,654,654,0,1.0,7.288158940355061e-06,0.8820143884892087,710,64826
NUDT-SIRST,000442,654,654,0,1.0,7.733219717920292e-06,0.8370786516853933,1140,64396
NUDT-SIRST,001035,655,655,0,1.0,7.9993114923127e-06,0.8019257221458047,572,64964
NUDT-SIRST,001136,655,655,0,1.0,1.1955257832596544e-06,0.9669669669669669,289,65247
NUDT-SIRST,000251,654,654,0,1.0,2.9865032047382556e-06,0.744,625,64911
NUDT-SIRST,000342,655,655,0,1.0,6.530550308525562e-06,0.9581464872944694,1033,64503
NUDT-SIRST,000098,655,655,0,1.0,3.818050117843086e-06,0.9552238805970149,323,65213
NUDT-SIRST,001166,655,655,0,1.0,7.740612772977329e-07,0.9552238805970149,289,65247
NUDT-SIRST,000829,655,655,0,1.0,2.475235987731139e-06,0.9407407407407408,341,65195
NUDT-SIRST,001049,654,654,0,1.0,6.338584626064403e-06,0.8793103448275862,578,64958
NUDT-SIRST,000104,655,655,0,1.0,6.554701030836441e-06,0.8903318903318903,646,64890
NUDT-SIRST,000402,655,655,0,1.0,1.2935398444824386e-05,0.9878603945371776,334,65202
NUDT-SIRST,000339,655,655,0,1.0,2.8515262329165125e-06,0.9788519637462235,855,64681
NUDT-SIRST,000427,654,654,0,1.0,1.5529958545812406e-05,0.9263622974963182,575,64961
NUDT-SIRST,000078,655,655,0,1.0,4.9737500376068056e-06,0.9610778443113772,187,65349
NUDT-SIRST,001014,654,654,0,1.0,1.9292544948257273e-06,0.744,559,64977
NUDT-SIRST,000139,654,654,0,1.0,1.724942740111146e-05,0.9263622974963182,682,64854
NUDT-SIRST,001152,655,655,0,1.0,1.1393267413950525e-06,0.9350073855243722,289,65247
NUDT-SIRST,000479,654,654,0,1.0,3.7708948639192386e-06,0.9235294117647059,576,64960
NUDT-SIRST,000175,655,655,0,1.0,1.4537084780386067e-06,0.9096209912536443,374,65162
NUDT-SIRST,000435,654,654,0,1.0,6.176529950607801e-06,0.8345021037868162,1169,64367
NUDT-SIRST,001072,654,654,0,1.0,8.61566422827309e-06,0.8632478632478633,680,64856
NUDT-SIRST,000246,654,654,0,1.0,2.884742571040988e-06,0.8016528925619835,613,64923
NUDT-SIRST,000414,655,655,0,1.0,8.834517757350113e-06,0.9610778443113772,671,64865
NUDT-SIRST,000638,655,655,0,1.0,8.42308782011969e-06,0.9465081723625557,662,64874
NUDT-SIRST,000904,654,654,0,1.0,2.065304943243973e-05,0.8685714285714285,598,64938
NUDT-SIRST,001321,654,654,0,1.0,1.231952501257183e-05,0.9758308157099698,490,65046
NUDT-SIRST,000396,655,655,0,1.0,3.0565458928322187e-06,1.0,285,65251
NUDT-SIRST,000094,655,655,0,1.0,8.651832104078494e-07,0.8245125348189415,543,64993
NUDT-SIRST,000805,655,655,0,1.0,5.119336492498405e-06,0.8985507246376812,198,65338
NUDT-SIRST,000005,655,655,0,1.0,7.071424079185817e-06,0.9699248120300752,289,65247
NUDT-SIRST,001316,654,654,0,1.0,0.0005066165467724204,0.9610194902548725,536,65000
NUDT-SIRST,001046,654,654,0,1.0,5.764857633039355e-06,0.847457627118644,588,64948
NUDT-SIRST,000586,654,654,0,1.0,0.0008395859622396529,0.8242677824267782,667,64869
NUDT-SIRST,001226,655,655,0,1.0,1.1503489076858386e-06,0.8741058655221745,867,64669
NUDT-SIRST,000079,655,655,0,1.0,5.408813876783825e-07,0.9581464872944694,289,65247
NUDT-SIRST,000725,654,654,0,1.0,1.137323761213338e-05,0.9039301310043668,786,64750
NUDT-SIRST,001296,654,654,0,1.0,0.0020797820761799812,0.9349112426035503,667,64869
NUDT-SIRST,000827,654,654,0,1.0,1.6164927956197062e-06,0.8370786516853933,682,64854
NUDT-SIRST,000103,655,655,0,1.0,3.6768969948752783e-06,0.9096209912536443,323,65213
NUDT-SIRST,001099,654,654,0,1.0,1.0176765499636531e-05,0.7795918367346939,774,64762
NUDT-SIRST,001205,655,655,0,1.0,2.906419922510395e-07,0.9640179910044977,289,65247
NUDT-SIRST,000368,655,655,0,1.0,2.7798255359812174e-06,1.0,285,65251
NUDT-SIRST,000278,654,654,0,1.0,1.598932249180507e-05,0.9122807017543859,572,64964
NUDT-SIRST,000190,654,654,0,1.0,1.5388698102469789e-06,0.7991746905089409,796,64740
NUDT-SIRST,000544,654,654,0,1.0,1.2587674063979648e-05,0.920704845814978,497,65039
NUDT-SIRST,001260,654,654,0,1.0,5.03030933032278e-05,0.9320531757754801,569,64967
NUDT-SIRST,000997,655,655,0,1.0,3.9117701817303896e-05,0.8930635838150289,535,65001
NUDT-SIRST,000431,654,654,0,1.0,9.180794222629629e-06,0.9788199697428139,535,65001
NUDT-SIRST,000919,654,654,0,1.0,5.163419700693339e-06,0.8500707213578501,567,64969
NUDT-SIRST,001197,655,655,0,1.0,2.3366756067844108e-06,0.9818456883509834,289,65247
NUDT-SIRST,001030,654,654,0,1.0,6.692507213301724e-06,0.8345021037868162,721,64815
NUDT-SIRST,001173,655,655,0,1.0,1.426839276064129e-06,0.834733893557423,578,64958
NUDT-SIRST,000454,654,654,0,1.0,8.692272785992827e-06,0.9292035398230089,537,64999
NUDT-SIRST,001157,655,655,0,1.0,9.734667401062325e-07,0.975867269984917,289,65247
NUDT-SIRST,000164,654,654,0,1.0,2.0408592718013097e-06,0.7893296853625171,730,64806
NUDT-SIRST,001037,654,654,0,1.0,4.611867552739568e-05,0.7795918367346939,742,64794
NUDT-SIRST,000077,655,655,0,1.0,7.84416556598444e-07,0.9096209912536443,289,65247
NUDT-SIRST,000642,655,655,0,1.0,1.0002169801737182e-05,0.9293078055964654,662,64874
NUDT-SIRST,000828,654,654,0,1.0,4.484618784772465e-06,0.7795918367346939,752,64784
NUDT-SIRST,000675,654,654,0,1.0,5.920530838920968e-06,0.8874458874458875,640,64896
NUDT-SIRST,000702,654,654,0,1.0,4.907853053737199e-06,0.8901734104046243,777,64759
NUDT-SIRST,000310,654,654,0,1.0,1.1937925592064857e-05,0.9292035398230089,587,64949
NUDT-SIRST,000797,655,655,0,1.0,1.7028444290190237e-06,0.9040697674418605,323,65213
NUDT-SIRST,000739,654,654,0,1.0,4.971321686753072e-06,0.8847262247838616,820,64716
NUDT-SIRST,000123,655,655,0,1.0,1.029824124998413e-05,0.8270571827057183,680,64856
NUDT-SIRST,001270,654,654,0,1.0,0.00015120905300136656,0.8166666666666667,612,64924
NUDT-SIRST,001170,655,655,0,1.0,3.988190201198449e-06,0.9152046783625731,289,65247
NUDT-SIRST,001117,655,655,0,1.0,3.7660943235096056e-06,0.9407407407407408,289,65247
NUDT-SIRST,000857,654,654,0,1.0,4.423321570357075e-06,0.7868852459016393,692,64844
NUDT-SIRST,000477,654,654,0,1.0,9.666515325079672e-06,0.8553191489361702,715,64821
NUDT-SIRST,000180,654,654,0,1.0,7.220826319098705e-07,0.8141470180305131,750,64786
NUDT-SIRST,001130,655,655,0,1.0,1.6349588349839905e-06,0.9124087591240876,289,65247
NUDT-SIRST,000958,654,654,0,1.0,4.407061715028249e-05,0.8766140602582496,677,64859
NUDT-SIRST,000855,654,654,0,1.0,2.1479895622178447e-06,0.8166666666666667,649,64887
NUDT-SIRST,001109,655,655,0,1.0,2.392308488197159e-06,0.9552238805970149,289,65247
NUDT-SIRST,001009,654,654,0,1.0,1.15765460577677e-05,0.7009102730819246,677,64859
NUDT-SIRST,000199,655,655,0,1.0,2.071497192446259e-06,0.9236417033773862,420,65116
NUDT-SIRST,001203,655,655,0,1.0,1.2001527238680865e-06,0.9788519637462235,289,65247
NUDT-SIRST,000676,654,654,0,1.0,1.9096998585155234e-05,0.9178885630498533,560,64976
NUDT-SIRST,000132,654,654,0,1.0,5.828835583088221e-06,0.8659058487874465,696,64840
NUDT-SIRST,000441,654,654,0,1.0,5.163265541341389e-06,0.9011627906976745,613,64923
NUDT-SIRST,001261,654,654,0,1.0,5.858599615748972e-05,0.9067055393586005,653,64883
NUDT-SIRST,000878,654,654,0,1.0,7.063325938361231e-06,0.8217270194986073,587,64949
NUDT-SIRST,000283,654,654,0,1.0,3.1317074444814352e-06,0.9263622974963182,667,64869
NUDT-SIRST,000408,655,655,0,1.0,1.2236104339535814e-05,0.9465081723625557,352,65184
NUDT-SIRST,000244,654,654,0,1.0,9.318216143583413e-06,0.9292035398230089,715,64821
NUDT-SIRST,000322,654,654,0,1.0,9.904350008582696e-06,0.9377777777777778,625,64911
NUDT-SIRST,001105,655,655,0,1.0,9.404065508533677e-07,0.8903318903318903,578,64958
NUDT-SIRST,000932,654,654,0,1.0,1.6751266230130568e-05,0.8116343490304709,719,64817
