image_name,candidate_pixels,target_leakage_pixels,target_protect_pixels,boundary_protect_pixels,ohem_negative_pixels,ohem_overlap_pixels,ohem_overlap_fraction,far_hard_logit_mean,far_hard_prob_mean
001137,325,0,9,72,655,174,0.5353846153846153,-14.228611946105957,1.1396156196497031e-06
000345,326,0,5,72,655,299,0.9171779141104295,-12.89852523803711,3.179820623699925e-06
000774,326,0,13,75,655,326,1.0,-11.92266845703125,2.8732158170896582e-05
000593,323,0,61,182,654,323,1.0,-6.543532371520996,0.0052686952985823154
001002,323,0,51,189,654,323,1.0,-9.63310718536377,8.477024675812572e-05
001024,323,0,47,197,654,323,1.0,-11.21857738494873,3.241995727876201e-05
001285,324,0,21,116,655,324,1.0,-12.314258575439453,8.649893061374314e-06
000649,322,0,35,192,655,322,1.0,-11.961196899414062,1.029428040055791e-05
000282,324,0,58,180,654,324,1.0,-12.30236530303955,6.853765171399573e-06
000037,325,0,9,72,655,325,1.0,-12.027670860290527,7.342362550843973e-06
001150,325,0,9,72,655,325,1.0,-13.460691452026367,2.6354500732850283e-06
001124,325,0,9,72,655,251,0.7723076923076924,-13.296804428100586,1.9973806502093794e-06
001185,323,0,18,144,655,323,1.0,-13.024027824401855,2.389700966887176e-06
000718,322,0,56,216,654,322,1.0,-10.48405933380127,3.2980820833472535e-05
000968,323,0,49,179,654,323,1.0,-9.96005916595459,5.839176083100028e-05
001216,325,0,9,72,655,57,0.1753846153846154,-15.005478858947754,1.588246777828317e-05
000494,319,0,127,374,654,319,1.0,-9.875164985656738,0.00017880792438518256
001015,323,0,68,217,654,323,1.0,-12.164027214050293,6.690795089525636e-06
001186,323,0,18,144,655,290,0.8978328173374613,-13.084297180175781,2.3444517864845693e-06
000197,323,0,56,183,654,287,0.8885448916408669,-13.41946792602539,1.7453158989155781e-06
000811,323,0,34,186,655,323,1.0,-13.702539443969727,1.287606551159115e-06
000601,324,0,58,139,654,324,1.0,-8.283721923828125,0.00036366068525239825
001040,323,0,66,216,654,323,1.0,-11.782779693603516,1.2337082807789557e-05
000735,324,0,31,108,655,324,1.0,-10.804401397705078,2.90529405901907e-05
001029,322,0,78,264,654,322,1.0,-12.083898544311523,7.122338502085768e-06
000623,325,0,15,84,655,325,1.0,-11.329306602478027,1.4888677469571121e-05
000436,323,0,58,180,654,323,1.0,-11.714104652404785,1.0577749890217092e-05
001242,318,0,36,288,655,318,1.0,-12.439385414123535,6.928179573151283e-06
000813,323,0,36,156,655,323,1.0,-12.969618797302246,2.797128445308772e-06
000493,319,0,136,368,654,319,1.0,-11.070537567138672,5.491239426191896e-05
001053,323,0,44,183,654,323,1.0,-10.804291725158691,3.538193050189875e-05
000410,322,0,24,174,655,322,1.0,-12.134462356567383,6.883030891913222e-06
000936,323,0,34,192,655,323,1.0,-11.64493465423584,1.1824989996966906e-05
000473,324,0,52,183,654,324,1.0,-10.743413925170898,3.499299782561138e-05
000478,319,0,139,372,653,319,1.0,-11.423299789428711,1.750805131450761e-05
000458,323,0,69,192,654,323,1.0,-11.231627464294434,1.6273870642180555e-05
000709,323,0,52,175,654,323,1.0,-11.595978736877441,1.1777865438489243e-05
001307,324,0,20,115,655,324,1.0,-12.13655948638916,6.652927368122619e-06
000781,322,0,28,180,655,278,0.8633540372670807,-13.088692665100098,2.576971155576757e-06
001023,323,0,46,191,654,323,1.0,-11.41789722442627,2.3689364752499387e-05
001004,322,0,75,225,654,322,1.0,-10.985509872436523,1.995306956814602e-05
000359,325,0,5,72,655,325,1.0,-12.627386093139648,4.36400205217069e-06
000287,323,0,72,213,654,323,1.0,-12.562010765075684,4.6185145947674755e-06
000482,323,0,80,211,654,323,1.0,-11.143059730529785,4.067962072440423e-05
000941,323,0,61,199,654,323,1.0,-11.408161163330078,1.833702663134318e-05
000067,325,0,9,72,655,257,0.7907692307692308,-13.893220901489258,1.4849885019430076e-06
000284,323,0,80,211,654,323,1.0,-12.47782039642334,5.001998488296522e-06
000447,323,0,72,213,654,323,1.0,-11.757798194885254,1.1982473552052397e-05
000894,323,0,63,217,654,323,1.0,-12.277325630187988,6.195271453179885e-06
000163,322,0,44,192,654,322,1.0,-12.476517677307129,6.721242243656889e-06
000059,318,0,36,288,655,318,1.0,-13.269559860229492,3.626274519774597e-06
001222,325,0,9,72,655,268,0.8246153846153846,-13.091530799865723,2.423847718091565e-06
000945,323,0,39,174,654,323,1.0,-10.075906753540039,0.00011008004366885871
000446,323,0,58,167,654,323,1.0,-11.134398460388184,3.633148662629537e-05
000193,322,0,56,210,654,322,1.0,-11.688407897949219,1.170943596662255e-05
000746,321,0,68,258,654,321,1.0,-12.215973854064941,6.018855401634937e-06
000733,321,0,61,222,654,278,0.8660436137071651,-14.174662590026855,7.981954581737227e-07
000621,322,0,28,168,655,322,1.0,-10.815913200378418,3.128161915810779e-05
001131,318,0,36,288,655,102,0.32075471698113206,-14.760907173156738,5.551601702791231e-07
000085,325,0,9,72,655,325,1.0,-13.34752082824707,2.450468628012459e-06
000064,326,0,9,63,655,316,0.9693251533742331,-12.583252906799316,5.3417188610183075e-06
000312,323,0,69,192,654,323,1.0,-12.648711204528809,4.167786300968146e-06
000213,322,0,63,222,654,322,1.0,-11.586676597595215,1.5642626749468036e-05
001297,323,0,80,211,654,323,1.0,-7.582156658172607,0.0017327023670077324
001039,323,0,38,190,654,323,1.0,-12.662861824035645,3.7310944662749534e-06
000066,326,0,9,72,655,326,1.0,-13.296967506408691,2.0182794742140686e-06
000002,325,0,9,72,655,299,0.92,-13.039772033691406,4.043189164804062e-06
000843,322,0,40,186,654,269,0.8354037267080745,-13.092209815979004,2.847505129466299e-06
000659,322,0,38,186,654,322,1.0,-12.590633392333984,4.6954846766311675e-06
000298,319,0,124,373,654,285,0.8934169278996865,-13.172199249267578,2.5087313133553835e-06
000227,321,0,70,246,654,321,1.0,-13.405831336975098,2.035572151726228e-06
000951,323,0,57,209,654,323,1.0,-10.518083572387695,4.081214137841016e-05
000299,323,0,83,224,654,323,1.0,-12.148085594177246,6.989738722040784e-06
000937,323,0,60,205,654,323,1.0,-10.26689338684082,6.903733446961269e-05
000547,324,0,65,148,654,324,1.0,-12.016263008117676,8.79841718415264e-06
000948,323,0,53,192,654,323,1.0,-9.700170516967773,9.086047066375613e-05
000859,322,0,46,208,654,322,1.0,-12.120098114013672,7.588593689433765e-06
000058,325,0,9,72,655,101,0.31076923076923074,-14.743182182312012,1.6119612382681225e-06
000422,325,0,12,84,655,325,1.0,-11.520306587219238,1.1967385034949984e-05
001140,325,0,9,72,655,325,1.0,-13.949858665466309,9.614990403861157e-07
000873,322,0,78,256,654,322,1.0,-11.572357177734375,1.6730758943594992e-05
001249,323,0,62,186,654,323,1.0,-9.18662166595459,0.0017227906500920653
000822,322,0,38,186,654,299,0.9285714285714286,-13.893547058105469,1.139625510404585e-06
000745,322,0,68,240,654,322,1.0,-12.512103080749512,4.322135282563977e-06
000609,325,0,14,102,655,325,1.0,-10.623540878295898,4.676417665905319e-05
000881,322,0,108,244,654,322,1.0,-11.489520072937012,1.4352621292346157e-05
001271,323,0,80,211,654,323,1.0,-9.173188209533691,0.00017349155677948147
000851,322,0,42,216,654,322,1.0,-13.965842247009277,1.0431850796521758e-06
000848,322,0,42,198,654,190,0.5900621118012422,-13.650647163391113,1.301220777349954e-06
001016,322,0,86,262,654,320,0.9937888198757764,-10.205827713012695,5.772376243839972e-05
001100,322,0,83,255,654,322,1.0,-11.09892463684082,1.8617713067214936e-05
000004,325,0,9,72,655,305,0.9384615384615385,-12.71224594116211,4.745160367747303e-06
001208,325,0,9,72,655,96,0.2953846153846154,-14.875764846801758,5.230023703006736e-07
000099,322,0,30,168,655,322,1.0,-10.800477027893066,2.6861776859732345e-05
000073,325,0,9,72,655,325,1.0,-11.62846851348877,1.3398576811596286e-05
000049,325,0,9,72,655,325,1.0,-12.235774993896484,8.278627319668885e-06
000158,322,0,42,204,654,322,1.0,-13.077603340148926,4.238445399096236e-06
001279,324,0,35,140,655,324,1.0,-10.688384056091309,4.429551336215809e-05
000063,325,0,9,72,655,245,0.7538461538461538,-13.411615371704102,1.7167777741633472e-06
001181,325,0,9,72,655,325,1.0,-12.962013244628906,7.52057894715108e-06
000515,319,0,131,362,654,319,1.0,-8.218216896057129,0.00038121771649457514
001054,322,0,79,225,654,322,1.0,-9.935037612915039,7.268204353749752e-05
000844,322,0,40,180,654,322,1.0,-14.027909278869629,9.37524077926355e-07
001177,321,0,27,216,655,321,1.0,-11.128727912902832,2.9737389922956936e-05
000934,323,0,41,186,654,323,1.0,-11.31435489654541,3.204568929504603e-05
000663,322,0,38,180,654,322,1.0,-11.460864067077637,2.28468870773213e-05
000841,322,0,40,186,654,315,0.9782608695652174,-12.77570915222168,4.036984137201216e-06
000205,322,0,60,213,654,322,1.0,-12.434439659118652,7.015454229986062e-06
000911,323,0,45,192,654,297,0.9195046439628483,-12.691845893859863,5.2729474191437475e-06
000211,321,0,62,222,654,321,1.0,-11.34744644165039,1.4740555343450978e-05
000267,319,0,126,374,654,305,0.9561128526645768,-12.49885368347168,7.4036129262822215e-06
000379,325,0,5,72,655,286,0.88,-13.024690628051758,3.0321255053422647e-06
000168,322,0,46,208,654,322,1.0,-12.529633522033691,4.549315690383082e-06
000301,323,0,65,174,654,323,1.0,-12.179703712463379,6.7504015532904305e-06
001061,323,0,63,217,654,323,1.0,-11.039642333984375,3.0134155167615972e-05
001299,323,0,71,194,654,323,1.0,-9.38820743560791,0.00031083301291801035
000818,325,0,18,96,655,179,0.5507692307692308,-13.603076934814453,1.7969744021684164e-06
001070,323,0,55,202,654,323,1.0,-12.034743309020996,1.2977770893485285e-05
001305,324,0,16,109,655,301,0.9290123456790124,-12.950821876525879,3.507850124151446e-06
001095,323,0,44,183,654,323,1.0,-12.655248641967773,3.991464382124832e-06
000695,324,0,23,108,655,324,1.0,-9.76098918914795,7.4964169471059e-05
000375,323,0,10,144,655,323,1.0,-12.529914855957031,5.998774213367142e-06
000061,318,0,36,288,655,316,0.9937106918238994,-12.586039543151855,6.4895630202954635e-06
000669,322,0,40,210,654,322,1.0,-12.328575134277344,6.4010537244030274e-06
000325,321,0,15,216,655,309,0.9626168224299065,-13.199702262878418,2.4965790998976445e-06
000864,322,0,46,198,654,322,1.0,-10.450068473815918,3.3559539588168263e-05
000174,322,0,48,192,654,322,1.0,-9.831361770629883,6.18332633166574e-05
000347,325,0,5,72,655,308,0.9476923076923077,-12.754321098327637,3.948386620322708e-06
000748,322,0,70,219,654,322,1.0,-11.675337791442871,1.1116994755866472e-05
000946,323,0,78,257,654,323,1.0,-10.29219913482666,4.837192318518646e-05
001274,323,0,58,180,654,323,1.0,-10.064796447753906,6.249432044569403e-05
001059,323,0,50,185,654,323,1.0,-9.935066223144531,5.9460555348778144e-05
000253,323,0,55,181,654,323,1.0,-11.852400779724121,9.612192116037477e-06
000679,322,0,40,180,654,322,1.0,-10.973227500915527,0.023758990690112114
001041,323,0,61,199,654,323,1.0,-10.869508743286133,2.3504893761128187e-05
000999,323,0,73,221,654,323,1.0,-10.370109558105469,4.74137304991018e-05
000794,325,0,15,84,655,302,0.9292307692307692,-12.686227798461914,5.36056222699699e-06
000576,323,0,54,161,654,323,1.0,-7.613234996795654,0.003271744353696704
001094,323,0,66,219,654,323,1.0,-10.72393798828125,3.0368917578016408e-05
000635,322,0,28,170,655,322,1.0,-11.685798645019531,1.100398731068708e-05
000825,325,0,19,96,655,297,0.9138461538461539,-13.565058708190918,1.5530783912254265e-06
000013,323,0,18,144,655,323,1.0,-10.97330379486084,2.3268859877134673e-05
000627,322,0,30,174,655,322,1.0,-12.076200485229492,8.142734259308781e-06
000487,323,0,65,192,654,323,1.0,-12.087916374206543,9.36191099754069e-06
001201,325,0,9,72,655,311,0.9569230769230769,-12.869732856750488,6.354230663419003e-06
000457,320,0,145,366,653,320,1.0,-11.070451736450195,2.6960231480188668e-05
000916,323,0,75,218,654,323,1.0,-11.302063941955566,1.6482785213156603e-05
000030,325,0,9,72,655,310,0.9538461538461539,-12.568416595458984,7.663325959583744e-06
000109,322,0,32,174,655,322,1.0,-11.814388275146484,1.084133873519022e-05
000693,324,0,23,102,655,324,1.0,-12.03995132446289,9.940269592334516e-06
000183,322,0,51,216,654,322,1.0,-12.339980125427246,5.274562681734096e-06
000467,320,0,104,336,654,320,1.0,-12.459220886230469,4.867279585596407e-06
001164,326,0,9,72,655,326,1.0,-13.376677513122559,2.0179684270260623e-06
001258,324,0,54,161,654,324,1.0,-10.872374534606934,0.0002298615436302498
000970,323,0,61,199,654,323,1.0,-10.57473087310791,3.771146293729544e-05
000263,323,0,62,186,654,323,1.0,-13.639814376831055,1.3644224736708566e-06
000858,322,0,45,198,654,322,1.0,-12.056199073791504,7.490478765248554e-06
000668,322,0,40,180,654,322,1.0,-11.76487922668457,1.3082326404401101e-05
000526,324,0,33,114,655,324,1.0,-10.697425842285156,2.94621004286455e-05
000736,321,0,62,222,654,267,0.8317757009345794,-12.794692993164062,4.539627298072446e-06
001146,325,0,9,72,655,134,0.4123076923076923,-14.48945426940918,8.248406402344699e-07
000247,322,0,98,233,654,322,1.0,-11.35270881652832,1.6644860806991346e-05
000367,325,0,5,72,655,306,0.9415384615384615,-12.986209869384766,3.5906307402910898e-06
000050,325,0,9,72,655,325,1.0,-11.130378723144531,1.8003602235694416e-05
000773,322,0,26,168,655,304,0.9440993788819876,-12.994812965393066,2.9966158763272688e-06
000318,323,0,56,161,654,323,1.0,-12.71143627166748,4.421776793606114e-06
001163,325,0,9,72,655,41,0.12615384615384614,-15.524486541748047,2.6901693672698457e-07
001159,325,0,9,72,655,105,0.3230769230769231,-14.6124849319458,6.759033794878633e-07
001306,325,0,12,90,655,325,1.0,-12.34876537322998,5.216431418375578e-06
001310,325,0,13,100,655,325,1.0,-13.175318717956543,2.905854671553243e-06
000571,323,0,80,211,654,323,1.0,-10.785985946655273,7.996933709364384e-05
001031,323,0,73,221,654,298,0.9226006191950464,-12.666389465332031,3.313024308226886e-06
000461,323,0,56,161,654,323,1.0,-10.772796630859375,2.8757282052538358e-05
000652,322,0,35,181,655,322,1.0,-11.977020263671875,8.621053893875796e-06
000444,318,0,149,403,653,318,1.0,-11.980889320373535,1.0915221537288744e-05
001194,325,0,9,72,655,56,0.1723076923076923,-14.99509334564209,3.964906056808104e-07
001156,326,0,9,63,655,177,0.5429447852760736,-14.248106002807617,8.733707659303036e-07
000014,325,0,9,72,655,94,0.28923076923076924,-14.67900276184082,1.2620820371012087e-06
000250,322,0,83,239,654,322,1.0,-12.266878128051758,6.440208380809054e-06
000134,323,0,38,172,654,303,0.9380804953560371,-12.551484107971191,7.095544788171537e-06
001301,323,0,65,192,654,323,1.0,-8.156475067138672,0.0005218031001277268
000768,323,0,26,154,655,277,0.8575851393188855,-13.070284843444824,2.4150588160409825e-06
000823,322,0,38,186,654,151,0.468944099378882,-13.514833450317383,1.546087105452898e-06
000040,325,0,9,72,655,325,1.0,-12.01373291015625,6.5617068685241975e-06
000891,323,0,47,197,654,323,1.0,-11.418346405029297,1.4974948499002494e-05
000561,323,0,62,186,654,323,1.0,-11.012800216674805,2.381499325565528e-05
001200,325,0,9,72,655,299,0.92,-12.931598663330078,4.024867394036846e-06
001233,325,0,9,72,655,325,1.0,-12.318503379821777,6.203686552908039e-06
000119,322,0,34,186,655,322,1.0,-9.80343246459961,5.93289514654316e-05
001324,324,0,32,141,655,324,1.0,-11.248973846435547,1.9983706806669943e-05
000793,326,0,15,57,655,326,1.0,-12.765226364135742,4.406168955028988e-06
000293,323,0,80,211,654,323,1.0,-11.604308128356934,1.1291566806903575e-05
000143,322,0,40,186,654,307,0.953416149068323,-12.600263595581055,5.346882971934974e-06
001011,322,0,75,225,654,322,1.0,-12.40184497833252,4.863128197030164e-06
000834,322,0,40,210,654,322,1.0,-12.74120807647705,2.6483838155400008e-05
000095,325,0,14,84,655,325,1.0,-11.482375144958496,1.3130533261573873e-05
000017,325,0,9,72,655,139,0.4276923076923077,-14.474671363830566,1.0915820212176186e-06
001116,323,0,18,144,655,259,0.8018575851393189,-13.193670272827148,2.5548204121150775e-06
000653,322,0,36,180,655,322,1.0,-11.70838737487793,1.3109141036693472e-05
000755,322,0,26,174,655,322,1.0,-12.0816011428833,6.241631581360707e-06
000705,322,0,50,204,654,322,1.0,-12.385512351989746,5.1163397074560635e-06
000723,322,0,56,204,654,322,1.0,-13.716444969177246,1.3290496099216398e-06
000738,321,0,64,228,654,321,1.0,-10.355348587036133,3.423425732762553e-05
001266,323,0,62,186,654,323,1.0,-9.057880401611328,0.00015492583042941988
000364,321,0,15,216,655,301,0.9376947040498442,-12.842812538146973,3.3172186704177875e-06
000791,322,0,30,168,655,154,0.4782608695652174,-13.480972290039062,1.7481156646681484e-06
000048,319,0,36,288,655,299,0.9373040752351097,-13.493428230285645,1.7903525986184832e-06
000228,321,0,72,234,654,305,0.9501557632398754,-12.792898178100586,7.279875717358664e-06
000956,323,0,84,224,654,323,1.0,-12.079429626464844,8.044425158004742e-06
000570,323,0,71,194,654,323,1.0,-11.015467643737793,3.996524537797086e-05
000116,323,0,34,162,655,316,0.978328173374613,-12.715575218200684,4.139662451052573e-06
000350,325,0,5,72,655,325,1.0,-13.144128799438477,2.628082938826992e-06
000276,323,0,98,233,654,323,1.0,-11.318041801452637,1.5943824109854177e-05
001022,323,0,60,198,654,323,1.0,-9.864147186279297,0.00015839215484447777
000369,325,0,5,72,655,325,1.0,-12.469106674194336,5.156975475983927e-06
001225,325,0,9,72,655,325,1.0,-12.412779808044434,5.564017556025647e-06
000129,325,0,19,96,655,325,1.0,-12.067252159118652,7.358350103459088e-06
000947,323,0,67,205,654,323,1.0,-11.531457901000977,1.1932829693250824e-05
000800,322,0,32,174,655,190,0.5900621118012422,-13.2988920211792,2.17633237298287e-06
000154,322,0,42,192,654,266,0.8260869565217391,-13.15485954284668,3.524979319990962e-06
001168,325,0,9,72,655,172,0.5292307692307693,-14.220991134643555,1.2304493566261954e-06
000602,323,0,58,182,654,323,1.0,-10.465076446533203,8.115354285109788e-05
000210,321,0,62,216,654,315,0.9813084112149533,-12.171427726745605,9.416969078301918e-06
001284,324,0,46,154,654,324,1.0,-11.771263122558594,1.1157086191815324e-05
000534,325,0,19,96,655,325,1.0,-11.775397300720215,9.129516911343671e-06
000814,322,0,36,192,655,322,1.0,-13.721902847290039,1.2127994750699145e-06
000846,322,0,42,192,654,250,0.7763975155279503,-13.26417064666748,2.309159981450648e-06
001132,325,0,9,72,655,162,0.49846153846153846,-14.372004508972168,8.021625603760185e-07
000257,323,0,69,192,654,323,1.0,-11.909361839294434,2.3818416593712755e-05
000688,322,0,43,204,654,322,1.0,-11.20821762084961,1.8217042452306487e-05
001056,322,0,74,234,654,322,1.0,-11.112039566040039,1.713517849566415e-05
000430,320,0,112,321,654,320,1.0,-11.829005241394043,9.151671292784158e-06
000900,323,0,55,203,654,323,1.0,-11.291101455688477,1.6817706637084484e-05
000471,322,0,83,239,654,322,1.0,-11.31673812866211,1.9869172319886275e-05
000833,325,0,20,90,655,285,0.8769230769230769,-13.029309272766113,2.6180468921666034e-06
000171,324,0,23,102,655,324,1.0,-10.225069999694824,4.4003973016515374e-05
000567,323,0,55,181,654,323,1.0,-9.523404121398926,0.0001904471282614395
001043,323,0,63,217,654,323,1.0,-11.769708633422852,1.0360658961872105e-05
000798,322,0,28,170,655,322,1.0,-13.653878211975098,1.5022438901723945e-06
001085,323,0,50,182,654,323,1.0,-10.61457633972168,4.2368770664324984e-05
000895,323,0,45,179,654,323,1.0,-12.210057258605957,6.738088359270478e-06
001121,323,0,18,144,655,323,1.0,-13.725920677185059,1.2625177987501957e-06
000979,323,0,51,196,654,323,1.0,-10.036317825317383,6.936068530194461e-05
000363,325,0,5,72,655,318,0.9784615384615385,-12.601273536682129,6.301970643107779e-06
000311,323,0,52,183,654,323,1.0,-12.142742156982422,8.254938620666508e-06
000229,321,0,72,228,654,321,1.0,-11.393719673156738,1.2758689081238117e-05
000234,323,0,58,167,654,323,1.0,-11.295357704162598,1.8546894352766685e-05
001073,322,0,86,262,654,322,1.0,-11.193367004394531,1.623869320610538e-05
000716,322,0,54,210,654,322,1.0,-10.768274307250977,2.7055404643760994e-05
001005,323,0,38,190,654,323,1.0,-12.764941215515137,3.1302486149797915e-06
001119,325,0,9,72,655,318,0.9784615384615385,-12.827953338623047,3.49428114532202e-06
001327,324,0,33,132,655,324,1.0,-11.287628173828125,2.475195287843235e-05
000754,325,0,13,90,655,325,1.0,-11.752662658691406,9.115291504713241e-06
000245,323,0,65,192,654,323,1.0,-11.94157886505127,8.326900569954887e-06
000780,325,0,14,90,655,257,0.7907692307692308,-14.242443084716797,7.237916861413396e-07
000277,322,0,98,233,654,322,1.0,-11.204821586608887,1.6222060366999358e-05
001052,323,0,61,199,654,323,1.0,-10.178512573242188,5.860074088559486e-05
000856,325,0,22,96,655,325,1.0,-10.346433639526367,4.106968845007941e-05
000871,322,0,76,246,654,322,1.0,-11.876715660095215,8.607331437815446e-06
000531,325,0,20,90,655,325,1.0,-10.745457649230957,3.734259007615037e-05
000472,323,0,71,194,654,323,1.0,-9.874995231628418,0.00014199512952473015
000083,325,0,9,72,655,319,0.9815384615384616,-13.668978691101074,1.8809251969287288e-06
000274,324,0,71,194,654,324,1.0,-10.640581130981445,2.9968448870931752e-05
000147,322,0,40,180,654,322,1.0,-12.324210166931152,5.685243650077609e-06
000096,322,0,30,174,655,322,1.0,-11.580499649047852,1.7806105461204425e-05
000152,322,0,40,180,654,322,1.0,-11.265274047851562,1.8300155716133304e-05
001158,321,0,27,216,655,240,0.7476635514018691,-13.9967622756958,1.1357308267179178e-06
000453,319,0,125,353,654,319,1.0,-10.08123779296875,7.313647074624896e-05
000057,325,0,9,72,655,106,0.3261538461538461,-14.805392265319824,6.358587825161521e-07
000411,325,0,14,90,655,325,1.0,-11.550725936889648,1.2572837476909626e-05
000388,325,0,5,72,655,325,1.0,-13.022366523742676,4.802660896530142e-06
000082,325,0,9,72,655,230,0.7076923076923077,-13.481819152832031,6.141059202491306e-06
000655,322,0,36,192,655,322,1.0,-11.72429084777832,1.242443613591604e-05
000962,323,0,51,189,654,323,1.0,-12.071650505065918,7.1895447035785764e-06
001086,324,0,60,205,654,324,1.0,-9.779265403747559,9.292783215641975e-05
000539,325,0,21,96,655,325,1.0,-10.604341506958008,3.338395254104398e-05
000381,325,0,5,72,655,325,1.0,-12.595117568969727,4.842530870519113e-06
000527,325,0,17,96,655,325,1.0,-11.129759788513184,1.8045742763206363e-05
000309,323,0,69,192,654,323,1.0,-11.496071815490723,1.8652508515515365e-05
000065,325,0,9,72,655,325,1.0,-12.23159408569336,7.774540790705942e-06
000418,322,0,32,180,655,322,1.0,-11.257667541503906,1.851378874562215e-05
000306,322,0,83,239,654,322,1.0,-11.247588157653809,3.575836308300495e-05
000469,323,0,65,174,654,323,1.0,-11.183571815490723,2.2692733182338998e-05
000088,325,0,9,72,655,171,0.5261538461538462,-14.227513313293457,1.4526999621011782e-06
001007,323,0,64,207,654,323,1.0,-11.545560836791992,1.2399937077134382e-05
000690,324,0,22,102,655,324,1.0,-11.690126419067383,1.1289247595414054e-05
000686,322,0,42,216,654,322,1.0,-11.815088272094727,1.0643907444318756e-05
000428,322,0,98,233,654,322,1.0,-11.68929672241211,1.2430969945853576e-05
000605,324,0,14,105,655,324,1.0,-12.256481170654297,1.5638219338143244e-05
001067,322,0,78,256,654,322,1.0,-11.155938148498535,1.7753765860106796e-05
001025,323,0,44,197,654,323,1.0,-10.132075309753418,6.34421085123904e-05
001245,325,0,9,72,655,198,0.6092307692307692,-13.404119491577148,1.624384026399639e-06
001045,322,0,79,225,654,322,1.0,-12.134689331054688,6.511274023068836e-06
000767,322,0,26,174,655,322,1.0,-13.417413711547852,2.055975301118451e-06
000728,321,0,58,216,654,276,0.8598130841121495,-12.965977668762207,3.7441654967551585e-06
001065,323,0,67,205,654,323,1.0,-11.577167510986328,1.1421208910178393e-05
000540,325,0,18,90,655,325,1.0,-11.5455322265625,1.3217259947850835e-05
000658,322,0,38,192,654,322,1.0,-10.975943565368652,0.0003432200464885682
000549,323,0,54,161,654,323,1.0,-6.8400959968566895,0.007593443151563406
000522,318,0,163,407,653,318,1.0,-9.679606437683105,9.534553100820631e-05
000978,323,0,68,217,654,323,1.0,-10.455055236816406,4.3790932977572083e-05
000317,322,0,83,239,654,322,1.0,-11.948145866394043,8.566959877498448e-06
000117,322,0,34,192,655,300,0.9316770186335404,-12.59858226776123,6.442254743888043e-06
000184,322,0,52,204,654,310,0.9627329192546584,-12.679960250854492,7.00908685757895e-06
000631,325,0,15,84,655,325,1.0,-11.281682968139648,1.9375056581338868e-05
000459,323,0,72,213,654,323,1.0,-11.555256843566895,3.2266219932353124e-05
000804,322,0,32,186,655,322,1.0,-12.682574272155762,3.7560478176601464e-06
000819,322,0,36,186,655,217,0.6739130434782609,-13.226435661315918,2.194259423049516e-06
001048,323,0,32,184,655,323,1.0,-11.96599006652832,8.283723218482919e-06
000271,323,0,58,182,654,323,1.0,-11.186948776245117,1.5836685633985326e-05
000358,323,0,10,144,655,323,1.0,-13.267134666442871,2.3667955701967003e-06
000670,325,0,20,90,655,325,1.0,-12.082298278808594,9.264985237678047e-06
000145,325,0,20,88,655,325,1.0,-13.63733196258545,1.7660673847785802e-06
000118,322,0,34,180,655,322,1.0,-11.412188529968262,1.2253430213604588e-05
000239,319,0,138,391,653,319,1.0,-11.01339340209961,3.522516999510117e-05
000126,325,0,18,90,655,325,1.0,-10.91328239440918,2.0622286683646962e-05
000115,322,0,33,186,655,305,0.9472049689440993,-12.670650482177734,7.143003585952101e-06
001171,325,0,9,72,655,279,0.8584615384615385,-13.0112886428833,2.6645150228432612e-06
000497,319,0,129,361,654,319,1.0,-11.859813690185547,1.584659366926644e-05
000847,322,0,42,204,654,322,1.0,-13.853752136230469,1.2110147054045228e-06
000462,323,0,72,213,654,323,1.0,-10.117624282836914,8.925973816076294e-05
000604,324,0,14,105,655,324,1.0,-11.333221435546875,1.815531140891835e-05
000223,324,0,34,150,655,300,0.9259259259259259,-12.93785572052002,2.739842784649227e-06
000810,322,0,34,186,655,292,0.906832298136646,-12.855224609375,4.6042036956350785e-06
000938,322,0,84,224,654,322,1.0,-10.221104621887207,5.5070515372790396e-05
000460,323,0,58,180,654,323,1.0,-7.03350830078125,0.0022639925591647625
001001,324,0,28,162,655,324,1.0,-9.655563354492188,8.139525743899867e-05
001108,325,0,9,72,655,325,1.0,-11.428954124450684,2.8024891435052268e-05
000826,322,0,38,186,654,316,0.9813664596273292,-13.135472297668457,3.407617441553157e-06
001252,323,0,56,160,654,323,1.0,-11.677698135375977,1.9101791622233577e-05
000981,323,0,66,219,654,323,1.0,-10.977767944335938,2.7518331989995204e-05
000429,320,0,112,320,654,320,1.0,-11.730752944946289,1.5261632142937742e-05
001277,323,0,65,192,654,323,1.0,-7.991400241851807,0.0005450730095617473
001080,323,0,72,232,654,323,1.0,-12.011025428771973,7.013689810264623e-06
000707,322,0,50,198,654,322,1.0,-11.632637977600098,1.3273926924739499e-05
000221,321,0,68,240,654,276,0.8598130841121495,-13.05232048034668,2.5784893296076916e-06
000265,323,0,56,160,654,316,0.978328173374613,-12.594904899597168,4.7917965275701135e-06
000672,322,0,40,186,654,322,1.0,-12.448707580566406,6.326344191620592e-06
000752,323,0,18,144,655,316,0.978328173374613,-12.761781692504883,4.608815288520418e-06
000481,318,0,160,419,653,318,1.0,-12.498503684997559,6.0914585446880665e-06
000384,318,0,20,288,655,318,1.0,-12.999560356140137,5.487228463607607e-06
000236,323,0,62,186,654,323,1.0,-10.77343463897705,3.210365684935823e-05
000125,323,0,36,180,655,323,1.0,-11.91486930847168,1.0227763596049044e-05
000892,323,0,44,197,654,323,1.0,-11.794332504272461,9.08930269361008e-06
000238,322,0,83,239,654,322,1.0,-12.233805656433105,8.358951163245365e-06
000639,325,0,16,90,655,325,1.0,-10.335006713867188,4.6338853280758485e-05
000914,323,0,50,182,654,323,1.0,-11.889790534973145,9.103654520004056e-06
000432,319,0,130,374,654,319,1.0,-11.230415344238281,2.4526008928660303e-05
000489,319,0,123,356,654,319,1.0,-10.01868724822998,9.725496784085408e-05
000513,318,0,163,425,653,318,1.0,-10.178330421447754,8.647752838442102e-05
000114,325,0,16,90,655,325,1.0,-11.697613716125488,1.334768512606388e-05
000719,322,0,56,216,654,253,0.7857142857142857,-13.217588424682617,2.868385990950628e-06
000643,323,0,32,180,655,323,1.0,-11.705060005187988,1.0175007446378004e-05
000994,323,0,27,190,655,323,1.0,-10.682795524597168,2.8593309252755716e-05
000712,322,0,53,205,654,322,1.0,-10.471334457397461,3.4390184737276286e-05
000242,319,0,134,399,654,319,1.0,-10.577028274536133,5.022536788601428e-05
001207,323,0,18,144,655,323,1.0,-13.557154655456543,2.2665585674985778e-06
000201,321,0,58,216,654,321,1.0,-12.3355712890625,5.751653134211665e-06
001312,323,0,56,160,654,323,1.0,-9.26096248626709,0.00023522689298260957
000524,325,0,20,90,655,325,1.0,-11.596911430358887,1.060725571733201e-05
000198,322,0,56,204,654,308,0.9565217391304348,-13.732820510864258,1.3201911315263715e-06
000543,324,0,20,102,655,324,1.0,-12.072935104370117,7.1859153649711516e-06
000028,325,0,9,72,655,325,1.0,-11.804718017578125,1.0164334526052698e-05
001323,323,0,55,168,654,323,1.0,-9.14281940460205,0.00040852869278751314
000331,318,0,20,288,655,296,0.9308176100628931,-12.948039054870605,3.5321015730005456e-06
000222,324,0,34,108,655,241,0.7438271604938271,-13.278911590576172,1.9622671061370056e-06
000869,323,0,64,205,654,323,1.0,-12.108380317687988,6.85774466546718e-06
000692,322,0,44,198,654,306,0.9503105590062112,-12.52891731262207,7.406867098325165e-06
000842,325,0,20,90,655,325,1.0,-12.18587589263916,1.5170763617788907e-05
000795,323,0,30,141,655,293,0.9071207430340558,-13.098136901855469,2.2960630303714424e-06
001078,323,0,60,208,654,323,1.0,-11.754796028137207,8.273542334791273e-06
000896,324,0,26,166,655,324,1.0,-11.379584312438965,1.791154863894917e-05
000052,325,0,9,72,655,325,1.0,-13.615010261535645,1.7262527762795798e-06
001256,323,0,56,160,654,323,1.0,-9.78915786743164,0.00016386600327678025
000292,319,0,117,348,654,319,1.0,-12.424572944641113,5.076449269836303e-06
000070,325,0,9,72,655,325,1.0,-10.57204818725586,3.418940104893409e-05
000443,324,0,65,174,654,324,1.0,-11.027695655822754,2.8573274903465062e-05
000343,325,0,5,72,655,299,0.92,-12.847846031188965,4.072723641002085e-06
000504,321,0,116,347,654,321,1.0,-9.029894828796387,0.000180483577423729
000203,321,0,58,216,654,319,0.9937694704049844,-12.803552627563477,3.4029053495032713e-06
000204,321,0,60,228,654,276,0.8598130841121495,-13.087336540222168,2.492736030035303e-06
000943,322,0,78,264,654,322,1.0,-10.330416679382324,5.0634793296922e-05
000886,323,0,55,202,654,323,1.0,-11.583282470703125,1.0044991540780757e-05
000337,325,0,5,72,655,300,0.9230769230769231,-12.822644233703613,3.989880497101694e-06
000146,322,0,40,180,654,322,1.0,-10.55018138885498,3.366789678693749e-05
000778,322,0,28,180,655,322,1.0,-12.461335182189941,5.668794528901344e-06
001051,323,0,61,199,654,323,1.0,-11.21066951751709,2.0139790649409406e-05
000121,322,0,36,192,655,322,1.0,-10.883841514587402,2.4184024368878454e-05
000196,324,0,28,102,655,238,0.7345679012345679,-14.253957748413086,7.488536652999755e-07
000647,323,0,34,186,655,280,0.8668730650154799,-13.4938383102417,1.6007927570171887e-06
001182,326,0,9,72,655,326,1.0,-13.318886756896973,2.3367472294921754e-06
000972,323,0,38,183,654,323,1.0,-9.843249320983887,6.717364158248529e-05
000750,325,0,9,72,655,325,1.0,-11.670074462890625,1.5538704246864654e-05
000568,323,0,58,180,654,323,1.0,-8.857748031616211,0.0008002984686754644
000585,323,0,65,192,654,323,1.0,-8.272149085998535,0.0009492773679085076
000925,324,0,61,199,654,324,1.0,-11.254430770874023,1.8713806639425457e-05
001295,325,0,19,96,655,325,1.0,1.3732354640960693,0.5348451733589172
000280,323,0,58,167,654,323,1.0,-11.992227554321289,1.0016729902417865e-05
000741,321,0,64,222,654,321,1.0,-12.079934120178223,7.277244094439084e-06
000360,326,0,5,65,655,326,1.0,-12.178386688232422,8.41565997689031e-06
000969,323,0,63,217,654,323,1.0,-9.79153060913086,6.994865543674678e-05
000042,325,0,9,72,655,279,0.8584615384615385,-13.794302940368652,2.0631839561247034e-06
000087,325,0,9,72,655,296,0.9107692307692308,-12.875921249389648,4.393292329041287e-06
000975,323,0,40,186,654,323,1.0,-10.953116416931152,2.7123705876874737e-05
000877,324,0,28,162,655,315,0.9722222222222222,-12.236437797546387,7.000431196502177e-06
000942,323,0,32,188,655,323,1.0,-11.217485427856445,1.788259032764472e-05
000998,323,0,53,192,654,323,1.0,-11.472003936767578,1.4867587196931709e-05
000356,325,0,5,72,655,321,0.9876923076923076,-12.990445137023926,3.2915697829594137e-06
000697,322,0,46,210,654,322,1.0,-10.464585304260254,3.1333220249507576e-05
000403,325,0,13,90,655,325,1.0,-11.733057022094727,9.401992429047823e-06
000208,324,0,31,114,655,324,1.0,-11.76609992980957,1.030141174851451e-05
000514,323,0,71,194,654,323,1.0,-5.880983352661133,0.1226859763264656
000401,323,0,27,164,655,323,1.0,-12.679122924804688,4.961488230037503e-06
000248,323,0,60,181,654,323,1.0,-12.011756896972656,8.126488864945713e-06
000758,322,0,26,168,655,322,1.0,-11.346512794494629,1.866269485617522e-05
001192,325,0,9,72,655,120,0.36923076923076925,-14.518503189086914,6.255857556425326e-07
001282,324,0,19,108,655,324,1.0,-8.688278198242188,0.0014190772781148553
000876,323,0,58,186,654,323,1.0,-12.198092460632324,5.602883902611211e-06
000764,323,0,28,153,655,323,1.0,-11.938345909118652,1.3553874850913417e-05
000445,323,0,61,182,654,323,1.0,-12.168586730957031,7.798436854500324e-06
000865,325,0,24,93,655,325,1.0,-12.194119453430176,9.45502870308701e-06
000564,322,0,98,233,654,322,1.0,-8.541616439819336,0.0005356129258871078
000149,322,0,40,186,654,322,1.0,-11.076045036315918,2.611424497445114e-05
000584,323,0,55,181,654,323,1.0,-10.379899978637695,4.3954813008895144e-05
001019,324,0,38,176,654,324,1.0,-9.593409538269043,0.000122729703434743
001017,322,0,74,234,654,322,1.0,-10.98381519317627,3.5761371691478416e-05
000308,322,0,83,239,654,322,1.0,-11.58449935913086,1.347411216556793e-05
001318,324,0,39,140,654,324,1.0,-9.739819526672363,0.0008070397307164967
000018,325,0,9,72,655,89,0.27384615384615385,-14.78210163116455,4.672644138281612e-07
000056,325,0,9,72,655,193,0.5938461538461538,-13.984957695007324,2.4010644210648024e-06
000232,323,0,56,161,654,323,1.0,-12.550138473510742,5.071532996225869e-06
000777,322,0,28,168,655,322,1.0,-13.21157455444336,2.6870841338677565e-06
000328,325,0,5,72,655,299,0.92,-12.921984672546387,3.250460849812953e-06
001217,323,0,18,144,655,89,0.2755417956656347,-14.866316795349121,1.3766924666924751e-06
001219,323,0,18,144,655,189,0.5851393188854489,-14.191941261291504,1.1672532309603412e-06
000577,323,0,65,174,654,323,1.0,-9.89885139465332,6.623861554544419e-05
000383,325,0,5,72,655,325,1.0,-12.688518524169922,4.554026872938266e-06
001276,323,0,58,180,654,323,1.0,-12.070698738098145,7.4260306064388715e-06
000929,323,0,44,199,654,323,1.0,-10.801226615905762,3.8115842471597716e-05
000354,325,0,5,72,655,307,0.9446153846153846,-12.776860237121582,4.223239102429943e-06
000029,325,0,9,72,655,325,1.0,-11.637765884399414,1.0398070116934832e-05
001118,325,0,9,72,655,280,0.8615384615384616,-13.016557693481445,3.0509440875903238e-06
000006,325,0,9,72,655,325,1.0,-10.83899974822998,3.4543798392405733e-05
000105,322,0,28,170,655,322,1.0,-11.298406600952148,1.7362170183332637e-05
000486,323,0,80,211,654,323,1.0,-12.566239356994629,4.686286956712138e-06
000074,325,0,9,72,655,325,1.0,-12.052457809448242,9.98974974208977e-06
000275,322,0,83,239,654,322,1.0,-10.8591947555542,2.548054362705443e-05
001189,325,0,9,72,655,325,1.0,-13.51401138305664,2.1250443751341663e-06
000612,324,0,15,109,655,324,1.0,-10.801902770996094,3.9007474697427824e-05
000008,321,0,27,216,655,321,1.0,-11.299128532409668,1.8709384676185437e-05
001093,323,0,55,203,654,323,1.0,-11.047797203063965,2.0761919586220756e-05
000034,325,0,9,72,655,325,1.0,-11.239741325378418,1.6517111362190917e-05
000949,324,0,40,161,654,324,1.0,-12.01765251159668,9.976673936762381e-06
000039,326,0,9,72,655,326,1.0,-11.000822067260742,1.8681819710764103e-05
001138,323,0,18,144,655,323,1.0,-13.915159225463867,9.969253369490616e-07
000677,322,0,40,186,654,322,1.0,-11.845458030700684,1.1121732313768007e-05
001198,321,0,27,216,655,321,1.0,-12.104279518127441,9.062499884748831e-06
000696,322,0,46,210,654,322,1.0,-11.590290069580078,1.5602239727741107e-05
001230,321,0,27,216,655,240,0.7476635514018691,-14.183438301086426,8.163269740180112e-07
000590,323,0,80,211,654,323,1.0,-10.709641456604004,4.027098839287646e-05
001243,325,0,18,99,655,325,1.0,-12.904257774353027,2.8701472274406115e-06
000323,320,0,124,352,654,320,1.0,-12.059325218200684,8.07993365015136e-06
001032,322,0,88,270,654,322,1.0,-12.245162010192871,6.508531896542991e-06
000488,324,0,46,154,654,324,1.0,-11.640687942504883,1.2086836250091437e-05
000413,322,0,29,186,655,322,1.0,-12.119268417358398,7.398930756608024e-05
000700,322,0,48,192,654,30,0.09316770186335403,-15.285834312438965,2.8572659971359826e-07
000854,325,0,22,96,655,325,1.0,-12.594318389892578,5.240390237304382e-06
000217,321,0,64,222,654,308,0.9595015576323987,-14.049431800842285,9.305327353104076e-07
000101,322,0,30,168,655,322,1.0,-9.290388107299805,9.82714700512588e-05
000518,319,0,129,376,654,319,1.0,-11.253118515014648,3.3457250538049266e-05
000578,323,0,80,211,654,323,1.0,-8.329411506652832,0.0005395342013798654
000950,323,0,41,186,654,323,1.0,-9.45236587524414,9.362009586766362e-05
000031,323,0,18,144,655,323,1.0,-12.700231552124023,7.479438409063732e-06
000888,323,0,44,183,654,323,1.0,-12.722273826599121,4.1700550355017185e-06
000256,319,0,124,341,654,319,1.0,-12.480247497558594,4.916106718155788e-06
000419,323,0,33,179,655,323,1.0,-12.371988296508789,6.83701955495053e-06
000035,325,0,9,72,655,325,1.0,-11.574641227722168,1.040179358824389e-05
000872,322,0,79,225,654,322,1.0,-11.748421669006348,9.49891000345815e-06
001147,325,0,9,72,655,309,0.9507692307692308,-13.879107475280762,1.1798621244452079e-06
001033,323,0,35,174,655,323,1.0,-10.77725887298584,2.479476825101301e-05
000991,323,0,47,197,654,323,1.0,-11.202112197875977,2.4654811568325385e-05
001113,325,0,9,72,655,276,0.8492307692307692,-13.010832786560059,2.862281917259679e-06
000884,323,0,35,174,655,323,1.0,-11.746768951416016,1.9968523702118546e-05
001292,325,0,12,90,655,325,1.0,-13.26074504852295,2.9516584163502557e-06
000235,323,0,80,211,654,299,0.9256965944272446,-13.042452812194824,2.437180683045881e-06
000185,322,0,52,210,654,322,1.0,-11.989400863647461,1.0742010999820195e-05
000404,322,0,32,174,655,322,1.0,-10.914403915405273,2.0152041543042287e-05
001071,323,0,47,197,654,323,1.0,-11.000240325927734,2.378344834141899e-05
000340,325,0,5,72,655,316,0.9723076923076923,-12.724209785461426,4.253974111634307e-06
000387,325,0,5,72,655,325,1.0,-12.349035263061523,7.396584805974271e-06
000990,323,0,47,197,654,323,1.0,-11.146291732788086,1.829216125770472e-05
000254,319,0,131,378,654,319,1.0,-12.064255714416504,7.390040082100313e-06
000953,322,0,86,262,654,322,1.0,-9.895337104797363,6.744239362888038e-05
000770,325,0,13,84,655,304,0.9353846153846154,-12.87551498413086,3.932470008294331e-06
000241,319,0,117,357,654,319,1.0,-11.644585609436035,1.4117330465523992e-05
000559,324,0,54,161,654,324,1.0,-12.060412406921387,7.641843694727868e-06
000357,325,0,5,72,655,325,1.0,-12.927350044250488,3.275546077929903e-06
000905,323,0,75,227,654,323,1.0,-11.065106391906738,2.0926829165546224e-05
000068,323,0,18,144,655,137,0.4241486068111455,-14.481321334838867,8.088929348559759e-07
000097,322,0,30,174,655,322,1.0,-11.88115406036377,1.0839616152225062e-05
000108,325,0,16,84,655,325,1.0,-11.436473846435547,1.723547393339686e-05
000618,324,0,14,105,655,324,1.0,-10.354037284851074,4.881457061856054e-05
000982,322,0,108,244,654,322,1.0,-9.707209587097168,7.067292608553544e-05
000743,321,0,66,234,654,321,1.0,-11.805209159851074,8.72288910613861e-06
000279,323,0,58,182,654,323,1.0,-12.675663948059082,3.815318450506311e-06
000824,322,0,38,192,654,214,0.6645962732919255,-13.486507415771484,1.5868765785853611e-06
001058,323,0,61,199,654,323,1.0,-10.982451438903809,1.953958417288959e-05
000681,322,0,42,192,654,322,1.0,-11.130400657653809,1.7835185644798912e-05
001196,325,0,9,72,655,325,1.0,-12.511301040649414,5.5365735533996485e-06
001275,323,0,54,161,654,323,1.0,-11.626123428344727,1.167655318567995e-05
000760,323,0,26,166,655,323,1.0,-12.689088821411133,3.6181145333102904e-06
000089,323,0,18,144,655,306,0.9473684210526315,-12.72037124633789,8.494924259139225e-06
000054,321,0,27,216,655,321,1.0,-13.400951385498047,3.693923417813494e-06
000624,322,0,30,174,655,198,0.6149068322981367,-13.107516288757324,5.0134908633481245e-06
000987,324,0,26,166,655,324,1.0,-10.58323860168457,3.0927418265491724e-05
001179,325,0,9,72,655,242,0.7446153846153846,-13.74084758758545,2.4138983008015202e-06
000338,325,0,5,72,655,325,1.0,-13.274225234985352,2.2727508621755987e-06
000206,321,0,60,216,654,321,1.0,-12.030017852783203,1.3461090929922648e-05
000177,322,0,50,210,654,322,1.0,-12.27975845336914,6.949361250008224e-06
000565,323,0,65,192,654,323,1.0,-9.24890422821045,0.0065513052977621555
001134,326,0,9,72,655,108,0.3312883435582822,-14.743978500366211,7.132473456294974e-07
000130,322,0,38,198,654,322,1.0,-13.588558197021484,1.6717303878976963e-06
000952,323,0,50,185,654,323,1.0,-10.28808307647705,4.78890142403543e-05
001082,323,0,82,223,654,323,1.0,-11.172957420349121,1.8690245269681327e-05
000136,322,0,38,192,654,322,1.0,-11.891007423400879,1.3833203411195427e-05
000551,323,0,56,160,654,323,1.0,-7.0835700035095215,0.0033978743012994528
000288,323,0,58,182,654,323,1.0,-12.721284866333008,3.633049573181779e-06
000619,325,0,14,84,655,262,0.8061538461538461,-13.38944149017334,1.970832272490952e-06
000852,322,0,42,216,654,269,0.8354037267080745,-13.711759567260742,1.3501542071026051e-06
001165,325,0,9,72,655,126,0.38769230769230767,-14.519309997558594,7.861813173803966e-07
000321,319,0,115,346,654,319,1.0,-11.606371879577637,1.25692840811098e-05
001231,325,0,9,72,655,154,0.47384615384615386,-14.329471588134766,9.629305850467063e-07
000501,320,0,113,348,654,320,1.0,-10.666754722595215,7.461499626515433e-05
000393,325,0,5,72,655,325,1.0,-12.65758991241455,4.130699835513951e-06
000372,323,0,10,144,655,323,1.0,-11.426737785339355,6.954903074074537e-05
000512,319,0,132,394,654,319,1.0,-10.131707191467285,8.335930033354089e-05
000424,318,0,141,419,653,318,1.0,-11.216753959655762,2.3730106477160007e-05
001211,325,0,9,72,655,325,1.0,-12.649930953979492,3.61088382305752e-06
000977,323,0,44,199,654,323,1.0,-9.41835880279541,0.0001010374107863754
000580,323,0,58,180,654,323,1.0,-10.541464805603027,4.9148227844852954e-05
000626,322,0,30,174,655,322,1.0,-10.737701416015625,2.580515320005361e-05
000218,321,0,66,228,654,269,0.838006230529595,-13.17281723022461,2.328641357962624e-06
000451,320,0,135,365,654,320,1.0,-12.008633613586426,7.459222160832724e-06
000566,323,0,56,160,654,323,1.0,-11.383650779724121,1.5336232536355965e-05
000165,322,0,44,198,654,243,0.7546583850931677,-13.329442977905273,2.0283252979425015e-06
000964,323,0,60,208,654,323,1.0,-10.171278953552246,5.141615474713035e-05
000407,323,0,26,172,655,323,1.0,-11.877450942993164,9.855649295786861e-06
000517,323,0,58,180,654,323,1.0,-8.261079788208008,0.0023939271923154593
000572,323,0,54,161,654,323,1.0,-10.802159309387207,3.0356382922036573e-05
001027,323,0,53,192,654,323,1.0,-11.166295051574707,1.911163781187497e-05
001106,325,0,9,72,655,325,1.0,-13.524170875549316,1.6453263924631756e-06
000662,322,0,38,186,654,322,1.0,-12.67011547088623,3.8420398595917504e-06
000102,325,0,15,84,655,325,1.0,-9.509346961975098,0.00010036686580860987
000776,322,0,28,174,655,322,1.0,-13.65890884399414,1.4921255342414952e-06
000160,322,0,42,216,654,280,0.8695652173913043,-13.083996772766113,2.602612994451192e-06
000072,325,0,9,72,655,319,0.9815384615384616,-12.587210655212402,6.492693955806317e-06
001062,323,0,57,209,654,323,1.0,-11.217741012573242,1.6660094843246043e-05
000899,323,0,46,209,654,323,1.0,-10.940987586975098,2.724213118199259e-05
001091,322,0,82,223,654,322,1.0,-8.913580894470215,0.00016143838001880795
000024,325,0,9,72,655,315,0.9692307692307692,-12.5552396774292,8.129962225211784e-06
000304,323,0,55,181,654,323,1.0,-11.766176223754883,9.746840987645555e-06
000753,325,0,13,84,655,325,1.0,-12.224217414855957,5.528080237127142e-06
000594,323,0,55,181,654,323,1.0,-6.037732124328613,0.00502344174310565
000769,325,0,13,84,655,278,0.8553846153846154,-13.291589736938477,1.9319143120810622e-06
000464,323,0,58,167,654,323,1.0,-9.362327575683594,0.0001997040380956605
000044,325,0,9,72,655,325,1.0,-13.648351669311523,1.6330246808138327e-06
000007,325,0,9,72,655,325,1.0,-11.656704902648926,1.21057464639307e-05
000438,319,0,120,353,654,319,1.0,-11.779142379760742,2.0540872355923057e-05
001313,323,0,58,167,654,323,1.0,-10.90483283996582,2.372130074945744e-05
000069,321,0,27,216,655,321,1.0,-11.485769271850586,2.1638104954035953e-05
001187,325,0,9,72,655,259,0.796923076923077,-13.327911376953125,1.8382794451099471e-06
000993,323,0,52,194,654,323,1.0,-10.742949485778809,2.7219075491302647e-05
000161,322,0,42,216,654,322,1.0,-12.736468315124512,5.976696229481604e-06
000505,323,0,70,180,654,323,1.0,-10.9421968460083,9.47233202168718e-05
001290,324,0,19,116,655,324,1.0,-12.065117835998535,2.9829152481397614e-05
000546,324,0,46,154,654,324,1.0,-9.90719223022461,0.00016759581922087818
000258,319,0,136,386,654,290,0.9090909090909091,-12.889216423034668,3.2001826184568927e-06
001064,322,0,75,225,654,322,1.0,-10.988288879394531,3.280051896581426e-05
001228,325,0,9,72,655,221,0.68,-13.176694869995117,2.4055732410488417e-06
001115,325,0,9,72,655,174,0.5353846153846153,-14.37712287902832,6.861805559310596e-07
000674,322,0,40,180,654,322,1.0,-11.580336570739746,1.1201219422218855e-05
001293,323,0,56,161,654,323,1.0,-8.836859703063965,0.00026530949980951846
001269,323,0,61,182,654,323,1.0,-9.737931251525879,8.399733633268625e-05
001172,325,0,9,72,655,259,0.796923076923077,-13.263771057128906,2.24190284825454e-06
001247,325,0,9,72,655,262,0.8061538461538461,-13.012438774108887,3.132846586595406e-06
000667,322,0,40,186,654,322,1.0,-12.014020919799805,7.525256478402298e-06
000641,322,0,32,180,655,322,1.0,-13.601839065551758,1.5862585769355064e-06
000172,322,0,47,198,654,307,0.953416149068323,-12.926133155822754,2.8832355383201502e-06
000503,319,0,113,361,654,319,1.0,-8.884803771972656,0.00022595298651140183
000181,322,0,50,216,654,322,1.0,-14.021327018737793,9.054658107743307e-07
000726,322,0,58,216,654,322,1.0,-11.616765022277832,0.0003420539724174887
000033,325,0,9,72,655,250,0.7692307692307693,-13.350192070007324,1.8228286080557154e-06
000437,322,0,83,239,654,322,1.0,-10.294672966003418,7.895949966041371e-05
001263,322,0,98,233,654,322,1.0,-10.192538261413574,0.0002894406788982451
000989,323,0,41,182,654,323,1.0,-12.137533187866211,7.482533874281216e-06
000376,325,0,5,72,655,315,0.9692307692307692,-12.791332244873047,3.533254357535043e-06
000959,323,0,44,197,654,323,1.0,-9.800634384155273,7.113668834790587e-05
000491,319,0,136,386,654,319,1.0,-10.589879035949707,4.018243998871185e-05
001090,323,0,60,208,654,323,1.0,-10.433921813964844,3.96971772715915e-05
000530,324,0,20,102,655,324,1.0,-8.854026794433594,0.00021225771342869848
001104,323,0,40,186,654,323,1.0,-12.361139297485352,4.988306500308681e-06
000796,325,0,15,84,655,233,0.7169230769230769,-13.214629173278809,2.074474650726188e-06
000290,323,0,60,181,654,280,0.8668730650154799,-13.01947021484375,3.3788353448471753e-06
000179,322,0,50,210,654,289,0.8975155279503105,-12.973503112792969,2.8214310532348463e-06
000868,322,0,48,216,654,292,0.906832298136646,-12.90999984741211,3.18567390422686e-06
000264,323,0,58,182,654,323,1.0,-12.555763244628906,4.760114279633854e-06
000327,325,0,5,72,655,319,0.9815384615384616,-12.56652545928955,6.785068762837909e-06
000657,322,0,38,192,654,322,1.0,-11.709345817565918,1.087594500859268e-05
000442,319,0,110,363,654,319,1.0,-11.898212432861328,1.3773991668131202e-05
001035,323,0,32,188,655,323,1.0,-11.759334564208984,1.4659030966868158e-05
001136,325,0,9,72,655,244,0.7507692307692307,-13.963083267211914,2.138036279575317e-06
000251,323,0,71,194,654,323,1.0,-12.589210510253906,4.853544396610232e-06
000342,320,0,20,272,655,320,1.0,-12.538981437683105,1.2359499123704154e-05
000098,325,0,15,84,655,320,0.9846153846153847,-12.40042495727539,6.771540483896388e-06
001166,325,0,9,72,655,242,0.7446153846153846,-13.991965293884277,1.2994472626814968e-06
000829,325,0,19,90,655,305,0.9384615384615385,-12.8485107421875,3.933968400815502e-06
001049,323,0,40,186,654,323,1.0,-11.637334823608398,1.0974441465805285e-05
000104,322,0,30,168,655,322,1.0,-11.757877349853516,1.1424129297665786e-05
000402,325,0,12,90,655,325,1.0,-11.183650016784668,2.2755286408937536e-05
000339,321,0,15,216,655,321,1.0,-13.11854076385498,5.03504452353809e-06
000427,323,0,65,174,654,323,1.0,-11.091639518737793,2.5938596081687137e-05
000078,326,0,9,54,655,326,1.0,-12.251129150390625,8.920184882299509e-06
001014,324,0,64,199,654,324,1.0,-12.939871788024902,2.560329221523716e-06
000139,322,0,38,180,654,322,1.0,-10.674023628234863,2.8980266506550834e-05
001152,325,0,9,72,655,206,0.6338461538461538,-13.47301959991455,1.5365708350145724e-06
000479,323,0,58,182,654,323,1.0,-12.28210735321045,5.824165782541968e-06
000175,324,0,24,102,655,211,0.6512345679012346,-13.306962013244629,2.0443403627723455e-06
000435,319,0,120,366,654,319,1.0,-11.863661766052246,9.40003610594431e-06
001072,323,0,72,232,654,323,1.0,-11.464632034301758,1.35136988319573e-05
000246,323,0,69,192,654,314,0.9721362229102167,-12.675400733947754,4.655151769838994e-06
000414,322,0,27,180,655,322,1.0,-11.697890281677246,1.5254749087034725e-05
000638,322,0,32,174,655,322,1.0,-11.491036415100098,1.4109392395766918e-05
000904,323,0,49,190,654,323,1.0,-10.631525993347168,3.86901265301276e-05
001321,324,0,37,149,654,324,1.0,-11.14433479309082,1.945832627825439e-05
000396,325,0,5,72,655,325,1.0,-12.60840129852295,5.092021183372708e-06
000094,323,0,28,151,655,306,0.9473684210526315,-13.766082763671875,1.1797919796663336e-06
000805,326,0,16,54,655,326,1.0,-12.359434127807617,8.358570994460024e-06
000005,325,0,9,72,655,325,1.0,-12.128581047058105,1.3119920367898885e-05
001316,323,0,56,160,654,323,1.0,-7.741572856903076,0.0009586180676706135
001046,323,0,38,190,654,323,1.0,-11.960846900939941,7.447259577020304e-06
000586,323,0,80,211,654,323,1.0,-7.051645755767822,0.0015009543858468533
001226,321,0,27,216,655,233,0.7258566978193146,-13.440056800842285,1.626514517738542e-06
000079,325,0,9,72,655,188,0.5784615384615385,-14.239433288574219,8.24295000256825e-07
000725,321,0,58,216,654,321,1.0,-11.184163093566895,1.9408857042435557e-05
001296,323,0,80,211,654,323,1.0,-6.9235148429870605,0.004105883184820414
000827,322,0,38,180,654,261,0.8105590062111802,-13.114871978759766,2.366600938330521e-06
000103,325,0,15,84,655,325,1.0,-12.361665725708008,5.803370640933281e-06
001099,322,0,88,270,654,322,1.0,-11.352436065673828,1.6410245734732598e-05
001205,325,0,9,72,655,77,0.23692307692307693,-14.845450401306152,4.432545210875105e-07
000368,325,0,5,72,655,325,1.0,-12.575884819030762,4.597077804646688e-06
000278,323,0,55,181,654,323,1.0,-10.99012565612793,2.7452730137156323e-05
000190,321,0,53,223,654,247,0.7694704049844237,-13.37061595916748,2.441215428916621e-06
000544,324,0,49,144,654,324,1.0,-11.256502151489258,2.2100177375250496e-05
001260,323,0,58,180,654,323,1.0,-10.677767753601074,9.636057075113058e-05
000997,323,0,31,168,655,323,1.0,-9.954476356506348,6.667044362984598e-05
000431,323,0,54,161,654,323,1.0,-11.764467239379883,1.6256772141787224e-05
000919,323,0,41,182,654,323,1.0,-12.1120023727417,9.104409400606528e-06
001197,325,0,9,72,655,300,0.9230769230769231,-12.850956916809082,3.89437991543673e-06
001030,322,0,68,245,654,322,1.0,-11.729167938232422,1.084423183783656e-05
001173,323,0,18,144,655,251,0.7770897832817337,-13.27978801727295,2.1018665847805096e-06
000454,323,0,56,161,654,323,1.0,-11.491629600524902,1.436835100321332e-05
001157,325,0,9,72,655,325,1.0,-13.759567260742188,1.5926819969536155e-06
000164,322,0,44,198,654,300,0.9316770186335404,-12.904494285583496,3.0281339604698587e-06
001037,322,0,78,256,654,322,1.0,-9.995227813720703,8.31913566798903e-05
000077,325,0,9,72,655,294,0.9046153846153846,-13.88767147064209,1.2363371979517979e-06
000642,322,0,32,174,655,322,1.0,-11.233654975891113,1.576872091391124e-05
000828,322,0,38,210,654,322,1.0,-12.183323860168457,7.4211802711943164e-06
000675,323,0,40,192,654,323,1.0,-11.922134399414062,1.010864525596844e-05
000702,322,0,49,216,654,322,1.0,-12.285696983337402,8.71509746502852e-06
000310,323,0,61,182,654,323,1.0,-11.584925651550293,1.4644107068306766e-05
000797,325,0,15,84,655,243,0.7476923076923077,-13.349501609802246,2.734182999120094e-06
000739,321,0,64,228,654,321,1.0,-12.024102210998535,7.324953912757337e-06
000123,322,0,35,181,655,322,1.0,-11.3109712600708,1.787386463547591e-05
001270,323,0,65,192,654,323,1.0,-8.89405345916748,0.00027485337341204286
001170,325,0,9,72,655,325,1.0,-13.715799331665039,7.670747436350212e-06
001117,325,0,9,72,655,325,1.0,-12.308185577392578,6.278911769186379e-06
000857,322,0,44,198,654,322,1.0,-12.244734764099121,6.864838269393658e-06
000477,322,0,83,239,654,322,1.0,-11.714324951171875,1.636152228456922e-05
000180,322,0,50,204,654,305,0.9472049689440993,-13.90893840789795,1.1180773071828298e-06
001130,325,0,9,72,655,302,0.9292307692307692,-13.512935638427734,2.7608989512373228e-06
000958,323,0,66,219,654,323,1.0,-9.86748218536377,7.177806401159614e-05
000855,323,0,44,198,654,299,0.9256965944272446,-12.865415573120117,3.3681892546155723e-06
001109,325,0,9,72,655,325,1.0,-12.731082916259766,3.6830251701758243e-06
001009,323,0,66,219,654,323,1.0,-11.393190383911133,1.8657347027328797e-05
000199,324,0,28,120,655,282,0.8703703703703703,-13.064887046813965,3.393276983842952e-06
001203,325,0,9,72,655,325,1.0,-13.666394233703613,2.058768359347596e-06
000676,323,0,40,152,654,323,1.0,-10.729616165161133,3.164924419252202e-05
000132,322,0,38,186,654,322,1.0,-11.791667938232422,9.676874469732866e-06
000441,323,0,69,192,654,323,1.0,-12.029781341552734,7.83357972977683e-06
001261,323,0,72,213,654,323,1.0,-10.11176586151123,0.00011209525109734386
000878,323,0,41,186,654,323,1.0,-11.633132934570312,1.1377576811355539e-05
000283,323,0,80,211,654,323,1.0,-12.540331840515137,4.876276307186345e-06
000408,325,0,16,96,655,325,1.0,-11.0400972366333,1.898315895232372e-05
000244,322,0,83,239,654,322,1.0,-11.395561218261719,1.476085526519455e-05
000322,323,0,71,194,654,323,1.0,-11.330817222595215,1.6350655641872436e-05
001105,323,0,18,144,655,323,1.0,-13.70079517364502,1.4557953136318247e-06
000932,322,0,76,246,654,322,1.0,-11.189305305480957,3.177556936861947e-05
