image_id,candidate_pixels,base_candidate_pixels,far_pixels,ohem_budget,ohem_pixels,candidate_to_budget_ratio,target_leakage_pixels,target_top20_rate,selected_ohem_overlap,nonflat_candidate_ratio,candidate_pstd_mean,ohem_pstd_mean,pstd_enrichment_vs_ohem
001137,0,0,65247,652,652,0.0,0,1.0,0.0,0.0,0.0,1.1926172938103718e-08,0.0
000345,0,0,65327,653,653,0.0,0,1.0,0.0,0.0,0.0,4.8222620563365126e-08,0.0
000774,0,0,65304,653,653,0.0,0,1.0,0.0,0.0,0.0,2.8151218245398013e-08,0.0
000593,4,4,64949,649,649,0.0061633281972265025,0,1.0,0.0061633281972265025,1.0,0.2427850067615509,0.0015599631005898118,155.6350959005091
001002,0,0,64944,649,649,0.0,0,1.0,0.0,0.0,0.0,1.516353620445443e-07,0.0
001024,0,0,64924,649,649,0.0,0,1.0,0.0,0.0,0.0,4.760897454048063e-08,0.0
001285,0,0,65135,651,651,0.0,0,1.0,0.0,0.0,0.0,1.718437147246732e-06,0.0
000649,0,0,64829,648,648,0.0,0,1.0,0.0,0.0,0.0,2.7132378122018963e-08,0.0
000282,0,0,65049,650,650,0.0,0,1.0,0.0,0.0,0.0,2.195596060516891e-08,0.0
000037,0,0,65247,652,652,0.0,0,1.0,0.0,0.0,0.0,1.3335627713217946e-08,0.0
001150,0,0,65247,652,652,0.0,0,1.0,0.0,0.0,0.0,8.079261704097007e-08,0.0
001124,0,0,65247,652,652,0.0,0,1.0,0.0,0.0,0.0,2.4385324870479508e-09,0.0
001185,0,0,64958,649,649,0.0,0,1.0,0.0,0.0,0.0,1.654093395586642e-08,0.0
000718,0,0,64752,647,647,0.0,0,1.0,0.0,0.0,0.0,2.0464207750592323e-07,0.0
000968,0,0,64970,649,649,0.0,0,1.0,0.0,0.0,0.0,1.5335233172208973e-07,0.0
001216,0,0,65247,652,652,0.0,0,1.0,0.0,0.0,0.0,5.069890463005322e-08,0.0
000494,0,0,64347,643,643,0.0,0,1.0,0.0,0.0,0.0,2.2512209341130074e-07,0.0
001015,0,0,64870,648,648,0.0,0,1.0,0.0,0.0,0.0,1.2651162784038661e-08,0.0
001186,0,0,64958,649,649,0.0,0,1.0,0.0,0.0,0.0,1.8814001023770288e-08,0.0
000197,0,0,64893,648,648,0.0,0,1.0,0.0,0.0,0.0,5.0641787652239145e-08,0.0
000811,0,0,64887,648,648,0.0,0,1.0,0.0,0.0,0.0,3.291437451480306e-07,0.0
000601,0,0,65118,651,651,0.0,0,1.0,0.0,0.0,0.0,3.259717414039187e-05,0.0
001040,0,0,64864,648,648,0.0,0,1.0,0.0,0.0,0.0,2.0358555730126682e-08,0.0
000735,0,0,65141,651,651,0.0,0,1.0,0.0,0.0,0.0,1.4762441935545212e-07,0.0
001029,0,0,64769,647,647,0.0,0,1.0,0.0,0.0,0.0,2.631486317739018e-08,0.0
000623,0,0,65213,652,652,0.0,0,1.0,0.0,0.0,0.0,2.7853374717778934e-07,0.0
000436,0,0,64967,649,649,0.0,0,1.0,0.0,0.0,0.0,1.9481779744978667e-08,0.0
001242,0,0,64380,643,643,0.0,0,1.0,0.0,0.0,0.0,2.7183648398931837e-06,0.0
000813,0,0,64976,649,649,0.0,0,1.0,0.0,0.0,0.0,8.10541467277659e-10,0.0
000493,0,0,64336,643,643,0.0,0,1.0,0.0,0.0,0.0,6.214006020854868e-08,0.0
001053,0,0,64957,649,649,0.0,0,1.0,0.0,0.0,0.0,1.3404093124336214e-07,0.0
000410,0,0,64882,648,648,0.0,0,1.0,0.0,0.0,0.0,7.565559911881792e-08,0.0
000936,0,0,64958,649,649,0.0,0,1.0,0.0,0.0,0.0,9.857391347622979e-08,0.0
000473,0,0,64980,649,649,0.0,0,1.0,0.0,0.0,0.0,7.074820729258136e-08,0.0
000478,0,0,64363,643,643,0.0,0,1.0,0.0,0.0,0.0,8.024364461789446e-08,0.0
000458,0,0,64923,649,649,0.0,0,1.0,0.0,0.0,0.0,1.6174499251064844e-07,0.0
000709,0,0,64913,649,649,0.0,0,1.0,0.0,0.0,0.0,8.04475561722029e-08,0.0
001307,0,0,65137,651,651,0.0,0,1.0,0.0,0.0,0.0,2.0839157954810617e-08,0.0
000781,0,0,64864,648,648,0.0,0,1.0,0.0,0.0,0.0,9.311704296521839e-09,0.0
001023,0,0,64939,649,649,0.0,0,1.0,0.0,0.0,0.0,2.8466022428119686e-08,0.0
001004,0,0,64834,648,648,0.0,0,1.0,0.0,0.0,0.0,3.013080274172353e-08,0.0
000359,0,0,65251,652,652,0.0,0,1.0,0.0,0.0,0.0,2.0993381255607346e-08,0.0
000287,0,0,64883,648,648,0.0,0,1.0,0.0,0.0,0.0,1.878476219019376e-08,0.0
000482,0,0,64869,648,648,0.0,0,1.0,0.0,0.0,0.0,2.603509074106114e-06,0.0
000941,0,0,64916,649,649,0.0,0,1.0,0.0,0.0,0.0,4.036495226955594e-08,0.0
000067,0,0,65247,652,652,0.0,0,1.0,0.0,0.0,0.0,8.417270436211766e-09,0.0
000284,0,0,64869,648,648,0.0,0,1.0,0.0,0.0,0.0,2.5160183270145353e-08,0.0
000447,0,0,64883,648,648,0.0,0,1.0,0.0,0.0,0.0,3.7109597172957365e-08,0.0
000894,0,0,64886,648,648,0.0,0,1.0,0.0,0.0,0.0,7.012503022707506e-09,0.0
000163,0,0,64820,648,648,0.0,0,1.0,0.0,0.0,0.0,9.795951605440223e-09,0.0
000059,0,0,64380,643,643,0.0,0,1.0,0.0,0.0,0.0,1.8677166480074447e-08,0.0
001222,0,0,65247,652,652,0.0,0,1.0,0.0,0.0,0.0,1.9790252991924717e-08,0.0
000945,0,0,64979,649,649,0.0,0,1.0,0.0,0.0,0.0,6.327222195068316e-07,0.0
000446,0,0,64983,649,649,0.0,0,1.0,0.0,0.0,0.0,1.5666326191876578e-07,0.0
000193,0,0,64766,647,647,0.0,0,1.0,0.0,0.0,0.0,3.1712254155991104e-08,0.0
000746,0,0,64642,646,646,0.0,0,1.0,0.0,0.0,0.0,1.492262491353813e-08,0.0
000733,0,0,64733,647,647,0.0,0,1.0,0.0,0.0,0.0,3.7233139238423973e-08,0.0
000621,0,0,64892,648,648,0.0,0,1.0,0.0,0.0,0.0,1.0861228361136455e-07,0.0
001131,0,0,64380,643,643,0.0,0,1.0,0.0,0.0,0.0,1.0889744217479347e-08,0.0
000085,0,0,65247,652,652,0.0,0,1.0,0.0,0.0,0.0,6.105032070991001e-07,0.0
000064,0,0,65332,653,653,0.0,0,1.0,0.0,0.0,0.0,1.9809533569059568e-08,0.0
000312,0,0,64923,649,649,0.0,0,1.0,0.0,0.0,0.0,1.127228443920103e-08,0.0
000213,0,0,64731,647,647,0.0,0,1.0,0.0,0.0,0.0,5.099600386415659e-08,0.0
001297,0,0,64869,648,648,0.0,0,1.0,0.0,0.0,0.0,3.4071042591676814e-06,0.0
001039,0,0,64948,649,649,0.0,0,1.0,0.0,0.0,0.0,8.160799147560738e-09,0.0
000066,0,0,65298,652,652,0.0,0,1.0,0.0,0.0,0.0,5.017611659496879e-09,0.0
000002,0,0,65247,652,652,0.0,0,1.0,0.0,0.0,0.0,1.2509632441037866e-08,0.0
000843,0,0,64838,648,648,0.0,0,1.0,0.0,0.0,0.0,1.3486654015792965e-09,0.0
000659,6,6,64840,648,648,0.009259259259259259,0,1.0,0.009259259259259259,1.0,0.19042500853538513,0.002489502541720867,76.49118863873662
000298,0,0,64351,643,643,0.0,0,1.0,0.0,0.0,0.0,2.0094498509592995e-08,0.0
000227,0,0,64668,646,646,0.0,0,1.0,0.0,0.0,0.0,8.981383636808005e-09,0.0
000951,0,0,64894,648,648,0.0,0,1.0,0.0,0.0,0.0,6.827328320468951e-07,0.0
000299,0,0,64946,649,649,0.0,0,1.0,0.0,0.0,0.0,1.2888002665079057e-08,0.0
000937,0,0,64899,648,648,0.0,0,1.0,0.0,0.0,0.0,6.557404503837461e-07,0.0
000547,0,0,65091,650,650,0.0,0,1.0,0.0,0.0,0.0,1.969072229712765e-07,0.0
000948,0,0,64936,649,649,0.0,0,1.0,0.0,0.0,0.0,1.989449174288893e-07,0.0
000859,0,0,64786,647,647,0.0,0,1.0,0.0,0.0,0.0,2.5432372652289814e-08,0.0
000058,0,0,65247,652,652,0.0,0,1.0,0.0,0.0,0.0,8.81725270573952e-07,0.0
000422,0,0,65216,652,652,0.0,0,1.0,0.0,0.0,0.0,2.9534248824347742e-08,0.0
001140,0,0,65247,652,652,0.0,0,1.0,0.0,0.0,0.0,1.0101509850812818e-08,0.0
000873,0,0,64794,647,647,0.0,0,1.0,0.0,0.0,0.0,1.4813416271408641e-08,0.0
001249,0,0,64936,649,649,0.0,0,1.0,0.0,0.0,0.0,0.00021863773872610182,0.0
000822,0,0,64840,648,648,0.0,0,1.0,0.0,0.0,0.0,7.152223702178162e-08,0.0
000745,0,0,64702,647,647,0.0,0,1.0,0.0,0.0,0.0,2.3558479611551775e-08,0.0
000609,0,0,65172,651,651,0.0,0,1.0,0.0,0.0,0.0,2.062094850430185e-08,0.0
000881,0,0,64768,647,647,0.0,0,1.0,0.0,0.0,0.0,2.717559688392157e-08,0.0
001271,0,0,64869,648,648,0.0,0,1.0,0.0,0.0,0.0,9.940162044586032e-07,0.0
000851,0,0,64766,647,647,0.0,0,1.0,0.0,0.0,0.0,1.9355047342628495e-08,0.0
000848,0,0,64808,648,648,0.0,0,1.0,0.0,0.0,0.0,2.819023237066176e-08,0.0
001016,0,0,64768,647,647,0.0,0,1.0,0.0,0.0,0.0,5.711420953957713e-07,0.0
001100,0,0,64766,647,647,0.0,0,1.0,0.0,0.0,0.0,9.965634717445937e-08,0.0
000004,0,0,65247,652,652,0.0,0,1.0,0.0,0.0,0.0,1.2641485191977608e-08,0.0
001208,0,0,65247,652,652,0.0,0,1.0,0.0,0.0,0.0,5.88741011497973e-09,0.0
000099,0,0,64890,648,648,0.0,0,1.0,0.0,0.0,0.0,2.1742525859735906e-06,0.0
000073,0,0,65247,652,652,0.0,0,1.0,0.0,0.0,0.0,2.414490296587246e-08,0.0
000049,0,0,65247,652,652,0.0,0,1.0,0.0,0.0,0.0,1.4545771698237786e-08,0.0
000158,0,0,64794,647,647,0.0,0,1.0,0.0,0.0,0.0,1.5938606878762585e-08,0.0
001279,0,0,65065,650,650,0.0,0,1.0,0.0,0.0,0.0,4.0650422761245864e-07,0.0
000063,0,0,65247,652,652,0.0,0,1.0,0.0,0.0,0.0,1.3333694148798259e-08,0.0
001181,0,0,65247,652,652,0.0,0,1.0,0.0,0.0,0.0,1.4881899801366671e-07,0.0
000515,0,0,64355,643,643,0.0,0,1.0,0.0,0.0,0.0,2.8505423870228697e-06,0.0
001054,0,0,64838,648,648,0.0,0,1.0,0.0,0.0,0.0,6.492469850627458e-08,0.0
000844,0,0,64852,648,648,0.0,0,1.0,0.0,0.0,0.0,1.8017061620412278e-08,0.0
001177,0,0,64669,646,646,0.0,0,1.0,0.0,0.0,0.0,3.548275984144311e-08,0.0
000934,0,0,64949,649,649,0.0,0,1.0,0.0,0.0,0.0,1.9529377937033132e-07,0.0
000663,0,0,64854,648,648,0.0,0,1.0,0.0,0.0,0.0,4.111742057943957e-08,0.0
000841,0,0,64838,648,648,0.0,0,1.0,0.0,0.0,0.0,6.12601391836165e-09,0.0
000205,0,0,64829,648,648,0.0,0,1.0,0.0,0.0,0.0,1.774888680472486e-08,0.0
000911,0,0,64939,649,649,0.0,0,1.0,0.0,0.0,0.0,2.591357315395726e-07,0.0
000211,0,0,64732,647,647,0.0,0,1.0,0.0,0.0,0.0,1.5105200645848527e-08,0.0
000267,0,0,64337,643,643,0.0,0,1.0,0.0,0.0,0.0,1.1467366611839225e-08,0.0
000379,0,0,65251,652,652,0.0,0,1.0,0.0,0.0,0.0,2.3746203225982754e-08,0.0
000168,0,0,64849,648,648,0.0,0,1.0,0.0,0.0,0.0,8.168247411788343e-09,0.0
000301,0,0,64961,649,649,0.0,0,1.0,0.0,0.0,0.0,1.4180372431837895e-08,0.0
001061,0,0,64886,648,648,0.0,0,1.0,0.0,0.0,0.0,2.4462877945552464e-07,0.0
001299,0,0,64911,649,649,0.0,0,1.0,0.0,0.0,0.0,1.22840231142618e-06,0.0
000818,0,0,65182,651,651,0.0,0,1.0,0.0,0.0,0.0,5.432986949216456e-09,0.0
001070,0,0,64914,649,649,0.0,0,1.0,0.0,0.0,0.0,2.6757321691661673e-08,0.0
001305,0,0,65155,651,651,0.0,0,1.0,0.0,0.0,0.0,9.337386863705888e-09,0.0
001095,0,0,64957,649,649,0.0,0,1.0,0.0,0.0,0.0,1.0135424055590647e-08,0.0
000695,0,0,65149,651,651,0.0,0,1.0,0.0,0.0,0.0,5.687598445547337e-07,0.0
000375,0,0,64966,649,649,0.0,0,1.0,0.0,0.0,0.0,2.0532045397203547e-08,0.0
000061,0,0,64380,643,643,0.0,0,1.0,0.0,0.0,0.0,1.3832590184392757e-08,0.0
000669,0,0,64782,647,647,0.0,0,1.0,0.0,0.0,0.0,1.644784397569765e-08,0.0
000325,0,0,64681,646,646,0.0,0,1.0,0.0,0.0,0.0,4.071855030929328e-08,0.0
000864,5,39,64859,648,648,0.007716049382716049,0,1.0,0.006172839506172839,0.1282051282051282,0.23591294884681702,0.007514714729040861,31.393466998171426
000174,0,0,64816,648,648,0.0,0,1.0,0.0,0.0,0.0,1.5336905789808952e-07,0.0
000347,0,0,65251,652,652,0.0,0,1.0,0.0,0.0,0.0,1.5530767782934163e-08,0.0
000748,0,0,64801,648,648,0.0,0,1.0,0.0,0.0,0.0,1.2789945458280272e-07,0.0
000946,0,0,64854,648,648,0.0,0,1.0,0.0,0.0,0.0,4.3484581624397833e-07,0.0
001274,0,0,64967,649,649,0.0,0,1.0,0.0,0.0,0.0,4.968655389347987e-07,0.0
001059,0,0,64949,649,649,0.0,0,1.0,0.0,0.0,0.0,1.828155689054256e-07,0.0
000253,0,0,64964,649,649,0.0,0,1.0,0.0,0.0,0.0,1.691739157649863e-07,0.0
000679,48,54,64852,648,648,0.07407407407407407,0,1.0,0.027777777777777776,0.8888888888888888,0.30866241455078125,0.008431816473603249,36.606870597466596
001041,0,0,64909,649,649,0.0,0,1.0,0.0,0.0,0.0,4.0091599373681674e-08,0.0
000999,0,0,64875,648,648,0.0,0,1.0,0.0,0.0,0.0,1.198864083562512e-07,0.0
000794,0,0,65213,652,652,0.0,0,1.0,0.0,0.0,0.0,2.698802063605399e-06,0.0
000576,0,0,65001,650,650,0.0,0,1.0,0.0,0.0,0.0,9.589448382030241e-07,0.0
001094,0,0,64859,648,648,0.0,0,1.0,0.0,0.0,0.0,6.392721729753248e-08,0.0
000635,0,0,64890,648,648,0.0,0,1.0,0.0,0.0,0.0,2.7875968200419265e-08,0.0
000825,0,0,65181,651,651,0.0,0,1.0,0.0,0.0,0.0,9.781432908084753e-08,0.0
000013,0,0,64958,649,649,0.0,0,1.0,0.0,0.0,0.0,3.278566751419021e-08,0.0
000627,0,0,64876,648,648,0.0,0,1.0,0.0,0.0,0.0,5.379745360301058e-08,0.0
000487,0,0,64924,649,649,0.0,0,1.0,0.0,0.0,0.0,2.5668489556096574e-08,0.0
001201,0,0,65247,652,652,0.0,0,1.0,0.0,0.0,0.0,3.506918133666659e-08,0.0
000457,0,0,64409,644,644,0.0,0,1.0,0.0,0.0,0.0,1.492130081715004e-07,0.0
000916,0,0,64867,648,648,0.0,0,1.0,0.0,0.0,0.0,2.3445423380508146e-08,0.0
000030,0,0,65247,652,652,0.0,0,1.0,0.0,0.0,0.0,2.2199056814997675e-08,0.0
000109,0,0,64874,648,648,0.0,0,1.0,0.0,0.0,0.0,4.433141498338955e-08,0.0
000693,0,0,65163,651,651,0.0,0,1.0,0.0,0.0,0.0,3.33537144570073e-08,0.0
000183,0,0,64757,647,647,0.0,0,1.0,0.0,0.0,0.0,2.8028152243564364e-08,0.0
000467,0,0,64456,644,644,0.0,0,1.0,0.0,0.0,0.0,2.5763025490732616e-08,0.0
001164,0,0,65315,653,653,0.0,0,1.0,0.0,0.0,0.0,1.4777251422515292e-08,0.0
001258,0,0,65001,650,650,0.0,0,1.0,0.0,0.0,0.0,5.553181949835562e-07,0.0
000970,0,0,64909,649,649,0.0,0,1.0,0.0,0.0,0.0,1.71249538993834e-07,0.0
000263,0,0,64936,649,649,0.0,0,1.0,0.0,0.0,0.0,8.325801381658948e-09,0.0
000858,0,0,64805,648,648,0.0,0,1.0,0.0,0.0,0.0,4.656457264218261e-08,0.0
000668,0,0,64852,648,648,0.0,0,1.0,0.0,0.0,0.0,6.058394319552463e-08,0.0
000526,0,0,65125,651,651,0.0,0,1.0,0.0,0.0,0.0,7.842937321811405e-08,0.0
000736,0,0,64732,647,647,0.0,0,1.0,0.0,0.0,0.0,2.0414942625279764e-08,0.0
001146,0,0,65247,652,652,0.0,0,1.0,0.0,0.0,0.0,5.117313683911107e-09,0.0
000247,0,0,64821,648,648,0.0,0,1.0,0.0,0.0,0.0,2.5417559612606055e-08,0.0
000367,0,0,65251,652,652,0.0,0,1.0,0.0,0.0,0.0,4.188630953194661e-08,0.0
000050,0,0,65247,652,652,0.0,0,1.0,0.0,0.0,0.0,3.866286135689734e-08,0.0
000773,0,0,64894,648,648,0.0,0,1.0,0.0,0.0,0.0,1.0025452690243242e-09,0.0
000318,0,0,64999,649,649,0.0,0,1.0,0.0,0.0,0.0,3.362639944270995e-08,0.0
001163,0,0,65247,652,652,0.0,0,1.0,0.0,0.0,0.0,9.163264813594196e-09,0.0
001159,0,0,65247,652,652,0.0,0,1.0,0.0,0.0,0.0,3.897328237911779e-09,0.0
001306,0,0,65202,652,652,0.0,0,1.0,0.0,0.0,0.0,3.806278670026586e-08,0.0
001310,0,0,65183,651,651,0.0,0,1.0,0.0,0.0,0.0,1.684623995856782e-08,0.0
000571,0,0,64869,648,648,0.0,0,1.0,0.0,0.0,0.0,6.336730962175352e-07,0.0
001031,0,0,64886,648,648,0.0,0,1.0,0.0,0.0,0.0,4.423959865107463e-09,0.0
000461,0,0,64999,649,649,0.0,0,1.0,0.0,0.0,0.0,3.158828860705398e-07,0.0
000652,0,0,64856,648,648,0.0,0,1.0,0.0,0.0,0.0,4.7401218949971735e-08,0.0
000444,0,0,64256,642,642,0.0,0,1.0,0.0,0.0,0.0,2.6697810184828086e-08,0.0
001194,0,0,65247,652,652,0.0,0,1.0,0.0,0.0,0.0,3.972363771254095e-09,0.0
001156,0,0,65332,653,653,0.0,0,1.0,0.0,0.0,0.0,7.972444038273352e-09,0.0
000014,0,0,65247,652,652,0.0,0,1.0,0.0,0.0,0.0,1.9043117305272972e-08,0.0
000250,0,0,64821,648,648,0.0,0,1.0,0.0,0.0,0.0,3.559167893740778e-08,0.0
000134,0,0,64990,649,649,0.0,0,1.0,0.0,0.0,0.0,5.653109980130466e-08,0.0
001301,0,0,64924,649,649,0.0,0,1.0,0.0,0.0,0.0,3.7011450331192464e-05,0.0
000768,0,0,64996,649,649,0.0,0,1.0,0.0,0.0,0.0,3.7664880103704945e-09,0.0
000823,0,0,64840,648,648,0.0,0,1.0,0.0,0.0,0.0,7.279859204345485e-08,0.0
000040,0,0,65247,652,652,0.0,0,1.0,0.0,0.0,0.0,1.343581246260328e-08,0.0
000891,0,2,64924,649,649,0.0,0,1.0,0.0,0.0,0.0,1.3992907277327049e-08,0.0
000561,0,0,64936,649,649,0.0,0,1.0,0.0,0.0,0.0,4.3141600514218226e-08,0.0
001200,0,0,65281,652,652,0.0,0,1.0,0.0,0.0,0.0,1.2133122062607526e-08,0.0
001233,0,0,65247,652,652,0.0,0,1.0,0.0,0.0,0.0,3.383624758157566e-08,0.0
000119,0,0,64844,648,648,0.0,0,1.0,0.0,0.0,0.0,3.9617114566681266e-07,0.0
001324,0,0,65067,650,650,0.0,0,1.0,0.0,0.0,0.0,6.77954901107114e-08,0.0
000793,0,0,65332,653,653,0.0,0,1.0,0.0,0.0,0.0,1.2640341218173035e-08,0.0
000293,0,0,64869,648,648,0.0,0,1.0,0.0,0.0,0.0,1.8940813362178233e-08,0.0
000143,0,0,64838,648,648,0.0,0,1.0,0.0,0.0,0.0,1.5387377061415464e-07,0.0
001011,0,0,64834,648,648,0.0,0,1.0,0.0,0.0,0.0,6.871226077009851e-08,0.0
000834,0,0,64782,647,647,0.0,0,1.0,0.0,0.0,0.0,1.8927053702100238e-08,0.0
000095,0,0,65214,652,652,0.0,0,1.0,0.0,0.0,0.0,2.0970225023120292e-07,0.0
000017,0,0,65247,652,652,0.0,0,1.0,0.0,0.0,0.0,1.0156838925468037e-08,0.0
001116,0,0,64958,649,649,0.0,0,1.0,0.0,0.0,0.0,2.0831704361512493e-08,0.0
000653,0,0,64856,648,648,0.0,0,1.0,0.0,0.0,0.0,3.528425907006749e-08,0.0
000755,0,0,64880,648,648,0.0,0,1.0,0.0,0.0,0.0,2.2665609833438793e-08,0.0
000705,0,0,64786,647,647,0.0,0,1.0,0.0,0.0,0.0,8.413314489530421e-09,0.0
000723,0,0,64780,647,647,0.0,0,1.0,0.0,0.0,0.0,7.950927027877697e-08,0.0
000738,0,0,64716,647,647,0.0,0,1.0,0.0,0.0,0.0,1.1544192801693498e-07,0.0
001266,0,0,64936,649,649,0.0,0,1.0,0.0,0.0,0.0,6.734820203746494e-07,0.0
000364,0,0,64681,646,646,0.0,0,1.0,0.0,0.0,0.0,2.9169251902771975e-08,0.0
000791,0,0,64890,648,648,0.0,0,1.0,0.0,0.0,0.0,6.651059720752528e-07,0.0
000048,0,0,64380,643,643,0.0,0,1.0,0.0,0.0,0.0,1.4018303851059954e-08,0.0
000228,0,0,64694,646,646,0.0,0,1.0,0.0,0.0,0.0,1.1855726178566783e-08,0.0
000956,0,0,64843,648,648,0.0,0,1.0,0.0,0.0,0.0,3.5492970340555985e-08,0.0
000570,0,0,64911,649,649,0.0,0,1.0,0.0,0.0,0.0,2.195226898038527e-07,0.0
000116,0,0,64964,649,649,0.0,0,1.0,0.0,0.0,0.0,4.665297836936588e-08,0.0
000350,0,0,65251,652,652,0.0,0,1.0,0.0,0.0,0.0,2.739524695982709e-08,0.0
000276,0,0,64821,648,648,0.0,0,1.0,0.0,0.0,0.0,8.935186457392774e-08,0.0
001022,0,0,64910,649,649,0.0,0,1.0,0.0,0.0,0.0,2.2016781997535873e-07,0.0
000369,0,0,65251,652,652,0.0,0,1.0,0.0,0.0,0.0,3.365676448652266e-08,0.0
001225,0,0,65247,652,652,0.0,0,1.0,0.0,0.0,0.0,6.134538210744722e-08,0.0
000129,0,0,65181,651,651,0.0,0,1.0,0.0,0.0,0.0,6.448289724403367e-08,0.0
000947,0,0,64888,648,648,0.0,0,1.0,0.0,0.0,0.0,3.550704974486507e-08,0.0
000800,0,0,64874,648,648,0.0,0,1.0,0.0,0.0,0.0,2.4735310688583922e-08,0.0
000154,0,0,64873,648,648,0.0,0,1.0,0.0,0.0,0.0,1.8535386558937716e-08,0.0
001168,0,0,65247,652,652,0.0,0,1.0,0.0,0.0,0.0,2.4343751903188604e-08,0.0
000602,0,0,64960,649,649,0.0,0,1.0,0.0,0.0,0.0,2.892815871291532e-07,0.0
000210,0,0,64746,647,647,0.0,0,1.0,0.0,0.0,0.0,2.2528853449443886e-08,0.0
001284,0,0,65032,650,650,0.0,0,1.0,0.0,0.0,0.0,3.881154242435514e-08,0.0
000534,0,0,65181,651,651,0.0,0,1.0,0.0,0.0,0.0,1.1269613686692992e-08,0.0
000814,0,0,64828,648,648,0.0,0,1.0,0.0,0.0,0.0,1.9803321205102975e-09,0.0
000846,0,0,64822,648,648,0.0,0,1.0,0.0,0.0,0.0,8.90739144665531e-08,0.0
001132,0,0,65247,652,652,0.0,0,1.0,0.0,0.0,0.0,6.2442047088495656e-09,0.0
000257,0,0,64923,649,649,0.0,0,1.0,0.0,0.0,0.0,3.534633918889085e-08,0.0
000688,0,0,64793,647,647,0.0,0,1.0,0.0,0.0,0.0,2.0514287157880062e-08,0.0
001056,0,0,64820,648,648,0.0,0,1.0,0.0,0.0,0.0,1.580794162236998e-08,0.0
000430,0,0,64463,644,644,0.0,0,1.0,0.0,0.0,0.0,1.9658335403960336e-08,0.0
000900,0,0,64915,649,649,0.0,0,1.0,0.0,0.0,0.0,1.1192394566705843e-08,0.0
000471,0,0,64821,648,648,0.0,0,1.0,0.0,0.0,0.0,2.723841419083328e-07,0.0
000833,0,0,65194,651,651,0.0,0,1.0,0.0,0.0,0.0,2.016965927609249e-09,0.0
000171,0,0,65163,651,651,0.0,0,1.0,0.0,0.0,0.0,1.198075096908724e-07,0.0
000567,0,0,64964,649,649,0.0,0,1.0,0.0,0.0,0.0,1.0240526080451673e-06,0.0
001043,0,0,64886,648,648,0.0,0,1.0,0.0,0.0,0.0,3.411090787608373e-08,0.0
000798,0,0,64890,648,648,0.0,0,1.0,0.0,0.0,0.0,8.24463552984156e-10,0.0
001085,0,0,64956,649,649,0.0,0,1.0,0.0,0.0,0.0,6.622455543947581e-07,0.0
000895,0,0,64968,649,649,0.0,0,1.0,0.0,0.0,0.0,1.6535031122089094e-08,0.0
001121,0,0,64958,649,649,0.0,0,1.0,0.0,0.0,0.0,2.726460168744893e-09,0.0
000979,0,0,64929,649,649,0.0,0,1.0,0.0,0.0,0.0,1.1635427199507831e-07,0.0
000363,0,0,65251,652,652,0.0,0,1.0,0.0,0.0,0.0,4.2992827076204776e-08,0.0
000311,0,0,64965,649,649,0.0,0,1.0,0.0,0.0,0.0,1.6310884802805958e-06,0.0
000229,0,0,64708,647,647,0.0,0,1.0,0.0,0.0,0.0,9.218938146204891e-08,0.0
000234,0,0,64983,649,649,0.0,0,1.0,0.0,0.0,0.0,6.490996895536227e-08,0.0
001073,0,0,64768,647,647,0.0,0,1.0,0.0,0.0,0.0,4.7520313017912486e-08,0.0
000716,0,0,64768,647,647,0.0,0,1.0,0.0,0.0,0.0,5.6582454277531724e-08,0.0
001005,0,0,64948,649,649,0.0,0,1.0,0.0,0.0,0.0,1.792491133301155e-08,0.0
001119,0,0,65247,652,652,0.0,0,1.0,0.0,0.0,0.0,2.6041284684197308e-08,0.0
001327,0,0,65083,650,650,0.0,0,1.0,0.0,0.0,0.0,1.3582410929302569e-07,0.0
000754,0,0,65201,652,652,0.0,0,1.0,0.0,0.0,0.0,3.76880606722807e-08,0.0
000245,0,0,64924,649,649,0.0,0,1.0,0.0,0.0,0.0,1.7515594308292748e-08,0.0
000780,0,0,65200,652,652,0.0,0,1.0,0.0,0.0,0.0,2.213520701843663e-06,0.0
000277,0,0,64821,648,648,0.0,0,1.0,0.0,0.0,0.0,1.9485071334202075e-08,0.0
001052,0,0,64916,649,649,0.0,0,1.0,0.0,0.0,0.0,1.5534317299170652e-07,0.0
000856,0,0,65178,651,651,0.0,0,1.0,0.0,0.0,0.0,7.117453293403742e-08,0.0
000871,0,0,64817,648,648,0.0,0,1.0,0.0,0.0,0.0,1.6963685567361608e-08,0.0
000531,0,0,65194,651,651,0.0,0,1.0,0.0,0.0,0.0,3.729653386130849e-08,0.0
000472,2,2,64911,649,649,0.0030816640986132513,0,1.0,0.0,1.0,0.19649437069892883,3.312333865324035e-05,5932.203053441486
000083,0,0,65247,652,652,0.0,0,1.0,0.0,0.0,0.0,4.6271818376908413e-08,0.0
000274,0,0,64992,649,649,0.0,0,1.0,0.0,0.0,0.0,2.611656668705109e-08,0.0
000147,0,0,64852,648,648,0.0,0,1.0,0.0,0.0,0.0,1.8322651840207982e-08,0.0
000096,0,0,64876,648,648,0.0,0,1.0,0.0,0.0,0.0,1.1662780963206387e-07,0.0
000152,0,0,64852,648,648,0.0,0,1.0,0.0,0.0,0.0,9.496122999053114e-08,0.0
001158,0,0,64669,646,646,0.0,0,1.0,0.0,0.0,0.0,1.3754045902203416e-08,0.0
000453,0,0,64386,643,643,0.0,0,1.0,0.0,0.0,0.0,3.229276046567975e-07,0.0
000057,0,0,65247,652,652,0.0,0,1.0,0.0,0.0,0.0,1.2779875824264764e-08,0.0
000411,0,0,65200,652,652,0.0,0,1.0,0.0,0.0,0.0,8.014710317638674e-08,0.0
000388,0,0,65251,652,652,0.0,0,1.0,0.0,0.0,0.0,3.915416613153866e-08,0.0
000082,0,0,65247,652,652,0.0,0,1.0,0.0,0.0,0.0,8.92918095019013e-09,0.0
000655,0,0,64828,648,648,0.0,0,1.0,0.0,0.0,0.0,4.753677274038637e-08,0.0
000962,0,0,64944,649,649,0.0,0,1.0,0.0,0.0,0.0,3.769443424062047e-08,0.0
001086,0,0,64975,649,649,0.0,0,1.0,0.0,0.0,0.0,2.530261724587035e-07,0.0
000539,0,0,65179,651,651,0.0,0,1.0,0.0,0.0,0.0,7.437249394115497e-08,0.0
000381,0,0,65251,652,652,0.0,0,1.0,0.0,0.0,0.0,2.008144939225076e-08,0.0
000527,0,0,65183,651,651,0.0,0,1.0,0.0,0.0,0.0,2.0903010877759698e-08,0.0
000309,0,0,64923,649,649,0.0,0,1.0,0.0,0.0,0.0,5.559639149055329e-08,0.0
000065,0,0,65247,652,652,0.0,0,1.0,0.0,0.0,0.0,1.9941095885656068e-08,0.0
000418,0,0,64860,648,648,0.0,0,1.0,0.0,0.0,0.0,3.0471201171167195e-06,0.0
000306,0,0,64821,648,648,0.0,0,1.0,0.0,0.0,0.0,9.750498719540701e-08,0.0
000469,0,0,64961,649,649,0.0,0,1.0,0.0,0.0,0.0,4.261472952293843e-08,0.0
000088,0,0,65247,652,652,0.0,0,1.0,0.0,0.0,0.0,7.559139092450096e-09,0.0
001007,0,0,64881,648,648,0.0,0,1.0,0.0,0.0,0.0,3.132317871745727e-08,0.0
000690,0,0,65164,651,651,0.0,0,1.0,0.0,0.0,0.0,9.19266440746469e-08,0.0
000686,0,0,64766,647,647,0.0,0,1.0,0.0,0.0,0.0,3.6764873811989673e-08,0.0
000428,0,0,64821,648,648,0.0,0,1.0,0.0,0.0,0.0,5.308164219286482e-08,0.0
000605,0,0,65169,651,651,0.0,0,1.0,0.0,0.0,0.0,1.1677431643875025e-07,0.0
001067,0,0,64794,647,647,0.0,0,1.0,0.0,0.0,0.0,1.7877503921681637e-08,0.0
001025,0,0,64934,649,649,0.0,0,1.0,0.0,0.0,0.0,7.821004714969604e-07,0.0
001245,0,0,65247,652,652,0.0,0,1.0,0.0,0.0,0.0,2.1104855818521173e-07,0.0
001045,0,0,64838,648,648,0.0,0,1.0,0.0,0.0,0.0,2.6667757779819112e-08,0.0
000767,0,0,64880,648,648,0.0,0,1.0,0.0,0.0,0.0,6.077387837422066e-08,0.0
000728,0,0,64750,647,647,0.0,0,1.0,0.0,0.0,0.0,3.094897138566921e-08,0.0
001065,0,0,64888,648,648,0.0,0,1.0,0.0,0.0,0.0,2.3693511153055624e-08,0.0
000540,0,0,65196,651,651,0.0,0,1.0,0.0,0.0,0.0,5.9043344435849576e-08,0.0
000658,0,0,64826,648,648,0.0,0,1.0,0.0,0.0,0.0,3.5966659197583795e-05,0.0
000549,0,0,65001,650,650,0.0,0,1.0,0.0,0.0,0.0,2.228220864708419e-06,0.0
000522,0,0,64246,642,642,0.0,0,1.0,0.0,0.0,0.0,2.0909999420837266e-06,0.0
000978,0,0,64870,648,648,0.0,0,1.0,0.0,0.0,0.0,1.4115339297404716e-07,0.0
000317,0,0,64821,648,648,0.0,0,1.0,0.0,0.0,0.0,1.8964533055054744e-08,0.0
000117,0,0,64830,648,648,0.0,0,1.0,0.0,0.0,0.0,4.4224325534969466e-08,0.0
000184,0,0,64784,647,647,0.0,0,1.0,0.0,0.0,0.0,1.9909997206468688e-08,0.0
000631,0,0,65213,652,652,0.0,0,1.0,0.0,0.0,0.0,7.525763123794604e-08,0.0
000459,0,0,64883,648,648,0.0,0,1.0,0.0,0.0,0.0,2.1712460807066236e-07,0.0
000804,0,0,64846,648,648,0.0,0,1.0,0.0,0.0,0.0,2.2978257518957435e-08,0.0
000819,1,6,64842,648,648,0.0015432098765432098,0,1.0,0.0,0.16666666666666666,0.28808504343032837,8.905401216452447e-08,3234947.3811252927
001048,0,0,64968,649,649,0.0,0,1.0,0.0,0.0,0.0,7.979612526298752e-09,0.0
000271,0,0,64960,649,649,0.0,0,1.0,0.0,0.0,0.0,7.712437799511918e-09,0.0
000358,0,0,64966,649,649,0.0,0,1.0,0.0,0.0,0.0,1.8833297588116693e-08,0.0
000670,0,0,65194,651,651,0.0,0,1.0,0.0,0.0,0.0,2.3850060415497865e-07,0.0
000145,0,0,65268,652,652,0.0,0,1.0,0.0,0.0,0.0,1.0196352917546392e-07,0.0
000118,0,0,64858,648,648,0.0,0,1.0,0.0,0.0,0.0,8.918553362491366e-08,0.0
000239,0,0,64300,643,643,0.0,0,1.0,0.0,0.0,0.0,4.731462865947833e-07,0.0
000126,0,0,65196,651,651,0.0,0,1.0,0.0,0.0,0.0,4.7201943687014136e-08,0.0
000115,0,0,64845,648,648,0.0,0,1.0,0.0,0.0,0.0,1.758819649921861e-07,0.0
001171,0,0,65247,652,652,0.0,0,1.0,0.0,0.0,0.0,3.4753457889280526e-09,0.0
000497,0,0,64358,643,643,0.0,0,1.0,0.0,0.0,0.0,7.419814807008152e-08,0.0
000847,0,0,64794,647,647,0.0,0,1.0,0.0,0.0,0.0,5.99638667608815e-08,0.0
000462,0,0,64883,648,648,0.0,0,1.0,0.0,0.0,0.0,1.6074122299869487e-07,0.0
000604,0,0,65169,651,651,0.0,0,1.0,0.0,0.0,0.0,5.1465800510186455e-08,0.0
000223,0,0,65040,650,650,0.0,0,1.0,0.0,0.0,0.0,7.87855736206211e-09,0.0
000810,0,0,64844,648,648,0.0,0,1.0,0.0,0.0,0.0,2.0287854951561712e-08,0.0
000938,0,0,64828,648,648,0.0,0,1.0,0.0,0.0,0.0,1.1843188474358612e-07,0.0
000460,0,0,64967,649,649,0.0,0,1.0,0.0,0.0,0.0,2.098271352224401e-06,0.0
001001,0,0,65018,650,650,0.0,0,1.0,0.0,0.0,0.0,2.943105528174783e-07,0.0
001108,0,0,65247,652,652,0.0,0,1.0,0.0,0.0,0.0,2.2699215662669303e-07,0.0
000826,0,0,64840,648,648,0.0,0,1.0,0.0,0.0,0.0,3.0426159355556592e-05,0.0
001252,0,0,65000,650,650,0.0,0,1.0,0.0,0.0,0.0,3.126586278767718e-08,0.0
000981,0,0,64859,648,648,0.0,0,1.0,0.0,0.0,0.0,4.257969621335178e-08,0.0
000429,0,0,64464,644,644,0.0,0,1.0,0.0,0.0,0.0,3.9089343317755265e-08,0.0
001277,0,0,64924,649,649,0.0,0,1.0,0.0,0.0,0.0,1.8458609702065587e-05,0.0
001080,0,0,64904,649,649,0.0,0,1.0,0.0,0.0,0.0,1.085946266243809e-08,0.0
000707,0,0,64800,648,648,0.0,0,1.0,0.0,0.0,0.0,9.676845103001597e-09,0.0
000221,0,0,64684,646,646,0.0,0,1.0,0.0,0.0,0.0,1.116716852322952e-08,0.0
000265,0,0,65000,650,650,0.0,0,1.0,0.0,0.0,0.0,7.966075799004102e-09,0.0
000672,0,0,64838,648,648,0.0,0,1.0,0.0,0.0,0.0,2.1697054819469486e-08,0.0
000752,0,0,64958,649,649,0.0,0,1.0,0.0,0.0,0.0,7.881219232785952e-08,0.0
000481,0,0,64221,642,642,0.0,0,1.0,0.0,0.0,0.0,2.5107880219366052e-08,0.0
000384,0,0,64396,643,643,0.0,0,1.0,0.0,0.0,0.0,1.1771552621553383e-08,0.0
000236,0,0,64936,649,649,0.0,0,1.0,0.0,0.0,0.0,6.628274036302173e-07,0.0
000125,0,0,64873,648,648,0.0,0,1.0,0.0,0.0,0.0,3.470391973792175e-08,0.0
000892,0,0,64934,649,649,0.0,0,1.0,0.0,0.0,0.0,2.413392152789129e-08,0.0
000238,0,0,64821,648,648,0.0,0,1.0,0.0,0.0,0.0,5.824183091363011e-08,0.0
000639,0,0,65198,651,651,0.0,0,1.0,0.0,0.0,0.0,6.472753284469945e-06,0.0
000914,0,0,64956,649,649,0.0,0,1.0,0.0,0.0,0.0,7.502253929203562e-09,0.0
000432,0,0,64336,643,643,0.0,0,1.0,0.0,0.0,0.0,4.6970509259836035e-08,0.0
000489,0,0,64385,643,643,0.0,0,1.0,0.0,0.0,0.0,1.5492143745632347e-07,0.0
000513,0,0,64209,642,642,0.0,0,1.0,0.0,0.0,0.0,5.852305093867471e-07,0.0
000114,0,0,65198,651,651,0.0,0,1.0,0.0,0.0,0.0,7.912832370493561e-05,0.0
000719,0,0,64806,648,648,0.0,0,1.0,0.0,0.0,0.0,2.2056184434404713e-08,0.0
000643,0,0,64915,649,649,0.0,0,1.0,0.0,0.0,0.0,2.8333397850133224e-08,0.0
000994,0,0,64967,649,649,0.0,0,1.0,0.0,0.0,0.0,5.0757059000261506e-08,0.0
000712,0,0,64862,648,648,0.0,0,1.0,0.0,0.0,0.0,1.4766378342301323e-07,0.0
000242,0,0,64283,642,642,0.0,0,1.0,0.0,0.0,0.0,7.212801733658125e-08,0.0
001207,0,0,64958,649,649,0.0,0,1.0,0.0,0.0,0.0,7.452657158069087e-09,0.0
000201,0,0,64750,647,647,0.0,0,1.0,0.0,0.0,0.0,1.3160773448817054e-07,0.0
001312,0,0,65000,650,650,0.0,0,1.0,0.0,0.0,0.0,2.9299314974196022e-06,0.0
000524,0,0,65194,651,651,0.0,0,1.0,0.0,0.0,0.0,1.3409401589115078e-08,0.0
000198,0,0,64780,647,647,0.0,0,1.0,0.0,0.0,0.0,3.6066733599682266e-08,0.0
000543,0,0,65166,651,651,0.0,0,1.0,0.0,0.0,0.0,1.4409027748740755e-08,0.0
000028,0,0,65247,652,652,0.0,0,1.0,0.0,0.0,0.0,2.669012211242716e-08,0.0
001323,0,0,64993,649,649,0.0,0,1.0,0.0,0.0,0.0,2.2396893655241e-06,0.0
000331,0,0,64396,643,643,0.0,0,1.0,0.0,0.0,0.0,5.599634889108529e-08,0.0
000222,0,0,65138,651,651,0.0,0,1.0,0.0,0.0,0.0,1.5723644608556242e-08,0.0
000869,0,0,64899,648,648,0.0,0,1.0,0.0,0.0,0.0,5.6497508893471604e-08,0.0
000692,0,0,64806,648,648,0.0,0,1.0,0.0,0.0,0.0,1.580649744425955e-08,0.0
000842,0,0,65194,651,651,0.0,0,1.0,0.0,0.0,0.0,6.974226351985635e-08,0.0
000795,0,0,65009,650,650,0.0,0,1.0,0.0,0.0,0.0,1.8267995116616476e-08,0.0
001078,0,0,64894,648,648,0.0,0,1.0,0.0,0.0,0.0,2.7452667694660704e-08,0.0
000896,0,0,65016,650,650,0.0,0,1.0,0.0,0.0,0.0,3.039871998566923e-08,0.0
000052,0,0,65247,652,652,0.0,0,1.0,0.0,0.0,0.0,2.4598605818937358e-08,0.0
001256,0,0,65000,650,650,0.0,0,1.0,0.0,0.0,0.0,8.416678610956296e-06,0.0
000292,0,0,64407,644,644,0.0,0,1.0,0.0,0.0,0.0,1.6942754754722955e-08,0.0
000070,0,0,65247,652,652,0.0,0,1.0,0.0,0.0,0.0,7.716752037367769e-08,0.0
000443,0,0,65042,650,650,0.0,0,1.0,0.0,0.0,0.0,8.340487056557322e-08,0.0
000343,0,0,65251,652,652,0.0,0,1.0,0.0,0.0,0.0,2.341600158217716e-08,0.0
000504,0,0,64583,645,645,0.0,0,1.0,0.0,0.0,0.0,8.695548814330323e-08,0.0
000203,0,0,64750,647,647,0.0,0,1.0,0.0,0.0,0.0,1.3147753108455618e-08,0.0
000204,0,0,64720,647,647,0.0,0,1.0,0.0,0.0,0.0,1.200705579407213e-08,0.0
000943,0,0,64769,647,647,0.0,0,1.0,0.0,0.0,0.0,1.808689376048278e-07,0.0
000886,0,0,64914,649,649,0.0,0,1.0,0.0,0.0,0.0,2.292276768400825e-08,0.0
000337,0,0,65251,652,652,0.0,0,1.0,0.0,0.0,0.0,3.275905768873599e-08,0.0
000146,0,0,64852,648,648,0.0,0,1.0,0.0,0.0,0.0,9.543169880998903e-07,0.0
000778,0,0,64864,648,648,0.0,0,1.0,0.0,0.0,0.0,9.102690157192228e-09,0.0
001051,0,0,64909,649,649,0.0,0,1.0,0.0,0.0,0.0,1.8522239741969315e-08,0.0
000121,0,0,64828,648,648,0.0,0,1.0,0.0,0.0,0.0,6.435048760522477e-08,0.0
000196,0,0,65158,651,651,0.0,0,1.0,0.0,0.0,0.0,7.218889663818118e-08,0.0
000647,0,0,64898,648,648,0.0,0,1.0,0.0,0.0,0.0,2.0399079403432552e-07,0.0
001182,0,0,65315,653,653,0.0,0,1.0,0.0,0.0,0.0,4.185182866933701e-09,0.0
000972,0,0,64971,649,649,0.0,0,1.0,0.0,0.0,0.0,7.244356936553231e-08,0.0
000750,0,0,65247,652,652,0.0,0,1.0,0.0,0.0,0.0,8.014703780645505e-07,0.0
000568,0,0,64967,649,649,0.0,0,1.0,0.0,0.0,0.0,2.200765084126033e-05,0.0
000585,0,0,64924,649,649,0.0,0,1.0,0.0,0.0,0.0,9.946448926712037e-07,0.0
000925,4,4,64992,649,649,0.0061633281972265025,0,1.0,0.0,1.0,0.09164293110370636,3.7793398632857134e-08,2424839.639164737
001295,284,309,65181,651,651,0.4362519201228879,0,0.0,0.27035330261136714,0.919093851132686,0.34134113788604736,0.0965263694524765,3.53624755413703
000280,0,0,64983,649,649,0.0,0,1.0,0.0,0.0,0.0,2.3019138595259392e-08,0.0
000741,0,0,64730,647,647,0.0,0,1.0,0.0,0.0,0.0,1.1527801007105154e-06,0.0
000360,0,0,65334,653,653,0.0,0,1.0,0.0,0.0,0.0,3.636572287746276e-08,0.0
000969,0,0,64886,648,648,0.0,0,1.0,0.0,0.0,0.0,3.1982600035007636e-07,0.0
000042,0,0,65247,652,652,0.0,0,1.0,0.0,0.0,0.0,4.557278554528921e-09,0.0
000087,0,0,65247,652,652,0.0,0,1.0,0.0,0.0,0.0,1.939158522645812e-08,0.0
000975,0,0,64958,649,649,0.0,0,1.0,0.0,0.0,0.0,4.426902933118981e-08,0.0
000877,0,0,65018,650,650,0.0,0,1.0,0.0,0.0,0.0,6.285643117109885e-09,0.0
000942,0,0,64964,649,649,0.0,0,1.0,0.0,0.0,0.0,3.937522663477466e-08,0.0
000998,0,0,64936,649,649,0.0,0,1.0,0.0,0.0,0.0,1.2652806617552415e-05,0.0
000356,0,0,65251,652,652,0.0,0,1.0,0.0,0.0,0.0,5.1407070600362204e-08,0.0
000697,0,0,64776,647,647,0.0,0,1.0,0.0,0.0,0.0,5.0486711700159503e-08,0.0
000403,0,0,65201,652,652,0.0,0,1.0,0.0,0.0,0.0,6.194214563493006e-08,0.0
000208,0,0,65127,651,651,0.0,0,1.0,0.0,0.0,0.0,4.707401046744053e-08,0.0
000514,321,406,64911,649,649,0.4946070878274268,0,0.0,0.10477657935285054,0.7906403940886699,0.38071325421333313,0.0407828725874424,9.335125999205852
000401,0,0,64965,649,649,0.0,0,1.0,0.0,0.0,0.0,3.935731385240615e-08,0.0
000248,0,0,64951,649,649,0.0,0,1.0,0.0,0.0,0.0,2.568917345513455e-08,0.0
000758,0,0,64894,648,648,0.0,0,1.0,0.0,0.0,0.0,2.67539036258313e-07,0.0
001192,0,0,65247,652,652,0.0,0,1.0,0.0,0.0,0.0,1.534166393923897e-08,0.0
001282,0,0,65153,651,651,0.0,0,1.0,0.0,0.0,0.0,5.272403313938412e-07,0.0
000876,0,0,64938,649,649,0.0,0,1.0,0.0,0.0,0.0,2.1594964039195474e-08,0.0
000764,0,0,64991,649,649,0.0,0,1.0,0.0,0.0,0.0,4.662469876848263e-08,0.0
000445,0,0,64949,649,649,0.0,0,1.0,0.0,0.0,0.0,2.4454463343204225e-08,0.0
000865,12,12,65247,652,652,0.018404907975460124,0,1.0,0.0,1.0,0.2600371241569519,2.1715262477073338e-08,11974855.21676265
000564,0,0,64821,648,648,0.0,0,1.0,0.0,0.0,0.0,0.0001490767754148692,0.0
000149,0,0,64838,648,648,0.0,0,1.0,0.0,0.0,0.0,1.705549834696285e-08,0.0
000584,0,0,64964,649,649,0.0,0,1.0,0.0,0.0,0.0,1.480937754649858e-07,0.0
001019,0,0,65084,650,650,0.0,0,1.0,0.0,0.0,0.0,1.3688819535673247e-06,0.0
001017,0,0,64820,648,648,0.0,0,1.0,0.0,0.0,0.0,1.3217787397934444e-07,0.0
000308,0,0,64821,648,648,0.0,0,1.0,0.0,0.0,0.0,3.6684006943232816e-08,0.0
001318,0,0,65061,650,650,0.0,0,1.0,0.0,0.0,0.0,4.771126782543433e-07,0.0
000018,0,0,65247,652,652,0.0,0,1.0,0.0,0.0,0.0,2.11917257075811e-08,0.0
000056,0,0,65247,652,652,0.0,0,1.0,0.0,0.0,0.0,2.4810825394183667e-08,0.0
000232,0,0,64999,649,649,0.0,0,1.0,0.0,0.0,0.0,2.2591414960970724e-08,0.0
000777,0,0,64892,648,648,0.0,0,1.0,0.0,0.0,0.0,2.0413734702628972e-08,0.0
000328,0,0,65251,652,652,0.0,0,1.0,0.0,0.0,0.0,3.059527386994887e-08,0.0
001217,0,0,64958,649,649,0.0,0,1.0,0.0,0.0,0.0,8.872543588722692e-09,0.0
001219,0,0,64958,649,649,0.0,0,1.0,0.0,0.0,0.0,5.172458017455028e-09,0.0
000577,0,0,64961,649,649,0.0,0,1.0,0.0,0.0,0.0,2.8890376597701106e-06,0.0
000383,0,0,65251,652,652,0.0,0,1.0,0.0,0.0,0.0,3.7063571767248504e-08,0.0
001276,0,0,64967,649,649,0.0,0,1.0,0.0,0.0,0.0,2.3022941775252548e-08,0.0
000929,0,0,64925,649,649,0.0,0,1.0,0.0,0.0,0.0,1.3268133614019462e-07,0.0
000354,0,0,65251,652,652,0.0,0,1.0,0.0,0.0,0.0,2.4855379976429504e-08,0.0
000029,0,0,65281,652,652,0.0,0,1.0,0.0,0.0,0.0,1.9145655727470512e-08,0.0
001118,0,0,65247,652,652,0.0,0,1.0,0.0,0.0,0.0,1.770223789776537e-08,0.0
000006,0,0,65247,652,652,0.0,0,1.0,0.0,0.0,0.0,8.792616768005246e-08,0.0
000105,0,0,64890,648,648,0.0,0,1.0,0.0,0.0,0.0,3.573208928742133e-08,0.0
000486,0,0,64869,648,648,0.0,0,1.0,0.0,0.0,0.0,1.6647618394927122e-08,0.0
000074,0,0,65281,652,652,0.0,0,1.0,0.0,0.0,0.0,8.740529189310564e-09,0.0
000275,0,0,64821,648,648,0.0,0,1.0,0.0,0.0,0.0,5.944066217011823e-08,0.0
001189,0,0,65247,652,652,0.0,0,1.0,0.0,0.0,0.0,5.147319015463836e-09,0.0
000612,0,0,65156,651,651,0.0,0,1.0,0.0,0.0,0.0,3.780229462790885e-08,0.0
000008,0,0,64669,646,646,0.0,0,1.0,0.0,0.0,0.0,4.7908283562492215e-08,0.0
001093,0,0,64915,649,649,0.0,0,1.0,0.0,0.0,0.0,3.116094404731484e-08,0.0
000034,0,0,65247,652,652,0.0,0,1.0,0.0,0.0,0.0,5.045586348728648e-08,0.0
000949,0,0,65075,650,650,0.0,0,1.0,0.0,0.0,0.0,2.3267309856578322e-08,0.0
000039,0,0,65298,652,652,0.0,0,1.0,0.0,0.0,0.0,5.120546475723131e-08,0.0
001138,0,0,64958,649,649,0.0,0,1.0,0.0,0.0,0.0,7.771820520474648e-08,0.0
000677,0,0,64838,648,648,0.0,0,1.0,0.0,0.0,0.0,1.2949517902427488e-08,0.0
001198,0,0,64669,646,646,0.0,0,1.0,0.0,0.0,0.0,1.1579770031744374e-08,0.0
000696,0,0,64776,647,647,0.0,0,1.0,0.0,0.0,0.0,1.5605500038873288e-06,0.0
001230,0,0,64676,646,646,0.0,0,1.0,0.0,0.0,0.0,3.697259831625388e-09,0.0
000590,0,0,64869,648,648,0.0,0,1.0,0.0,0.0,0.0,2.391429347881058e-07,0.0
001243,0,0,65179,651,651,0.0,0,1.0,0.0,0.0,0.0,2.369609575225695e-08,0.0
000323,0,0,64488,644,644,0.0,0,1.0,0.0,0.0,0.0,2.9766507481099325e-08,0.0
001032,0,0,64762,647,647,0.0,0,1.0,0.0,0.0,0.0,8.85528272931424e-09,0.0
000488,0,0,65032,650,650,0.0,0,1.0,0.0,0.0,0.0,6.428499688126976e-08,0.0
000413,0,0,64865,648,648,0.0,0,1.0,0.0,0.0,0.0,1.2294240150367841e-05,0.0
000700,0,0,64816,648,648,0.0,0,1.0,0.0,0.0,0.0,3.581223761983665e-09,0.0
000854,0,0,65178,651,651,0.0,0,1.0,0.0,0.0,0.0,1.137181300236989e-07,0.0
000217,0,0,64730,647,647,0.0,0,1.0,0.0,0.0,0.0,1.7730741319610388e-08,0.0
000101,0,0,64890,648,648,0.0,0,1.0,0.0,0.0,0.0,3.9005828966764966e-07,0.0
000518,5,6,64335,643,643,0.007776049766718507,0,1.0,0.004665629860031105,0.8333333333333334,0.17090533673763275,0.0015081502497196198,113.32116065319471
000578,0,0,64869,648,648,0.0,0,1.0,0.0,0.0,0.0,8.568828889110591e-06,0.0
000950,0,0,64949,649,649,0.0,0,1.0,0.0,0.0,0.0,1.6608200326118094e-07,0.0
000031,0,0,64958,649,649,0.0,0,1.0,0.0,0.0,0.0,1.8977209137460704e-08,0.0
000888,0,0,64957,649,649,0.0,0,1.0,0.0,0.0,0.0,6.330793667075341e-09,0.0
000256,0,0,64407,644,644,0.0,0,1.0,0.0,0.0,0.0,2.1153319096356427e-08,0.0
000419,0,0,64928,649,649,0.0,0,1.0,0.0,0.0,0.0,6.16397315411632e-08,0.0
000035,0,0,65247,652,652,0.0,0,1.0,0.0,0.0,0.0,4.1223316316063574e-08,0.0
000872,0,0,64838,648,648,0.0,0,1.0,0.0,0.0,0.0,2.5412882465047915e-08,0.0
001147,0,0,65247,652,652,0.0,0,1.0,0.0,0.0,0.0,6.698341881161696e-09,0.0
001033,0,0,64983,649,649,0.0,0,1.0,0.0,0.0,0.0,4.426509647714738e-08,0.0
000991,0,0,64924,649,649,0.0,0,1.0,0.0,0.0,0.0,2.202364335346374e-08,0.0
001113,0,0,65247,652,652,0.0,0,1.0,0.0,0.0,0.0,2.2050818060392885e-08,0.0
000884,0,0,64983,649,649,0.0,0,1.0,0.0,0.0,0.0,1.0839331210377168e-08,0.0
001292,0,0,65202,652,652,0.0,0,1.0,0.0,0.0,0.0,2.5394999880745672e-08,0.0
000235,0,0,64869,648,648,0.0,0,1.0,0.0,0.0,0.0,8.615361757335904e-09,0.0
000185,0,0,64770,647,647,0.0,0,1.0,0.0,0.0,0.0,4.9858588369033896e-08,0.0
000404,0,0,64874,648,648,0.0,0,1.0,0.0,0.0,0.0,1.1405968791677878e-07,0.0
001071,0,0,64924,649,649,0.0,0,1.0,0.0,0.0,0.0,2.5034500694687267e-08,0.0
000340,0,0,65251,652,652,0.0,0,1.0,0.0,0.0,0.0,1.1610193695332782e-08,0.0
000387,0,0,65283,652,652,0.0,0,1.0,0.0,0.0,0.0,5.9153734355277265e-08,0.0
000990,0,0,64924,649,649,0.0,0,1.0,0.0,0.0,0.0,1.9577862886421826e-08,0.0
000254,0,0,64323,643,643,0.0,0,1.0,0.0,0.0,0.0,4.16299066330339e-08,0.0
000953,0,0,64768,647,647,0.0,0,1.0,0.0,0.0,0.0,3.6901738553751784e-07,0.0
000770,0,0,65215,652,652,0.0,0,1.0,0.0,0.0,0.0,8.513887372885165e-09,0.0
000241,0,0,64390,643,643,0.0,0,1.0,0.0,0.0,0.0,5.060667263023788e-08,0.0
000559,0,0,65052,650,650,0.0,0,1.0,0.0,0.0,0.0,4.2012963774595846e-08,0.0
000357,0,0,65251,652,652,0.0,0,1.0,0.0,0.0,0.0,3.5145518495482975e-08,0.0
000905,0,0,64844,648,648,0.0,0,1.0,0.0,0.0,0.0,2.7021799908766297e-08,0.0
000068,0,0,64958,649,649,0.0,0,1.0,0.0,0.0,0.0,6.7960117533516495e-09,0.0
000097,0,0,64876,648,648,0.0,0,1.0,0.0,0.0,0.0,5.082409870738047e-08,0.0
000108,0,0,65212,652,652,0.0,0,1.0,0.0,0.0,0.0,6.243363941393909e-07,0.0
000618,0,0,65169,651,651,0.0,0,1.0,0.0,0.0,0.0,6.250558362808079e-05,0.0
000982,1,1,64768,647,647,0.0015455950540958269,0,1.0,0.0,1.0,0.1190200001001358,1.2071535593349836e-07,985955.7566620065
000743,0,0,64700,647,647,0.0,0,1.0,0.0,0.0,0.0,3.085691702153781e-08,0.0
000279,0,0,64960,649,649,0.0,0,1.0,0.0,0.0,0.0,1.2668307292074132e-08,0.0
000824,0,0,64826,648,648,0.0,0,1.0,0.0,0.0,0.0,1.5691824728492065e-07,0.0
001058,0,0,64909,649,649,0.0,0,1.0,0.0,0.0,0.0,2.9881658036856606e-08,0.0
000681,0,0,64873,648,648,0.0,0,1.0,0.0,0.0,0.0,4.302174971826389e-08,0.0
001196,0,0,65247,652,652,0.0,0,1.0,0.0,0.0,0.0,9.997400240990828e-09,0.0
001275,0,0,65001,650,650,0.0,0,1.0,0.0,0.0,0.0,2.8660585016382356e-08,0.0
000760,0,0,64968,649,649,0.0,0,1.0,0.0,0.0,0.0,5.4200068433374327e-08,0.0
000089,0,0,64958,649,649,0.0,0,1.0,0.0,0.0,0.0,3.1512861653482105e-08,0.0
000054,0,0,64669,646,646,0.0,0,1.0,0.0,0.0,0.0,4.5381418090073566e-07,0.0
000624,0,0,64876,648,648,0.0,0,1.0,0.0,0.0,0.0,1.918612468898573e-08,0.0
000987,0,0,65016,650,650,0.0,0,1.0,0.0,0.0,0.0,1.0373955205977836e-07,0.0
001179,0,0,65247,652,652,0.0,0,1.0,0.0,0.0,0.0,2.2177076175466937e-08,0.0
000338,0,0,65251,652,652,0.0,0,1.0,0.0,0.0,0.0,2.705600543606579e-08,0.0
000206,0,0,64748,647,647,0.0,0,1.0,0.0,0.0,0.0,4.190877689325134e-08,0.0
000177,0,0,64772,647,647,0.0,0,1.0,0.0,0.0,0.0,1.0072900735735857e-08,0.0
000565,0,0,64924,649,649,0.0,0,1.0,0.0,0.0,0.0,2.4637800379423425e-05,0.0
001134,0,0,65315,653,653,0.0,0,1.0,0.0,0.0,0.0,4.434649270024238e-08,0.0
000130,0,0,64812,648,648,0.0,0,1.0,0.0,0.0,0.0,7.067152552053813e-08,0.0
000952,0,0,64949,649,649,0.0,0,1.0,0.0,0.0,0.0,6.792213014250592e-08,0.0
001082,0,0,64868,648,648,0.0,0,1.0,0.0,0.0,0.0,1.951118022702758e-08,0.0
000136,0,0,64826,648,648,0.0,0,1.0,0.0,0.0,0.0,9.944045586962602e-08,0.0
000551,0,0,65000,650,650,0.0,0,1.0,0.0,0.0,0.0,3.0498846172122285e-05,0.0
000288,0,0,64960,649,649,0.0,0,1.0,0.0,0.0,0.0,2.2839282465270117e-08,0.0
000619,0,0,65214,652,652,0.0,0,1.0,0.0,0.0,0.0,8.793804795459437e-09,0.0
000852,0,0,64766,647,647,0.0,0,1.0,0.0,0.0,0.0,2.2371756003281007e-08,0.0
001165,0,0,65247,652,652,0.0,0,1.0,0.0,0.0,0.0,9.39341582295583e-09,0.0
000321,0,0,64419,644,644,0.0,0,1.0,0.0,0.0,0.0,1.5082568083357728e-08,0.0
001231,0,0,65247,652,652,0.0,0,1.0,0.0,0.0,0.0,2.2099944985143338e-08,0.0
000501,0,0,64427,644,644,0.0,0,1.0,0.0,0.0,0.0,3.6933354863322165e-07,0.0
000393,0,0,65251,652,652,0.0,0,1.0,0.0,0.0,0.0,2.315227654037244e-08,0.0
000372,0,0,64966,649,649,0.0,0,1.0,0.0,0.0,0.0,4.036792944361878e-08,0.0
000512,0,0,64298,642,642,0.0,0,1.0,0.0,0.0,0.0,4.151752079906146e-07,0.0
000424,0,0,64252,642,642,0.0,0,1.0,0.0,0.0,0.0,8.881504953706099e-08,0.0
001211,0,0,65247,652,652,0.0,0,1.0,0.0,0.0,0.0,4.0704250636736106e-07,0.0
000977,0,0,64925,649,649,0.0,0,1.0,0.0,0.0,0.0,1.5259936390066287e-06,0.0
000580,0,0,64967,649,649,0.0,0,1.0,0.0,0.0,0.0,1.3175670687815e-07,0.0
000626,0,0,64876,648,648,0.0,0,1.0,0.0,0.0,0.0,1.8592183437249332e-07,0.0
000218,0,0,64714,647,647,0.0,0,1.0,0.0,0.0,0.0,6.027351062698472e-09,0.0
000451,0,0,64502,645,645,0.0,0,1.0,0.0,0.0,0.0,2.3767670498386906e-08,0.0
000566,0,0,65000,650,650,0.0,0,1.0,0.0,0.0,0.0,3.7068282665586594e-08,0.0
000165,0,0,64806,648,648,0.0,0,1.0,0.0,0.0,0.0,3.724832353668717e-08,0.0
000964,0,0,64894,648,648,0.0,0,1.0,0.0,0.0,0.0,5.758875545325282e-07,0.0
000407,0,0,64952,649,649,0.0,0,1.0,0.0,0.0,0.0,6.21748625917462e-08,0.0
000517,13,15,64967,649,649,0.020030816640986132,0,1.0,0.007704160246533128,0.8666666666666667,0.2039048969745636,0.002353623742237687,86.63444938769304
000572,0,0,65001,650,650,0.0,0,1.0,0.0,0.0,0.0,6.78053098113196e-08,0.0
001027,0,0,64936,649,649,0.0,0,1.0,0.0,0.0,0.0,1.0255675420012267e-08,0.0
001106,0,0,65247,652,652,0.0,0,1.0,0.0,0.0,0.0,8.477607060797254e-09,0.0
000662,0,0,64840,648,648,0.0,0,1.0,0.0,0.0,0.0,2.496820705744085e-08,0.0
000102,0,0,65213,652,652,0.0,0,1.0,0.0,0.0,0.0,1.0202003295489703e-06,0.0
000776,0,0,64878,648,648,0.0,0,1.0,0.0,0.0,0.0,6.807296415445308e-08,0.0
000160,0,0,64766,647,647,0.0,0,1.0,0.0,0.0,0.0,4.9136350099843185e-08,0.0
000072,0,0,65247,652,652,0.0,0,1.0,0.0,0.0,0.0,4.5605195175824065e-09,0.0
001062,0,0,64894,648,648,0.0,0,1.0,0.0,0.0,0.0,5.006397429951903e-08,0.0
000899,0,0,64906,649,649,0.0,0,1.0,0.0,0.0,0.0,1.120330495041344e-08,0.0
001091,0,0,64834,648,648,0.0,0,1.0,0.0,0.0,0.0,1.616434474271955e-06,0.0
000024,0,0,65247,652,652,0.0,0,1.0,0.0,0.0,0.0,1.8305311044741757e-08,0.0
000304,0,0,64964,649,649,0.0,0,1.0,0.0,0.0,0.0,3.03644540622372e-08,0.0
000753,0,0,65215,652,652,0.0,0,1.0,0.0,0.0,0.0,2.4114347851877938e-08,0.0
000594,0,0,64964,649,649,0.0,0,1.0,0.0,0.0,0.0,1.5402034478029236e-05,0.0
000769,0,0,65215,652,652,0.0,0,1.0,0.0,0.0,0.0,3.726098096734631e-09,0.0
000464,0,0,64983,649,649,0.0,0,1.0,0.0,0.0,0.0,6.331888926069951e-06,0.0
000044,0,0,65247,652,652,0.0,0,1.0,0.0,0.0,0.0,8.381826432923845e-08,0.0
000007,0,0,65247,652,652,0.0,0,1.0,0.0,0.0,0.0,2.106738783425044e-08,0.0
000438,0,0,64383,643,643,0.0,0,1.0,0.0,0.0,0.0,1.8887432062797416e-08,0.0
001313,0,0,64983,649,649,0.0,0,1.0,0.0,0.0,0.0,3.161743222790392e-08,0.0
000069,0,0,64669,646,646,0.0,0,1.0,0.0,0.0,0.0,5.246549861226413e-08,0.0
001187,0,0,65247,652,652,0.0,0,1.0,0.0,0.0,0.0,9.011099422195912e-08,0.0
000993,0,0,64929,649,649,0.0,0,1.0,0.0,0.0,0.0,7.230565302052128e-08,0.0
000161,0,0,64766,647,647,0.0,0,1.0,0.0,0.0,0.0,6.129490692785566e-09,0.0
000505,0,0,64942,649,649,0.0,0,1.0,0.0,0.0,0.0,1.054005906553357e-06,0.0
001290,0,0,65137,651,651,0.0,0,1.0,0.0,0.0,0.0,1.857067921662292e-08,0.0
000546,0,0,65032,650,650,0.0,0,1.0,0.0,0.0,0.0,1.7069829709726037e-06,0.0
000258,0,0,64299,642,642,0.0,0,1.0,0.0,0.0,0.0,3.907915697709541e-07,0.0
001064,0,0,64834,648,648,0.0,0,1.0,0.0,0.0,0.0,7.864258577683358e-08,0.0
001228,0,0,65247,652,652,0.0,0,1.0,0.0,0.0,0.0,7.875570418036659e-08,0.0
001115,0,0,65247,652,652,0.0,0,1.0,0.0,0.0,0.0,2.6944360076441853e-09,0.0
000674,0,0,64852,648,648,0.0,0,1.0,0.0,0.0,0.0,1.5693952803985667e-08,0.0
001293,0,0,64999,649,649,0.0,0,1.0,0.0,0.0,0.0,5.9917379076068755e-06,0.0
001269,0,0,64949,649,649,0.0,0,1.0,0.0,0.0,0.0,1.766027679650506e-07,0.0
001172,0,0,65247,652,652,0.0,0,1.0,0.0,0.0,0.0,1.705256380546416e-08,0.0
001247,0,0,65247,652,652,0.0,0,1.0,0.0,0.0,0.0,5.258387503204176e-08,0.0
000667,0,0,64838,648,648,0.0,0,1.0,0.0,0.0,0.0,8.719796440459504e-09,0.0
000641,0,0,64860,648,648,0.0,0,1.0,0.0,0.0,0.0,2.4688620925417126e-08,0.0
000172,0,0,64803,648,648,0.0,0,1.0,0.0,0.0,0.0,2.9154465508440808e-08,0.0
000503,0,0,64395,643,643,0.0,0,1.0,0.0,0.0,0.0,6.483536907353482e-08,0.0
000181,0,0,64758,647,647,0.0,0,1.0,0.0,0.0,0.0,2.871862214703924e-08,0.0
000726,0,0,64769,647,647,0.0,0,1.0,0.0,0.0,0.0,6.199849394761259e-06,0.0
000033,0,0,65247,652,652,0.0,0,1.0,0.0,0.0,0.0,1.977357300120275e-08,0.0
000437,0,0,64821,648,648,0.0,0,1.0,0.0,0.0,0.0,1.0732400568258527e-07,0.0
001263,0,0,64821,648,648,0.0,0,1.0,0.0,0.0,0.0,9.889679120078654e-08,0.0
000989,0,0,64969,649,649,0.0,0,1.0,0.0,0.0,0.0,1.3815412813755756e-08,0.0
000376,0,0,65251,652,652,0.0,0,1.0,0.0,0.0,0.0,2.0878811568536548e-08,0.0
000959,0,0,64934,649,649,0.0,0,1.0,0.0,0.0,0.0,5.5341327964697484e-08,0.0
000491,0,0,64299,642,642,0.0,0,1.0,0.0,0.0,0.0,3.031558151178615e-07,0.0
001090,0,0,64894,648,648,0.0,0,1.0,0.0,0.0,0.0,4.427581075105991e-07,0.0
000530,2,2,65166,651,651,0.0030721966205837174,0,1.0,0.0,1.0,0.1696806401014328,1.875757698144298e-05,9045.97860743417
001104,0,0,64958,649,649,0.0,0,1.0,0.0,0.0,0.0,3.370281831394095e-08,0.0
000796,0,0,65213,652,652,0.0,0,1.0,0.0,0.0,0.0,4.551709409383875e-08,0.0
000290,0,0,64951,649,649,0.0,0,1.0,0.0,0.0,0.0,1.8127998657746502e-08,0.0
000179,0,0,64772,647,647,0.0,0,1.0,0.0,0.0,0.0,1.0934240179949484e-08,0.0
000868,0,0,64760,647,647,0.0,0,1.0,0.0,0.0,0.0,1.883721978401809e-08,0.0
000264,0,0,64960,649,649,0.0,0,1.0,0.0,0.0,0.0,5.655823898109702e-08,0.0
000327,0,0,65251,652,652,0.0,0,1.0,0.0,0.0,0.0,5.7724143687210017e-08,0.0
000657,0,0,64826,648,648,0.0,0,1.0,0.0,0.0,0.0,6.627379889323493e-08,0.0
000442,0,0,64396,643,643,0.0,0,1.0,0.0,0.0,0.0,5.020419280299393e-08,0.0
001035,0,0,64964,649,649,0.0,0,1.0,0.0,0.0,0.0,3.025749606422323e-08,0.0
001136,0,0,65247,652,652,0.0,0,1.0,0.0,0.0,0.0,3.095764711247284e-08,0.0
000251,0,0,64911,649,649,0.0,0,1.0,0.0,0.0,0.0,6.31829522035332e-08,0.0
000342,0,0,64503,645,645,0.0,0,1.0,0.0,0.0,0.0,3.9954258568286605e-08,0.0
000098,0,0,65213,652,652,0.0,0,1.0,0.0,0.0,0.0,1.4809860715558898e-07,0.0
001166,0,0,65247,652,652,0.0,0,1.0,0.0,0.0,0.0,1.6875672415039844e-08,0.0
000829,0,0,65195,651,651,0.0,0,1.0,0.0,0.0,0.0,7.30002369664362e-08,0.0
001049,0,0,64958,649,649,0.0,0,1.0,0.0,0.0,0.0,8.881062996124456e-09,0.0
000104,0,0,64890,648,648,0.0,0,1.0,0.0,0.0,0.0,1.3912896292822552e-06,0.0
000402,0,0,65202,652,652,0.0,0,1.0,0.0,0.0,0.0,1.147746360175006e-07,0.0
000339,0,0,64681,646,646,0.0,0,1.0,0.0,0.0,0.0,2.3940991411564028e-08,0.0
000427,0,0,64961,649,649,0.0,0,1.0,0.0,0.0,0.0,4.925012930812045e-08,0.0
000078,0,0,65349,653,653,0.0,0,1.0,0.0,0.0,0.0,7.043112759674841e-08,0.0
001014,0,0,64977,649,649,0.0,0,1.0,0.0,0.0,0.0,5.734305474902612e-09,0.0
000139,0,0,64854,648,648,0.0,0,1.0,0.0,0.0,0.0,1.0398840544212362e-07,0.0
001152,0,0,65247,652,652,0.0,0,1.0,0.0,0.0,0.0,1.2410308158905536e-07,0.0
000479,0,0,64960,649,649,0.0,0,1.0,0.0,0.0,0.0,4.7117151069642205e-08,0.0
000175,0,0,65162,651,651,0.0,0,1.0,0.0,0.0,0.0,2.0933592637106813e-09,0.0
000435,0,0,64367,643,643,0.0,0,1.0,0.0,0.0,0.0,2.5139206272228876e-08,0.0
001072,0,0,64856,648,648,0.0,0,1.0,0.0,0.0,0.0,4.29022932735279e-08,0.0
000246,0,0,64923,649,649,0.0,0,1.0,0.0,0.0,0.0,5.600571739705629e-08,0.0
000414,0,0,64865,648,648,0.0,0,1.0,0.0,0.0,0.0,2.453610932207084e-07,0.0
000638,0,0,64874,648,648,0.0,0,1.0,0.0,0.0,0.0,3.9090878090064507e-07,0.0
000904,0,0,64938,649,649,0.0,0,1.0,0.0,0.0,0.0,3.15802317629732e-08,0.0
001321,0,0,65046,650,650,0.0,0,1.0,0.0,0.0,0.0,8.597870504445382e-08,0.0
000396,0,0,65251,652,652,0.0,0,1.0,0.0,0.0,0.0,2.0166286418543677e-08,0.0
000094,0,0,64993,649,649,0.0,0,1.0,0.0,0.0,0.0,1.0045739173847323e-07,0.0
000805,0,0,65338,653,653,0.0,0,1.0,0.0,0.0,0.0,2.884424020521692e-06,0.0
000005,0,0,65247,652,652,0.0,0,1.0,0.0,0.0,0.0,1.3629450457131043e-08,0.0
001316,0,0,65000,650,650,0.0,0,1.0,0.0,0.0,0.0,2.8657432267209515e-06,0.0
001046,0,0,64948,649,649,0.0,0,1.0,0.0,0.0,0.0,3.47858097882181e-08,0.0
000586,8,29,64869,648,648,0.012345679012345678,0,1.0,0.004629629629629629,0.27586206896551724,0.3099929094314575,0.0026163142174482346,118.48458696746387
001226,0,0,64669,646,646,0.0,0,1.0,0.0,0.0,0.0,3.03072411611538e-08,0.0
000079,0,0,65247,652,652,0.0,0,1.0,0.0,0.0,0.0,7.863151907372412e-09,0.0
000725,0,0,64750,647,647,0.0,0,1.0,0.0,0.0,0.0,6.58231613215321e-07,0.0
001296,0,0,64869,648,648,0.0,0,1.0,0.0,0.0,0.0,4.7076497139642015e-05,0.0
000827,0,0,64854,648,648,0.0,0,1.0,0.0,0.0,0.0,2.4474811066710345e-09,0.0
000103,0,0,65213,652,652,0.0,0,1.0,0.0,0.0,0.0,2.2800837484737713e-07,0.0
001099,0,0,64762,647,647,0.0,0,1.0,0.0,0.0,0.0,3.90762160407121e-08,0.0
001205,0,0,65247,652,652,0.0,0,1.0,0.0,0.0,0.0,8.173686616430587e-09,0.0
000368,0,0,65251,652,652,0.0,0,1.0,0.0,0.0,0.0,3.9444760346896146e-08,0.0
000278,0,0,64964,649,649,0.0,0,1.0,0.0,0.0,0.0,3.2246354919607256e-08,0.0
000190,0,0,64740,647,647,0.0,0,1.0,0.0,0.0,0.0,1.9065122813799462e-08,0.0
000544,0,0,65039,650,650,0.0,0,1.0,0.0,0.0,0.0,7.317600392298118e-08,0.0
001260,0,0,64967,649,649,0.0,0,1.0,0.0,0.0,0.0,6.555733307322953e-07,0.0
000997,0,0,65001,650,650,0.0,0,1.0,0.0,0.0,0.0,7.151282375161827e-07,0.0
000431,0,0,65001,650,650,0.0,0,1.0,0.0,0.0,0.0,2.0379330223363468e-08,0.0
000919,0,0,64969,649,649,0.0,0,1.0,0.0,0.0,0.0,7.108142963119235e-09,0.0
001197,0,0,65247,652,652,0.0,0,1.0,0.0,0.0,0.0,8.215653934939837e-09,0.0
001030,0,0,64815,648,648,0.0,0,1.0,0.0,0.0,0.0,6.540423314049804e-09,0.0
001173,0,0,64958,649,649,0.0,0,1.0,0.0,0.0,0.0,4.266034636657423e-08,0.0
000454,0,0,64999,649,649,0.0,0,1.0,0.0,0.0,0.0,2.3371200086330646e-08,0.0
001157,0,0,65247,652,652,0.0,0,1.0,0.0,0.0,0.0,7.479160402112939e-09,0.0
000164,0,0,64806,648,648,0.0,0,1.0,0.0,0.0,0.0,3.6135215708554824e-08,0.0
001037,0,0,64794,647,647,0.0,0,1.0,0.0,0.0,0.0,3.036690259250463e-06,0.0
000077,0,0,65247,652,652,0.0,0,1.0,0.0,0.0,0.0,9.50635303809122e-09,0.0
000642,0,0,64874,648,648,0.0,0,1.0,0.0,0.0,0.0,3.709629226023026e-08,0.0
000828,0,0,64784,647,647,0.0,0,1.0,0.0,0.0,0.0,1.7550885189621113e-08,0.0
000675,0,0,64896,648,648,0.0,0,1.0,0.0,0.0,0.0,9.370779707751353e-09,0.0
000702,0,0,64759,647,647,0.0,0,1.0,0.0,0.0,0.0,1.8303339288650022e-08,0.0
000310,0,0,64949,649,649,0.0,0,1.0,0.0,0.0,0.0,2.694860867791249e-08,0.0
000797,0,0,65213,652,652,0.0,0,1.0,0.0,0.0,0.0,1.0880822998160511e-07,0.0
000739,0,0,64716,647,647,0.0,0,1.0,0.0,0.0,0.0,7.95039696299682e-08,0.0
000123,0,0,64856,648,648,0.0,0,1.0,0.0,0.0,0.0,3.6767797695347326e-08,0.0
001270,0,0,64924,649,649,0.0,0,1.0,0.0,0.0,0.0,7.7500050110757e-07,0.0
001170,0,0,65247,652,652,0.0,0,1.0,0.0,0.0,0.0,7.340207019979061e-08,0.0
001117,0,0,65247,652,652,0.0,0,1.0,0.0,0.0,0.0,1.1072345706963915e-08,0.0
000857,0,0,64844,648,648,0.0,0,1.0,0.0,0.0,0.0,2.350707184461953e-08,0.0
000477,0,0,64821,648,648,0.0,0,1.0,0.0,0.0,0.0,7.886671937740175e-08,0.0
000180,0,0,64786,647,647,0.0,0,1.0,0.0,0.0,0.0,4.201395675806907e-09,0.0
001130,0,0,65247,652,652,0.0,0,1.0,0.0,0.0,0.0,1.4642776768880594e-08,0.0
000958,0,0,64859,648,648,0.0,0,1.0,0.0,0.0,0.0,9.255246368411463e-06,0.0
000855,0,0,64887,648,648,0.0,0,1.0,0.0,0.0,0.0,1.1233583840919437e-08,0.0
001109,0,0,65247,652,652,0.0,0,1.0,0.0,0.0,0.0,4.3390009807353636e-08,0.0
001009,0,0,64859,648,648,0.0,0,1.0,0.0,0.0,0.0,8.35777029806195e-08,0.0
000199,0,0,65116,651,651,0.0,0,1.0,0.0,0.0,0.0,1.8881747720911335e-08,0.0
001203,0,0,65247,652,652,0.0,0,1.0,0.0,0.0,0.0,6.789677708951558e-09,0.0
000676,0,0,64976,649,649,0.0,0,1.0,0.0,0.0,0.0,3.2809644778808433e-08,0.0
000132,0,0,64840,648,648,0.0,0,1.0,0.0,0.0,0.0,2.4752802474381497e-08,0.0
000441,0,0,64923,649,649,0.0,0,1.0,0.0,0.0,0.0,1.614115419101836e-08,0.0
001261,0,0,64883,648,648,0.0,0,1.0,0.0,0.0,0.0,1.0376965065006516e-06,0.0
000878,0,0,64949,649,649,0.0,0,1.0,0.0,0.0,0.0,1.007510732620176e-07,0.0
000283,0,0,64869,648,648,0.0,0,1.0,0.0,0.0,0.0,1.365152524357427e-08,0.0
000408,0,0,65184,651,651,0.0,0,1.0,0.0,0.0,0.0,5.826001370223821e-08,0.0
000244,0,0,64821,648,648,0.0,0,1.0,0.0,0.0,0.0,4.127030095446571e-08,0.0
000322,0,0,64911,649,649,0.0,0,1.0,0.0,0.0,0.0,7.520649347725339e-08,0.0
001105,0,0,64958,649,649,0.0,0,1.0,0.0,0.0,0.0,8.339998025519435e-09,0.0
000932,0,0,64817,648,648,0.0,0,1.0,0.0,0.0,0.0,1.9321768718327803e-07,0.0
