image_name,threshold,component_id,category,matched_target_component,unmatched_fp_component,component_area,fp_pixel_mass,mean_probability,max_probability,confidence_mass,minimum_distance_to_gt,component_center_y,component_center_x,bbox_y0,bbox_y1,bbox_x0,bbox_x1
XDU935,0.5,1,far_fp,0,1,11,11,0.9554310441017151,0.9999576807022095,10.50974178314209,221.0814329607984,37.63636363636363,396.09090909090907,36,40,395,398
XDU935,0.5,2,boundary_excess,1,0,13,5,0.9948984384536743,0.9998248219490051,4.974492073059082,0.0,251.84615384615384,327.0,251,254,325,330
XDU935,0.5,4,detached_near_fp,0,1,1,1,0.8419981002807617,0.8419981002807617,0.8419981002807617,1.4142135623730951,300.0,276.0,300,301,276,277
XDU672,0.5,1,far_fp,0,1,6,6,0.9987069964408875,0.9999738931655884,5.992241859436035,90.80198235721508,226.0,33.5,225,228,33,35
XDU672,0.5,2,boundary_excess,1,0,16,3,0.9913614392280579,0.9991205334663391,2.9740843772888184,0.0,295.625,150.5625,294,298,149,154
XDU231,0.5,1,far_fp,0,1,2,2,0.6394418478012085,0.7380682229995728,1.278883695602417,351.4896869041822,55.0,131.5,55,56,131,133
XDU818,0.5,1,far_fp,0,1,11,11,0.8944131731987,0.9859939813613892,9.838544845581055,69.81403870282824,170.54545454545453,183.9090909090909,168,174,183,186
XDU818,0.5,2,far_fp,0,1,36,36,0.950759768486023,0.9997795224189758,34.227352142333984,66.60330322138685,176.69444444444446,179.88888888888889,169,184,179,183
XDU818,0.5,3,far_fp,0,1,3,3,0.8210372924804688,0.9397427439689636,2.4631118774414062,76.38062581571324,178.66666666666666,184.33333333333334,178,180,184,186
XDU48,0.5,1,boundary_excess,1,0,17,3,0.9984501004219055,0.9998082518577576,2.9953503608703613,0.0,306.47058823529414,375.47058823529414,304,310,372,379
XDU492,0.5,1,boundary_excess,1,0,45,6,0.8984138369560242,0.9998394250869751,5.3904829025268555,0.0,132.15555555555557,388.1333333333333,128,137,384,393
XDU492,0.5,2,boundary_excess,1,0,55,6,0.8448664546012878,0.9994122982025146,5.0691986083984375,0.0,201.03636363636363,405.1818181818182,196,208,402,409
XDU195,0.5,1,boundary_excess,1,0,31,1,0.855792760848999,0.855792760848999,0.855792760848999,0.0,316.5483870967742,361.4193548387097,314,320,358,366
XDU801,0.5,1,boundary_excess,1,0,22,4,0.9926865696907043,0.9999837875366211,3.9707462787628174,0.0,270.95454545454544,208.8181818181818,269,274,205,213
XDU104,0.5,1,boundary_excess,1,0,24,10,0.9751693606376648,0.9997581839561462,9.751693725585938,0.0,57.208333333333336,325.4583333333333,54,60,322,331
XDU104,0.5,2,far_fp,0,1,1,1,0.7106081247329712,0.7106081247329712,0.7106081247329712,341.4805997417716,388.0,231.0,388,389,231,232
XDU104,0.5,3,far_fp,0,1,21,21,0.9426118731498718,0.9996821880340576,19.794849395751953,357.57656522764466,408.1904761904762,231.04761904761904,405,412,228,234
XDU637,0.5,1,boundary_excess,1,0,13,1,0.9990059733390808,0.9990059733390808,0.9990059733390808,0.0,93.61538461538461,409.38461538461536,92,96,408,412
XDU996,0.5,2,far_fp,0,1,4,4,0.9999997615814209,1.0,3.9999990463256836,223.23306206742762,348.5,406.5,348,350,406,408
XDU996,0.5,3,far_fp,0,1,2,2,0.6676158905029297,0.7609707713127136,1.3352317810058594,219.42652528807906,349.0,400.5,349,350,400,402
XDU482,0.5,1,boundary_excess,1,0,34,1,0.879744291305542,0.879744291305542,0.879744291305542,0.0,125.79411764705883,246.58823529411765,123,130,243,251
XDU406,0.5,1,far_fp,0,1,36,36,0.9600785374641418,0.9999996423721313,34.562828063964844,330.6191162047349,21.194444444444443,204.77777777777777,16,27,203,208
XDU406,0.5,2,boundary_excess,1,0,17,1,0.5440242290496826,0.5440242290496826,0.5440242290496826,0.0,274.7647058823529,425.7647058823529,272,279,424,429
XDU889,0.5,1,boundary_excess,1,0,11,2,0.9384859800338745,0.9862679243087769,1.876971960067749,0.0,96.0909090909091,130.8181818181818,95,99,129,133
XDU889,0.5,2,boundary_excess,1,0,16,3,0.9728255867958069,0.99100261926651,2.9184768199920654,0.0,270.5,140.25,269,273,138,143
XDU889,0.5,3,far_fp,0,1,11,11,0.9022377133369446,0.9995699524879456,9.924614906311035,141.69333082400175,327.3636363636364,5.909090909090909,326,330,5,8
XDU889,0.5,4,far_fp,0,1,4,4,0.9060911536216736,0.9983782768249512,3.6243646144866943,84.01190391843289,356.25,126.0,356,358,125,128
XDU889,0.5,5,far_fp,0,1,2,2,0.8576235771179199,0.9710037112236023,1.7152471542358398,93.39164844888434,364.5,161.0,364,366,161,162
XDU558,0.5,1,boundary_excess,1,0,32,6,0.8399545550346375,0.9993544220924377,5.039727210998535,0.0,309.75,408.28125,307,314,405,412
XDU777,0.5,1,far_fp,0,1,19,19,0.9950037598609924,1.0,18.905071258544922,13.0,87.47368421052632,346.2631578947368,87,89,342,352
XDU134,0.5,1,boundary_excess,1,0,28,10,0.9182348251342773,0.999993085861206,9.182348251342773,0.0,79.21428571428571,400.85714285714283,77,82,397,405
XDU223,0.5,1,boundary_excess,1,0,50,2,0.8256593346595764,0.9999898672103882,1.6513186693191528,0.0,150.26,272.98,146,155,268,279
XDU943,0.5,1,far_fp,0,1,18,18,0.9302340745925903,0.9981459379196167,16.744213104248047,87.0,276.6111111111111,363.3333333333333,276,279,359,369
XDU943,0.5,2,boundary_excess,1,0,60,30,0.932487428188324,0.9999587535858154,27.97462272644043,0.0,364.95,371.51666666666665,362,368,362,382
XDU943,0.5,3,detached_near_fp,0,1,1,1,0.8617643713951111,0.8617643713951111,0.8617643713951111,5.0,367.0,384.0,367,368,384,385
XDU762,0.5,1,boundary_excess,1,0,29,4,0.9526193141937256,0.9999754428863525,3.8104772567749023,0.0,187.93103448275863,185.6206896551724,185,192,180,192
XDU762,0.5,2,far_fp,0,1,15,15,0.9320080876350403,0.9998501539230347,13.980121612548828,92.22797840135064,203.53333333333333,89.0,201,208,88,91
XDU762,0.5,3,boundary_excess,1,0,30,3,0.8393732905387878,0.9999984502792358,2.5181198120117188,0.0,209.23333333333332,238.8,204,214,237,243
XDU662,0.5,1,boundary_excess,1,0,34,6,0.9985201954841614,0.9999934434890747,5.991121292114258,0.0,162.41176470588235,331.8235294117647,159,167,329,336
XDU54,0.5,1,boundary_excess,1,0,26,2,0.993994951248169,0.9948753714561462,1.987989902496338,0.0,245.57692307692307,249.5,243,249,247,253
XDU54,0.5,2,boundary_excess,1,0,31,5,0.8626126050949097,0.9974332451820374,4.313063144683838,0.0,271.4193548387097,205.5483870967742,269,275,203,209
XDU685,0.5,1,far_fp,0,1,10,10,0.8824400901794434,0.9993619322776794,8.824400901794434,407.31560245097415,8.7,431.2,6,12,429,434
XDU685,0.5,2,far_fp,0,1,1,1,0.5657187104225159,0.5657187104225159,0.5657187104225159,382.69178198649627,24.0,407.0,24,25,407,408
XDU685,0.5,3,far_fp,0,1,6,6,0.8061103820800781,0.9853625297546387,4.836662292480469,360.90164865237176,36.333333333333336,390.8333333333333,36,38,389,394
XDU685,0.5,4,far_fp,0,1,5,5,0.742021918296814,0.8538519740104675,3.7101094722747803,356.11374587342175,38.2,384.6,38,40,383,387
XDU685,0.5,5,far_fp,0,1,7,7,0.851720929145813,0.9939435124397278,5.9620466232299805,377.4042925034107,74.85714285714286,449.14285714285717,73,78,447,452
XDU685,0.5,6,far_fp,0,1,14,14,0.8370798230171204,0.9966768026351929,11.719117164611816,328.58636612008115,139.0,433.35714285714283,136,143,431,437
XDU685,0.5,7,far_fp,0,1,1,1,0.5120308995246887,0.5120308995246887,0.5120308995246887,239.7936613007108,137.0,318.0,137,138,318,319
XDU685,0.5,8,far_fp,0,1,41,41,0.9376780986785889,0.9998446702957153,38.444801330566406,357.816992329878,153.6341463414634,478.9512195121951,147,160,472,487
XDU685,0.5,9,far_fp,0,1,5,5,0.7359322309494019,0.870427668094635,3.679661273956299,235.35717537394095,189.8,352.8,189,191,351,355
XDU685,0.5,10,far_fp,0,1,16,16,0.8619208931922913,0.9856072664260864,13.79073429107666,283.11481769769665,221.75,421.25,217,228,417,426
XDU685,0.5,12,far_fp,0,1,2,2,0.6344677209854126,0.6964544057846069,1.2689354419708252,331.76045575083236,360.5,471.5,360,362,471,473
XDU685,0.5,13,far_fp,0,1,1,1,0.6513880491256714,0.6513880491256714,0.6513880491256714,153.00326793895613,396.0,267.0,396,397,267,268
XDU685,0.5,14,far_fp,0,1,2,2,0.5830131769180298,0.5862624049186707,1.1660263538360596,150.71164520368026,399.5,261.5,399,401,261,263
XDU685,0.5,15,far_fp,0,1,1,1,0.5059425234794617,0.5059425234794617,0.5059425234794617,366.3495598468763,451.0,480.0,451,452,480,481
XDU685,0.5,16,far_fp,0,1,1,1,0.5141611099243164,0.5141611099243164,0.5141611099243164,364.9177989629993,452.0,478.0,452,453,478,479
XDU685,0.5,17,far_fp,0,1,1,1,0.6184388995170593,0.6184388995170593,0.6184388995170593,357.94552658190884,455.0,469.0,455,456,469,470
XDU167,0.5,1,far_fp,0,1,4,4,0.876967191696167,0.9987874627113342,3.507868766784668,250.59928172283335,246.0,355.25,245,248,355,357
XDU167,0.5,2,far_fp,0,1,31,31,0.9042718410491943,0.9994986057281494,28.032426834106445,254.01771591761076,248.67741935483872,362.741935483871,245,254,360,366
XDU167,0.5,3,boundary_excess,1,0,27,3,0.972195565700531,0.9988313317298889,2.9165866374969482,0.0,367.74074074074076,132.40740740740742,365,371,130,136
XDU489,0.5,1,boundary_excess,1,0,37,3,0.8290920853614807,0.9971543550491333,2.487276315689087,0.0,314.1621621621622,311.86486486486484,310,319,309,317
XDU489,0.5,2,boundary_excess,1,0,36,2,0.9910447597503662,0.9918510317802429,1.9820895195007324,0.0,371.75,285.69444444444446,366,378,283,289
XDU505,0.5,1,boundary_excess,1,0,29,3,0.8693957328796387,0.9859975576400757,2.608187198638916,0.0,156.0,166.13793103448276,153,160,164,169
XDU527,0.5,2,far_fp,0,1,11,11,0.972908079624176,0.9974095225334167,10.70198917388916,230.21728866442677,217.36363636363637,384.90909090909093,216,220,384,387
XDU817,0.5,1,boundary_excess,1,0,8,2,0.9906591176986694,0.99068284034729,1.9813182353973389,0.0,33.5,384.5,33,35,383,387
XDU253,0.5,1,far_fp,0,1,51,51,0.9681534171104431,0.9999983310699463,49.375823974609375,317.52952618614853,161.27450980392157,192.09803921568627,154,169,189,197
XDU597,0.5,1,far_fp,0,1,12,12,0.732447624206543,0.9668315052986145,8.789371490478516,135.35139452550905,148.58333333333334,328.9166666666667,147,151,327,332
XDU597,0.5,2,boundary_excess,1,0,27,7,0.9841359853744507,0.9995018243789673,6.888951778411865,0.0,281.25925925925924,372.51851851851853,279,284,369,376
XDU597,0.5,3,boundary_excess,1,0,25,3,0.9367527961730957,0.9979864358901978,2.810258388519287,0.0,310.36,474.8,309,313,471,479
XDU151,0.5,1,boundary_excess,1,0,33,3,0.8612592220306396,0.9986737966537476,2.583777666091919,0.0,169.03030303030303,259.4848484848485,166,173,257,264
XDU151,0.5,2,detached_near_fp,0,1,7,7,0.9225896000862122,0.9997038245201111,6.458127021789551,2.0,170.14285714285714,253.71428571428572,169,172,252,256
XDU151,0.5,4,detached_near_fp,0,1,1,1,0.9397587776184082,0.9397587776184082,0.9397587776184082,7.615773105863909,173.0,250.0,173,174,250,251
XDU151,0.5,5,detached_near_fp,0,1,1,1,0.7191171646118164,0.7191171646118164,0.7191171646118164,6.708203932499369,175.0,252.0,175,176,252,253
XDU404,0.5,1,boundary_excess,1,0,11,4,0.9689755439758301,0.9999998807907104,3.8759021759033203,0.0,253.45454545454547,245.27272727272728,253,255,243,249
XDU596,0.5,1,boundary_excess,1,0,11,3,0.9398334622383118,0.9984108209609985,2.81950044631958,0.0,274.8181818181818,351.90909090909093,274,277,350,355
XDU97,0.5,1,far_fp,0,1,14,14,0.9874725341796875,1.0,13.824615478515625,306.4930668057599,110.5,77.5,107,115,77,79
XDU97,0.5,2,far_fp,0,1,9,9,0.9631076455116272,0.9998646974563599,8.66796875,298.15767640629343,111.22222222222223,87.55555555555556,109,114,87,89
XDU97,0.5,3,far_fp,0,1,6,6,0.6754593849182129,0.803379237651825,4.052756309509277,292.6380016334174,113.0,93.5,112,115,93,95
XDU97,0.5,4,far_fp,0,1,7,7,0.9298944473266602,0.9881282448768616,6.509261131286621,156.70673246545599,148.0,249.0,147,150,248,251
XDU97,0.5,5,far_fp,0,1,23,23,0.9245292544364929,0.9999493360519409,21.26417350769043,146.16771189288008,155.30434782608697,249.56521739130434,151,160,246,254
XDU321,0.5,1,boundary_excess,1,0,22,1,0.5828619599342346,0.5828619599342346,0.5828619599342346,0.0,147.0909090909091,389.1363636363636,144,151,387,392
XDU321,0.5,3,far_fp,0,1,48,48,0.9353719353675842,0.9999406337738037,44.89785385131836,452.6245684891619,485.4791666666667,39.125,482,490,36,44
XDU321,0.5,4,far_fp,0,1,21,21,0.9572507739067078,0.9998188614845276,20.102266311645508,347.15126386058284,495.6190476190476,209.14285714285714,492,500,208,211
XDU279,0.5,2,far_fp,0,1,5,5,0.7115585803985596,0.8524057865142822,3.557792901992798,415.7523301197481,493.6,48.4,493,495,47,51
XDU93,0.5,1,boundary_excess,1,0,70,2,0.8623088598251343,0.9241481423377991,1.7246177196502686,0.0,139.85714285714286,312.72857142857146,137,144,306,319
XDU205,0.5,1,boundary_excess,1,0,26,2,0.8224994540214539,0.9979363679885864,1.6449989080429077,0.0,386.65384615384613,297.8076923076923,384,391,295,302
XDU9,0.5,1,far_fp,0,1,5,5,0.9831732511520386,0.9999507665634155,4.915866374969482,132.24598292575845,97.8,239.4,97,100,239,241
XDU9,0.5,2,far_fp,0,1,21,21,0.9532420635223389,0.9999996423721313,20.018083572387695,125.8729518204765,101.33333333333333,242.47619047619048,98,105,241,245
XDU9,0.5,3,far_fp,0,1,75,75,0.9730273485183716,1.0,72.97705078125,106.7941945987702,112.76,252.25333333333333,107,119,248,258
XDU9,0.5,4,far_fp,0,1,1,1,0.6641255021095276,0.6641255021095276,0.6641255021095276,87.11486669908874,136.0,266.0,136,137,266,267
XDU9,0.5,5,far_fp,0,1,1,1,0.5877808928489685,0.5877808928489685,0.5877808928489685,84.17244204607586,136.0,270.0,136,137,270,271
XDU674,0.5,1,far_fp,0,1,46,46,0.9429759979248047,0.9999867677688599,43.376895904541016,161.31026005806325,159.3695652173913,167.69565217391303,156,163,161,173
XDU501,0.5,1,boundary_excess,1,0,18,4,0.9829553961753845,0.9999678134918213,3.931821584701538,0.0,327.6666666666667,162.61111111111111,326,330,160,166
XDU316,0.5,1,boundary_excess,1,0,44,1,0.9022431969642639,0.9022431969642639,0.9022431969642639,0.0,290.6136363636364,149.0909090909091,287,296,146,154
XDU316,0.5,2,boundary_excess,1,0,52,6,0.9917304515838623,0.9999089241027832,5.950382709503174,0.0,341.15384615384613,139.8653846153846,336,347,137,144
XDU885,0.5,1,boundary_excess,1,0,12,2,0.9874436855316162,0.9887155890464783,1.9748873710632324,0.0,191.91666666666666,412.3333333333333,191,194,410,416
XDU426,0.5,1,far_fp,0,1,52,52,0.7920131087303162,0.9994920492172241,41.1846809387207,113.85077953180645,82.11538461538461,444.7307692307692,74,89,441,450
XDU426,0.5,2,far_fp,0,1,1,1,0.5394518375396729,0.5394518375396729,0.5394518375396729,118.00423721205946,81.0,442.0,81,82,442,443
XDU485,0.5,1,far_fp,0,1,5,5,0.924636960029602,0.9943225383758545,4.623184680938721,191.84629264074925,222.2,195.6,221,224,195,197
XDU485,0.5,2,boundary_excess,1,0,46,15,0.978613555431366,0.9999994039535522,14.679203033447266,0.0,359.67391304347825,339.80434782608694,351,369,338,342
XDU850,0.5,1,far_fp,0,1,13,13,0.9752636551856995,0.9998284578323364,12.678427696228027,264.09278672466615,25.923076923076923,98.38461538461539,24,29,97,101
XDU850,0.5,2,far_fp,0,1,4,4,0.9847567677497864,0.9987633228302002,3.9390270709991455,266.29494925739766,28.0,91.5,27,30,91,93
XDU850,0.5,3,far_fp,0,1,13,13,0.8766990900039673,0.9987688660621643,11.397088050842285,261.7040313025384,31.0,94.46153846153847,29,33,92,97
XDU850,0.5,4,far_fp,0,1,7,7,0.7853640913963318,0.9206061959266663,5.497548580169678,258.68320393871727,35.0,93.57142857142857,34,37,92,96
XDU850,0.5,5,far_fp,0,1,3,3,0.8773658275604248,0.9580568671226501,2.6320974826812744,139.17614738165446,237.33333333333334,360.3333333333333,237,239,360,362
XDU850,0.5,6,far_fp,0,1,19,19,0.9822065234184265,0.9999997615814209,18.661924362182617,140.73023839957068,242.31578947368422,365.2105263157895,240,246,363,368
XDU516,0.5,1,boundary_excess,1,0,38,10,0.8983489871025085,0.9999444484710693,8.983489990234375,0.0,96.94736842105263,358.7894736842105,94,102,354,363
XDU516,0.5,2,boundary_excess,1,0,73,14,0.8614287376403809,0.9884273409843445,12.060002326965332,0.0,162.06849315068493,376.90410958904107,157,168,373,381
XDU504,0.5,1,boundary_excess,1,0,83,8,0.925570011138916,0.9965254664421082,7.404560089111328,0.0,20.49397590361446,94.78313253012048,17,25,88,103
XDU504,0.5,3,boundary_excess,1,0,49,1,0.8206681609153748,0.8206681609153748,0.8206681609153748,0.0,25.755102040816325,144.48979591836735,20,31,141,149
XDU883,0.5,1,far_fp,0,1,7,7,0.7512837052345276,0.9652056097984314,5.258985996246338,155.46703830716015,182.14285714285714,445.7142857142857,181,184,444,448
XDU883,0.5,2,boundary_excess,1,0,7,2,0.9975926876068115,0.999984622001648,1.995185375213623,0.0,244.57142857142858,299.7142857142857,244,246,298,302
XDU919,0.5,1,boundary_excess,1,0,28,3,0.9933879971504211,0.9998200535774231,2.980164051055908,0.0,106.17857142857143,274.85714285714283,102,111,272,279
XDU919,0.5,3,detached_near_fp,0,1,1,1,0.9348393678665161,0.9348393678665161,0.9348393678665161,2.23606797749979,168.0,165.0,168,169,165,166
XDU781,0.5,1,boundary_excess,1,0,28,10,0.9599505662918091,0.9998953342437744,9.599505424499512,0.0,159.35714285714286,413.10714285714283,157,164,409,417
XDU369,0.5,1,far_fp,0,1,9,9,0.7092227935791016,0.8330086469650269,6.383005142211914,109.20164833920778,114.44444444444444,380.3333333333333,112,117,379,383
XDU369,0.5,2,boundary_excess,1,0,82,4,0.9405982494354248,0.9970126152038574,3.762392997741699,0.0,155.109756097561,488.5,149,162,484,495
XDU398,0.5,1,boundary_excess,1,0,26,6,0.9672805666923523,0.9996874332427979,5.803683280944824,0.0,269.15384615384613,127.61538461538461,266,274,125,131
XDU398,0.5,2,boundary_excess,1,0,14,8,0.8853839635848999,0.9926053285598755,7.083071708679199,0.0,284.85714285714283,282.0,284,287,280,286
XDU398,0.5,3,detached_near_fp,0,1,2,2,0.9498318433761597,0.9521578550338745,1.8996636867523193,3.0,288.0,282.5,288,289,282,284
XDU441,0.5,1,boundary_excess,1,0,42,3,0.8344979286193848,0.9958040118217468,2.5034937858581543,0.0,323.14285714285717,295.0238095238095,320,327,292,300
XDU75,0.5,1,boundary_excess,1,0,12,1,0.7035295367240906,0.7035295367240906,0.7035295367240906,0.0,268.5,253.66666666666666,267,272,252,256
XDU75,0.5,2,far_fp,0,1,1,1,0.5336564183235168,0.5336564183235168,0.5336564183235168,162.9846618550347,309.0,413.0,309,310,413,414
XDU805,0.5,1,far_fp,0,1,3,3,0.8275267481803894,0.9512457251548767,2.4825801849365234,244.51789300580847,92.66666666666667,3.6666666666666665,92,94,3,5
XDU805,0.5,2,far_fp,0,1,2,2,0.6460138559341431,0.6943451166152954,1.2920277118682861,241.69815886762564,93.0,6.5,93,94,6,8
XDU805,0.5,3,boundary_excess,1,0,16,4,0.8976890444755554,0.9998058676719666,3.5907561779022217,0.0,177.125,236.0625,176,180,234,239
XDU805,0.5,4,boundary_excess,1,0,12,5,0.947723388671875,0.9998655319213867,4.738616943359375,0.0,178.83333333333334,326.8333333333333,177,182,326,329
XDU709,0.5,1,far_fp,0,1,1,1,0.8474440574645996,0.8474440574645996,0.8474440574645996,370.4821183269174,43.0,30.0,43,44,30,31
XDU709,0.5,2,far_fp,0,1,3,3,0.8766314387321472,0.9824299812316895,2.629894256591797,364.0329655402104,45.0,36.0,44,47,36,37
XDU709,0.5,3,far_fp,0,1,10,10,0.9693801999092102,1.0,9.693801879882812,368.9512162874653,46.0,29.5,45,48,28,32
XDU747,0.5,1,far_fp,0,1,6,6,0.9993907809257507,0.999988317489624,5.996344566345215,352.63862522418043,63.5,225.0,63,65,224,227
XDU747,0.5,2,boundary_excess,1,0,10,4,0.926763117313385,0.974647045135498,3.70705246925354,0.0,409.5,150.0,409,411,148,153
XDU845,0.5,1,boundary_excess,1,0,12,2,0.9992387294769287,0.9995916485786438,1.9984774589538574,0.0,241.25,272.9166666666667,240,243,271,276
XDU557,0.5,2,boundary_excess,1,0,55,1,0.5877553820610046,0.5877553820610046,0.5877553820610046,0.0,182.74545454545455,319.41818181818184,178,189,316,324
XDU775,0.5,1,boundary_excess,1,0,18,4,0.9152279496192932,0.9988089799880981,3.660911798477173,0.0,124.38888888888889,470.6666666666667,123,127,468,474
XDU753,0.5,1,boundary_excess,1,0,19,2,0.9110299348831177,0.9398744702339172,1.8220598697662354,0.0,50.21052631578947,163.21052631578948,48,53,161,167
XDU788,0.5,1,boundary_excess,1,0,10,2,0.8904467821121216,0.9998175501823425,1.7808935642242432,0.0,43.5,241.8,42,46,241,244
XDU788,0.5,2,boundary_excess,1,0,12,2,0.8714206218719482,0.9946656227111816,1.7428412437438965,0.0,46.833333333333336,270.0833333333333,45,50,269,272
XDU788,0.5,3,boundary_excess,1,0,10,5,0.8752317428588867,0.9982525706291199,4.376158714294434,0.0,47.5,325.8,46,50,325,328
XDU788,0.5,4,boundary_excess,1,0,15,3,0.9847197532653809,0.9999152421951294,2.9541592597961426,0.0,48.666666666666664,248.73333333333332,47,52,247,251
XDU788,0.5,5,boundary_excess,1,0,16,5,0.9283124804496765,0.9999990463256836,4.641562461853027,0.0,65.5,370.875,63,69,370,373
XDU788,0.5,6,boundary_excess,1,0,15,6,0.9799678325653076,0.9999936819076538,5.879806995391846,0.0,68.4,392.2,67,72,390,395
XDU788,0.5,7,boundary_excess,1,0,18,4,0.9976174831390381,0.9999680519104004,3.9904699325561523,0.0,70.22222222222223,360.77777777777777,68,74,359,363
XDU682,0.5,1,far_fp,0,1,17,17,0.9512410759925842,0.9999605417251587,16.171098709106445,224.0557966221807,64.05882352941177,366.7647058823529,61,68,365,369
XDU682,0.5,2,boundary_excess,1,0,50,5,0.9959298968315125,1.0,4.979649543762207,0.0,173.7,164.8,168,180,163,168
XDU794,0.5,1,far_fp,0,1,7,7,0.9838047623634338,0.9999997615814209,6.886633396148682,123.10158406779338,94.0,231.0,93,96,230,233
XDU794,0.5,3,far_fp,0,1,5,5,0.9994397163391113,0.9999998807907104,4.997198581695557,169.95587662684687,295.8,393.6,295,298,393,395
XDU794,0.5,4,far_fp,0,1,5,5,0.9527788162231445,0.9999998807907104,4.763894081115723,304.4010512465422,465.4,56.2,465,467,55,58
XDU877,0.5,1,far_fp,0,1,38,38,0.930868923664093,0.9999873638153076,35.37302017211914,219.15519615103813,68.73684210526316,162.1315789473684,65,72,156,169
XDU421,0.5,1,boundary_excess,1,0,33,2,0.9988223314285278,0.9993888139724731,1.9976446628570557,0.0,406.06060606060606,217.15151515151516,404,410,213,222
XDU733,0.5,1,boundary_excess,1,0,7,1,0.8766502141952515,0.8766502141952515,0.8766502141952515,0.0,157.71428571428572,439.0,157,160,438,441
XDU733,0.5,2,far_fp,0,1,19,19,0.9430766105651855,0.9990767240524292,17.918455123901367,47.4236228055175,203.89473684210526,463.5263157894737,202,207,460,468
XDU733,0.5,3,far_fp,0,1,4,4,0.7954152822494507,0.8471397161483765,3.1816611289978027,51.31276644267,203.0,469.75,202,205,469,472
XDU733,0.5,4,far_fp,0,1,38,38,0.9745141863822937,0.9999996423721313,37.03153991699219,55.78530272392541,218.07894736842104,455.1578947368421,213,224,453,458
XDU733,0.5,5,far_fp,0,1,100,100,0.9703031182289124,1.0,97.03031158447266,74.41102068914255,230.57,478.84,215,246,463,495
XDU546,0.5,1,boundary_excess,1,0,46,3,0.8545902371406555,0.9999566078186035,2.5637707710266113,0.0,105.45652173913044,238.2608695652174,99,112,236,241
XDU999,0.5,1,boundary_excess,1,0,11,3,0.8817318081855774,0.9996010661125183,2.645195484161377,0.0,80.18181818181819,427.09090909090907,79,82,425,430
XDU63,0.5,1,far_fp,0,1,3,3,0.6622631549835205,0.7458275556564331,1.9867894649505615,237.6930794112441,127.66666666666667,302.3333333333333,127,129,302,304
XDU63,0.5,2,far_fp,0,1,1,1,0.8249202966690063,0.8249202966690063,0.8249202966690063,232.63920563825866,137.0,301.0,137,138,301,302
XDU63,0.5,3,far_fp,0,1,5,5,0.8262029886245728,0.9860727787017822,4.131014823913574,207.0024154448445,176.4,299.8,176,178,299,302
XDU63,0.5,4,far_fp,0,1,6,6,0.9388837218284607,0.9961863160133362,5.633302211761475,205.41908382621125,179.5,299.0,179,181,298,301
XDU63,0.5,5,far_fp,0,1,6,6,0.9402133822441101,0.9995055198669434,5.641280174255371,201.81674856165927,182.33333333333334,300.8333333333333,182,184,299,304
XDU63,0.5,6,far_fp,0,1,8,8,0.9529241919517517,0.9978501796722412,7.623393535614014,199.24858845171275,184.625,302.375,184,186,300,305
XDU63,0.5,7,far_fp,0,1,6,6,0.9598022103309631,0.9989606142044067,5.758813381195068,261.8587405453559,193.83333333333334,225.33333333333334,193,195,223,228
XDU63,0.5,8,far_fp,0,1,6,6,0.9758030772209167,0.9970567226409912,5.854818344116211,259.21805492673536,196.33333333333334,227.16666666666666,196,198,226,230
XDU63,0.5,9,far_fp,0,1,4,4,0.7835121154785156,0.9163077473640442,3.1340484619140625,258.0174412709342,198.75,228.25,198,200,227,230
XDU63,0.5,10,boundary_excess,1,0,30,4,0.7822373509407043,0.9224748611450195,3.1289494037628174,0.0,302.03333333333336,469.7,300,306,466,475
XDU966,0.5,1,boundary_excess,1,0,33,6,0.9743782877922058,0.999993085861206,5.846269607543945,0.0,97.33333333333333,343.54545454545456,95,101,338,349
XDU922,0.5,1,boundary_excess,1,0,16,1,0.7807062864303589,0.7807062864303589,0.7807062864303589,0.0,47.5625,444.0,47,49,440,449
XDU922,0.5,2,detached_near_fp,0,1,2,2,0.5990135669708252,0.6527642607688904,1.1980271339416504,1.0,50.0,445.5,50,51,445,447
XDU789,0.5,1,boundary_excess,1,0,31,3,0.9852856993675232,0.9999140501022339,2.955857038497925,0.0,332.4193548387097,279.96774193548384,329,336,276,284
XDU863,0.5,1,boundary_excess,1,0,47,2,0.9996786117553711,0.9999992847442627,1.9993572235107422,0.0,33.0,339.8085106382979,28,40,338,343
XDU863,0.5,2,far_fp,0,1,5,5,0.9651573896408081,0.9991170763969421,4.82578706741333,339.5114136520303,377.4,305.2,377,379,304,307
XDU578,0.5,1,far_fp,0,1,23,23,0.9466643333435059,0.9999971389770508,21.773279190063477,227.48406537601704,18.956521739130434,365.1304347826087,17,22,360,371
XDU578,0.5,2,far_fp,0,1,2,2,0.9976321458816528,0.9978117346763611,1.9952642917633057,237.69728648009425,22.0,372.5,22,23,372,374
XDU743,0.5,1,far_fp,0,1,62,62,0.9752556085586548,0.9999963045120239,60.46584701538086,100.0,50.25806451612903,154.96774193548387,47,55,151,160
XDU743,0.5,2,far_fp,0,1,11,11,0.850794792175293,0.9621402025222778,9.358742713928223,90.60353193998566,93.27272727272727,286.54545454545456,91,97,286,288
XDU115,0.5,2,far_fp,0,1,23,23,0.9002279043197632,0.9944936633110046,20.705242156982422,516.3419409654807,507.1304347826087,151.04347826086956,505,511,149,155
XDU876,0.5,1,far_fp,0,1,45,45,0.9781297445297241,1.0,44.015838623046875,204.79257799051214,121.17777777777778,264.8888888888889,117,126,260,270
XDU876,0.5,2,far_fp,0,1,30,30,0.9614853262901306,0.9999991655349731,28.844560623168945,199.3313823761828,128.0,267.73333333333335,124,132,264,272
XDU876,0.5,3,far_fp,0,1,1,1,0.6873081922531128,0.6873081922531128,0.6873081922531128,94.54099639838793,242.0,282.0,242,243,282,283
XDU876,0.5,4,far_fp,0,1,4,4,0.8348978757858276,0.9084879755973816,3.3395915031433105,93.5200513259055,243.25,284.75,242,245,284,286
XDU876,0.5,5,far_fp,0,1,4,4,0.6651002168655396,0.8035721778869629,2.660400867462158,92.57429448826494,245.75,287.5,245,247,286,290
XDU876,0.5,6,boundary_excess,1,0,5,1,0.9956990480422974,0.9956990480422974,0.9956990480422974,0.0,330.6,244.2,330,332,243,246
XDU932,0.5,1,boundary_excess,1,0,24,4,0.9808459281921387,0.9979280233383179,3.9233837127685547,0.0,175.91666666666666,338.7916666666667,174,179,335,344
XDU932,0.5,2,boundary_excess,1,0,47,2,0.9980213046073914,0.9986807703971863,1.9960426092147827,0.0,354.6170212765957,150.29787234042553,351,360,144,156
XDU289,0.5,1,far_fp,0,1,21,21,0.9095721244812012,0.9999881982803345,19.101015090942383,263.59059163786554,194.71428571428572,433.4761904761905,192,199,432,436
XDU933,0.5,1,boundary_excess,1,0,15,2,0.7713323831558228,0.887867271900177,1.5426647663116455,0.0,98.93333333333334,210.73333333333332,97,102,209,213
XDU933,0.5,3,far_fp,0,1,2,2,0.8179376125335693,0.9899712800979614,1.6358752250671387,206.30317496345035,470.5,61.0,470,472,61,62
XDU3,0.5,1,far_fp,0,1,13,13,0.9939083456993103,1.0,12.920808792114258,268.07648162418127,90.15384615384616,373.3076923076923,87,94,372,375
XDU451,0.5,1,boundary_excess,1,0,20,1,0.8982760906219482,0.8982760906219482,0.8982760906219482,0.0,179.3,400.6,177,182,398,404
XDU694,0.5,1,boundary_excess,1,0,15,1,0.5109832286834717,0.5109832286834717,0.5109832286834717,0.0,342.2,341.93333333333334,341,345,340,345
XDU259,0.5,1,far_fp,0,1,6,6,0.7480476498603821,0.9901416897773743,4.488286018371582,430.2150624978163,24.333333333333332,7.166666666666667,23,26,6,9
XDU259,0.5,2,far_fp,0,1,37,37,0.9603043794631958,0.9999992847442627,35.5312614440918,388.10565571761515,60.945945945945944,23.16216216216216,56,67,21,26
XDU259,0.5,3,far_fp,0,1,19,19,0.9950892925262451,1.0,18.906696319580078,381.81147180251145,72.3157894736842,22.0,69,76,21,24
XDU259,0.5,4,far_fp,0,1,4,4,0.8193058967590332,0.9120975732803345,3.277223587036133,281.3254343282882,136.5,106.5,136,138,106,108
XDU259,0.5,5,far_fp,0,1,5,5,0.8762732744216919,0.9553929567337036,4.38136625289917,277.1461708196597,139.4,109.2,139,141,108,111
XDU259,0.5,6,far_fp,0,1,5,5,0.9952179193496704,0.9999539852142334,4.9760894775390625,277.2525924134885,141.6,106.2,141,143,105,108
XDU708,0.5,1,boundary_excess,1,0,59,9,0.8556808233261108,0.9952415227890015,7.701127529144287,0.0,208.10169491525423,362.9491525423729,203,215,360,367
XDU442,0.5,2,far_fp,0,1,1,1,0.6132494211196899,0.6132494211196899,0.6132494211196899,95.02105029939419,48.0,391.0,48,49,391,392
XDU442,0.5,3,far_fp,0,1,2,2,0.6766561269760132,0.775054395198822,1.3533122539520264,96.13012014972206,51.5,392.0,51,53,392,393
XDU442,0.5,4,far_fp,0,1,1,1,0.6412639021873474,0.6412639021873474,0.6412639021873474,96.33275663033837,54.0,392.0,54,55,392,393
XDU829,0.5,1,far_fp,0,1,37,37,0.9342876076698303,0.9999990463256836,34.568641662597656,194.74342094150447,4.621621621621622,44.13513513513514,0,11,39,49
XDU833,0.5,1,far_fp,0,1,4,4,0.930167019367218,0.9999966621398926,3.720668077468872,233.01931250435015,73.5,291.5,73,75,291,293
XDU833,0.5,2,boundary_excess,1,0,62,13,0.9202321171760559,0.9998917579650879,11.963017463684082,0.0,284.35483870967744,181.24193548387098,282,288,174,190
XDU648,0.5,1,far_fp,0,1,1,1,0.6143933534622192,0.6143933534622192,0.6143933534622192,226.497240601293,59.0,138.0,59,60,138,139
XDU648,0.5,2,far_fp,0,1,3,3,0.6440630555152893,0.7299848794937134,1.9321892261505127,68.0294054067798,234.0,213.0,233,236,212,215
XDU648,0.5,3,far_fp,0,1,25,25,0.9893545508384705,0.999992847442627,24.733863830566406,53.03772242470448,279.4,245.0,277,283,242,249
XDU648,0.5,4,far_fp,0,1,9,9,0.8668441772460938,0.9975357055664062,7.801597595214844,162.60996279441184,384.6666666666667,200.77777777777777,382,388,199,204
XDU648,0.5,5,far_fp,0,1,3,3,0.6749066710472107,0.8071664571762085,2.0247199535369873,173.4041521994211,392.0,197.0,391,394,197,198
XDU648,0.5,6,far_fp,0,1,2,2,0.620854914188385,0.6900548934936523,1.24170982837677,186.59314028120113,425.5,253.0,425,427,253,254
XDU381,0.5,1,far_fp,0,1,12,12,0.94992595911026,0.999816358089447,11.3991117477417,243.82165613415063,307.75,78.75,306,311,78,81
XDU381,0.5,2,boundary_excess,1,0,36,1,0.9833164811134338,0.9833164811134338,0.9833164811134338,0.0,381.3333333333333,314.94444444444446,377,387,312,318
XDU868,0.5,2,boundary_excess,1,0,5,2,0.824858546257019,0.9735226631164551,1.649717092514038,0.0,342.8,185.4,342,345,185,187
XDU803,0.5,1,boundary_excess,1,0,20,3,0.8622794151306152,0.9823349714279175,2.5868382453918457,0.0,187.35,156.9,185,191,155,161
XDU673,0.5,1,boundary_excess,1,0,17,8,0.8951379656791687,0.9995940327644348,7.16110372543335,0.0,347.70588235294116,260.29411764705884,346,350,258,263
XDU415,0.5,1,far_fp,0,1,26,26,0.9230309724807739,0.999473512172699,23.99880599975586,113.5649593844862,13.692307692307692,181.23076923076923,11,17,177,187
XDU415,0.5,2,far_fp,0,1,21,21,0.8140730261802673,0.998044490814209,17.09553337097168,142.6218777046495,73.23809523809524,387.14285714285717,71,77,384,391
XDU997,0.5,1,far_fp,0,1,6,6,0.9323554635047913,0.9999997615814209,5.594132900238037,263.6380093992518,188.5,44.0,188,190,43,46
XDU997,0.5,2,far_fp,0,1,6,6,0.9615660309791565,0.9999247789382935,5.7693963050842285,133.96268137059664,345.0,192.5,344,347,192,194
XDU667,0.5,1,far_fp,0,1,16,16,0.9484713077545166,0.999880313873291,15.175540924072266,240.6200324162558,94.5,188.4375,92,99,187,191
XDU667,0.5,2,far_fp,0,1,1,1,0.5376752614974976,0.5376752614974976,0.5376752614974976,245.5951953927438,94.0,185.0,94,95,185,186
XDU667,0.5,3,boundary_excess,1,0,37,22,0.9944919943809509,0.9999934434890747,21.87882423400879,0.0,280.6756756756757,351.5945945945946,278,284,347,358
XDU704,0.5,1,boundary_excess,1,0,26,3,0.8040993213653564,0.9934677481651306,2.4122979640960693,0.0,332.03846153846155,448.84615384615387,330,335,445,453
XDU711,0.5,1,far_fp,0,1,3,3,0.8571481704711914,1.0,2.571444511413574,118.15244390193544,33.333333333333336,361.3333333333333,33,35,361,363
XDU711,0.5,3,boundary_excess,1,0,5,1,0.9945787191390991,0.9945787191390991,0.9945787191390991,0.0,153.0,367.8,152,155,367,370
XDU711,0.5,4,boundary_excess,1,0,10,3,0.9532000422477722,0.9999942779541016,2.859600067138672,0.0,173.3,201.5,171,176,200,204
XDU711,0.5,5,boundary_excess,1,0,6,1,0.9997053742408752,0.9997053742408752,0.9997053742408752,0.0,247.16666666666666,353.0,246,249,352,355
XDU711,0.5,6,far_fp,0,1,4,4,0.9229454398155212,0.9739353060722351,3.691781759262085,299.6064084761873,405.5,9.5,405,407,9,11
XDU354,0.5,2,boundary_excess,1,0,18,1,0.5803080201148987,0.5803080201148987,0.5803080201148987,0.0,363.3333333333333,284.3888888888889,361,366,282,288
XDU927,0.5,1,boundary_excess,1,0,30,1,0.9752722382545471,0.9752722382545471,0.9752722382545471,0.0,460.8,348.43333333333334,458,464,346,352
XDU927,0.5,2,boundary_excess,1,0,15,4,0.9900555610656738,0.9989243149757385,3.9602222442626953,0.0,491.26666666666665,82.8,490,494,81,86
XDU758,0.5,1,boundary_excess,1,0,12,7,0.9025333523750305,0.9999641180038452,6.317733287811279,0.0,201.91666666666666,235.58333333333334,200,204,234,239
XDU697,0.5,1,boundary_excess,1,0,40,1,0.9949697852134705,0.9949697852134705,0.9949697852134705,0.0,286.2,432.35,282,291,427,439
XDU957,0.5,1,far_fp,0,1,4,4,0.7125313878059387,0.8765360713005066,2.850125551223755,308.37152916571273,47.5,308.0,46,50,308,309
XDU957,0.5,2,far_fp,0,1,4,4,0.6445821523666382,0.7611039280891418,2.5783286094665527,306.52895458667524,47.5,304.5,47,49,304,306
XDU957,0.5,3,far_fp,0,1,28,28,0.9140391945838928,0.9998927116394043,25.593097686767578,261.5836386320826,62.17857142857143,255.64285714285714,59,68,253,259
XDU957,0.5,4,far_fp,0,1,11,11,0.9855476021766663,0.9999890327453613,10.841023445129395,255.50146770615623,120.72727272727273,306.54545454545456,118,124,306,308
XDU957,0.5,5,far_fp,0,1,11,11,0.9127398133277893,0.999996542930603,10.040138244628906,250.80071770232237,129.36363636363637,307.09090909090907,127,133,306,309
XDU957,0.5,6,boundary_excess,1,0,94,24,0.9739398956298828,0.9999904632568359,23.374557495117188,0.0,285.25531914893617,96.53191489361703,282,290,87,107
XDU49,0.5,1,far_fp,0,1,1,1,0.9260699152946472,0.9260699152946472,0.9260699152946472,243.18717071424635,128.0,72.0,128,129,72,73
XDU49,0.5,2,far_fp,0,1,32,32,0.9517616629600525,0.999972939491272,30.45637321472168,53.31041174104736,161.34375,338.90625,158,165,336,344
XDU563,0.5,2,far_fp,0,1,14,14,0.9610110521316528,0.9999408721923828,13.454154968261719,422.20374228564106,473.7142857142857,448.14285714285717,472,477,447,451
XDU563,0.5,3,far_fp,0,1,18,18,0.9685804843902588,0.9999998807907104,17.4344482421875,421.070065428546,477.5,443.94444444444446,474,482,443,446
XDU563,0.5,4,far_fp,0,1,17,17,0.9893474578857422,1.0,16.818906784057617,427.7686290507989,478.05882352941177,452.1764705882353,475,483,451,454
XDU954,0.5,1,boundary_excess,1,0,15,1,0.542050838470459,0.542050838470459,0.542050838470459,0.0,372.1333333333333,122.8,371,374,120,127
XDU45,0.5,1,boundary_excess,1,0,16,1,0.941892147064209,0.941892147064209,0.941892147064209,0.0,195.3125,193.875,194,199,192,197
XDU45,0.5,3,far_fp,0,1,8,8,0.9822922945022583,0.9999998807907104,7.858338356018066,303.19960422137757,477.125,1.875,476,479,1,4
XDU429,0.5,1,boundary_excess,1,0,113,1,0.8639997243881226,0.8639997243881226,0.8639997243881226,0.0,173.1946902654867,298.62831858407077,168,179,292,308
XDU902,0.5,1,boundary_excess,1,0,9,2,0.7797656059265137,0.999329686164856,1.5595312118530273,0.0,313.8888888888889,306.1111111111111,313,316,305,309
XDU902,0.5,2,boundary_excess,1,0,13,3,0.8546063303947449,0.9991599321365356,2.56381893157959,0.0,335.61538461538464,278.38461538461536,334,338,277,281
XDU302,0.5,1,far_fp,0,1,97,97,0.9502085447311401,1.0,92.17022705078125,55.97320787662612,59.30927835051546,431.41237113402065,52,66,425,438
XDU523,0.5,1,boundary_excess,1,0,17,6,0.9091466069221497,0.998539924621582,5.4548797607421875,0.0,380.29411764705884,324.5882352941176,378,383,323,327
XDU816,0.5,1,boundary_excess,1,0,61,3,0.8770580291748047,0.9999431371688843,2.631174087524414,0.0,257.327868852459,218.39344262295083,251,264,215,223
XDU816,0.5,2,far_fp,0,1,1,1,0.5369580984115601,0.5369580984115601,0.5369580984115601,67.20863039818622,309.0,272.0,309,310,272,273
XDU816,0.5,3,far_fp,0,1,57,57,0.9484856724739075,0.9999954700469971,54.063682556152344,72.91776189653656,319.12280701754383,275.719298245614,316,325,271,282
XDU785,0.5,1,boundary_excess,1,0,5,2,0.9790768623352051,0.9999998807907104,1.9581537246704102,0.0,414.4,170.2,414,416,169,172
XDU759,0.5,1,boundary_excess,1,0,56,17,0.9024550318717957,0.9993128776550293,15.34173583984375,0.0,99.44642857142857,371.3392857142857,96,103,362,382
XDU759,0.5,2,far_fp,0,1,9,9,0.8971474766731262,0.989936351776123,8.07432746887207,79.1012010022604,101.88888888888889,281.3333333333333,101,104,280,284
XDU759,0.5,3,far_fp,0,1,5,5,0.7409915924072266,0.9145835638046265,3.704957962036133,90.55385138137417,108.4,271.2,108,110,270,273
XDU759,0.5,4,far_fp,0,1,3,3,0.67303866147995,0.8531743288040161,2.019115924835205,96.62815324738438,109.0,265.0,109,110,264,267
XDU759,0.5,5,far_fp,0,1,5,5,0.8860231637954712,0.9976188540458679,4.430115699768066,104.93807697875924,112.4,257.2,112,114,256,259
XDU872,0.5,1,boundary_excess,1,0,17,7,0.9513433575630188,0.9996368885040283,6.659403324127197,0.0,252.88235294117646,157.76470588235293,251,256,155,161
XDU185,0.5,1,boundary_excess,1,0,96,5,0.7944352030754089,0.9783080220222473,3.9721760749816895,0.0,239.15625,135.5625,234,244,126,143
XDU185,0.5,2,boundary_excess,1,0,146,12,0.9607366919517517,0.9992021918296814,11.528840065002441,0.0,293.36986301369865,77.58219178082192,288,299,67,87
XDU881,0.5,1,far_fp,0,1,30,30,0.9888285994529724,1.0,29.664857864379883,342.49233568066893,15.766666666666667,103.73333333333333,10,22,98,111
XDU881,0.5,2,far_fp,0,1,3,3,0.6342745423316956,0.7796226739883423,1.9028236865997314,281.64161624305456,76.0,124.33333333333333,75,78,124,126
XDU447,0.5,3,far_fp,0,1,9,9,0.9075506925582886,0.9879085421562195,8.167956352233887,168.57639217873896,337.77777777777777,204.44444444444446,336,341,204,206
XDU129,0.5,2,boundary_excess,1,0,57,3,0.9066386222839355,0.9925130605697632,2.7199158668518066,0.0,296.2105263157895,288.0175438596491,291,302,284,293
XDU920,0.5,1,boundary_excess,1,0,15,4,0.9214742183685303,0.9742523431777954,3.685896873474121,0.0,322.06666666666666,412.06666666666666,321,325,409,417
XDU334,0.5,2,far_fp,0,1,34,34,0.9379101991653442,0.9999982118606567,31.888946533203125,213.19005605327843,295.1470588235294,223.73529411764707,287,303,223,226
XDU334,0.5,3,far_fp,0,1,2,2,0.6003891229629517,0.6548430919647217,1.2007782459259033,223.6515146382872,298.5,227.0,298,300,227,228
XDU892,0.5,2,boundary_excess,1,0,17,5,0.9789331555366516,0.9858812093734741,4.894665718078613,0.0,231.94117647058823,248.64705882352942,231,234,246,252
XDU103,0.5,1,far_fp,0,1,15,15,0.8577283024787903,0.9869917631149292,12.865924835205078,189.39112967612817,10.6,258.2,8,14,256,261
XDU103,0.5,2,far_fp,0,1,3,3,0.7880082130432129,0.893974244594574,2.3640246391296387,299.34762400927787,11.333333333333334,2.3333333333333335,11,13,2,4
XDU103,0.5,3,far_fp,0,1,10,10,0.8831247091293335,0.9980283379554749,8.831247329711914,187.6725872363889,12.5,262.0,11,15,261,264
XDU103,0.5,4,far_fp,0,1,2,2,0.6020560264587402,0.629693329334259,1.2041120529174805,261.87401551127596,20.5,46.5,20,22,46,48
XDU103,0.5,5,far_fp,0,1,10,10,0.6721328496932983,0.8134011626243591,6.721328258514404,158.5339080449353,41.5,302.5,41,43,300,306
XDU103,0.5,6,far_fp,0,1,3,3,0.6491530537605286,0.7606818675994873,1.947459101676941,157.0350279396288,44.0,306.0,44,45,305,308
XDU103,0.5,7,far_fp,0,1,13,13,0.7482998371124268,0.9298895597457886,9.727897644042969,247.8911051248108,48.30769230769231,37.0,46,52,36,39
XDU103,0.5,8,far_fp,0,1,32,32,0.8919435739517212,0.9985783100128174,28.542194366455078,184.76471524617463,56.46875,418.96875,53,60,415,423
XDU698,0.5,1,boundary_excess,1,0,7,3,0.9997334480285645,0.9999980926513672,2.9992003440856934,0.0,270.42857142857144,361.7142857142857,270,272,360,364
XDU862,0.5,2,far_fp,0,1,433,433,0.969801127910614,1.0,419.92388916015625,298.88626599427414,440.0092378752887,194.8036951501155,403,468,171,224
XDU862,0.5,3,far_fp,0,1,3,3,0.8708899617195129,0.9908628463745117,2.6126699447631836,337.6047985440965,450.3333333333333,175.0,450,452,174,177
XDU33,0.5,2,boundary_excess,1,0,53,7,0.762249767780304,0.993127703666687,5.335748195648193,0.0,156.37735849056602,367.0188679245283,154,160,362,373
XDU416,0.5,1,far_fp,0,1,2,2,0.700934112071991,0.7934951186180115,1.401868224143982,406.0985102164252,6.5,164.0,6,8,164,165
XDU416,0.5,2,boundary_excess,1,0,49,11,0.8697874546051025,0.9992362260818481,9.567662239074707,0.0,434.9387755102041,159.08163265306123,431,439,155,164
XDU715,0.5,1,boundary_excess,1,0,23,1,0.9840959310531616,0.9840959310531616,0.9840959310531616,0.0,191.7391304347826,414.4347826086956,190,194,411,419
XDU203,0.5,2,boundary_excess,1,0,10,1,0.9984837174415588,0.9984837174415588,0.9984837174415588,0.0,317.8,289.4,316,320,288,292
XDU589,0.5,1,boundary_excess,1,0,46,10,0.9090386629104614,0.9999867677688599,9.090386390686035,0.0,212.47826086956522,324.67391304347825,209,217,321,330
XDU589,0.5,2,far_fp,0,1,4,4,0.9966664910316467,0.9997422099113464,3.986665964126587,76.48529270389177,285.5,289.5,285,287,289,291
XDU589,0.5,3,far_fp,0,1,1,1,0.5702652335166931,0.5702652335166931,0.5702652335166931,75.64390259630977,285.0,292.0,285,286,292,293
XDU142,0.5,1,boundary_excess,1,0,67,3,0.9831954836845398,0.9975011944770813,2.9495863914489746,0.0,420.94029850746267,463.5223880597015,416,428,459,469
XDU620,0.5,1,boundary_excess,1,0,43,7,0.9780464172363281,0.9999992847442627,6.846324920654297,0.0,350.27906976744185,178.04651162790697,346,355,174,184
XDU67,0.5,2,far_fp,0,1,10,10,0.9996848106384277,1.0,9.996848106384277,404.6652937922895,380.5,49.6,378,384,49,51
XDU67,0.5,3,far_fp,0,1,11,11,0.9937810301780701,0.9999992847442627,10.931591033935547,382.227680839575,388.27272727272725,93.54545454545455,386,392,93,95
XDU371,0.5,1,boundary_excess,1,0,24,1,0.5131158232688904,0.5131158232688904,0.5131158232688904,0.0,50.875,203.20833333333334,47,56,200,207
XDU192,0.5,1,boundary_excess,1,0,42,8,0.854943037033081,0.9991858601570129,6.839544296264648,0.0,141.73809523809524,118.42857142857143,138,146,114,123
XDU192,0.5,2,boundary_excess,1,0,52,9,0.965158998966217,0.9999991655349731,8.686430931091309,0.0,179.44230769230768,157.76923076923077,175,185,154,162
XDU28,0.5,1,far_fp,0,1,14,14,0.7404079437255859,0.894327700138092,10.365711212158203,196.0637651377735,15.571428571428571,175.85714285714286,14,19,174,178
XDU28,0.5,2,far_fp,0,1,43,43,0.9677654504776001,0.9999996423721313,41.613914489746094,203.85534086699815,37.55813953488372,285.48837209302326,31,46,283,288
XDU28,0.5,3,far_fp,0,1,37,37,0.94622802734375,0.9999985694885254,35.01043701171875,171.5925406304132,158.86486486486487,342.7837837837838,156,162,336,352
XDU28,0.5,4,far_fp,0,1,5,5,0.812010645866394,0.9819232821464539,4.06005334854126,182.78949641595932,163.4,351.2,163,165,350,353
XDU43,0.5,1,boundary_excess,1,0,75,3,0.8651726245880127,0.9748396277427673,2.595517873764038,0.0,172.73333333333332,257.25333333333333,169,178,250,264
XDU661,0.5,1,boundary_excess,1,0,14,11,0.9860721230506897,0.9999817609786987,10.846793174743652,0.0,201.71428571428572,155.85714285714286,199,205,155,158
XDU661,0.5,2,far_fp,0,1,1,1,0.5931889414787292,0.5931889414787292,0.5931889414787292,124.32618388738553,209.0,282.0,209,210,282,283
XDU692,0.5,1,far_fp,0,1,9,9,0.9578654766082764,0.9996058344841003,8.620789527893066,219.97272558205938,53.44444444444444,391.6666666666667,52,56,391,394
XDU692,0.5,2,far_fp,0,1,8,8,0.9934693574905396,1.0,7.947754859924316,224.4147945212169,101.375,55.75,100,104,55,58
XDU463,0.5,1,far_fp,0,1,25,25,0.9481335282325745,0.9996347427368164,23.703338623046875,83.64807230295268,375.32,349.2,370,381,348,352
XDU463,0.5,2,far_fp,0,1,10,10,0.8375023603439331,0.9976732134819031,8.37502384185791,53.225933528685054,394.0,323.5,392,397,323,325
XDU463,0.5,3,far_fp,0,1,9,9,0.9205796122550964,0.9997357726097107,8.285216331481934,37.8021163428716,394.3333333333333,305.77777777777777,393,397,305,308
XDU463,0.5,4,boundary_excess,1,0,19,1,0.6552238464355469,0.6552238464355469,0.6552238464355469,0.0,421.2631578947368,271.2105263157895,420,424,268,275
XDU745,0.5,1,far_fp,0,1,11,11,0.9881059527397156,0.9999997615814209,10.869165420532227,307.05862632402955,7.636363636363637,455.09090909090907,6,10,454,457
XDU258,0.5,1,far_fp,0,1,43,43,0.9789265394210815,1.0,42.093841552734375,311.7081968765018,480.5581395348837,283.30232558139534,474,489,281,286
XDU258,0.5,2,far_fp,0,1,10,10,0.9648996591567993,1.0,9.648996353149414,309.5109044928789,476.3,289.1,474,479,288,291
XDU258,0.5,3,far_fp,0,1,2,2,0.9592733383178711,0.9722506999969482,1.9185466766357422,319.88279103446627,485.5,288.0,485,487,288,289
XDU842,0.5,1,boundary_excess,1,0,10,2,0.9998701810836792,0.9999240636825562,1.9997403621673584,0.0,87.8,58.5,87,90,57,61
XDU459,0.5,1,far_fp,0,1,2,2,0.7614619731903076,0.7780464887619019,1.5229239463806152,415.4816482108446,12.0,79.5,12,13,79,81
XDU459,0.5,2,far_fp,0,1,4,4,0.7679967284202576,0.9757542610168457,3.0719869136810303,415.35647340567596,16.5,72.5,16,18,72,74
XDU459,0.5,3,far_fp,0,1,23,23,0.9832435846328735,0.9999985694885254,22.61460304260254,184.61852561430555,175.91304347826087,391.4782608695652,171,185,391,394
XDU319,0.5,1,far_fp,0,1,13,13,0.8544241189956665,0.9804489016532898,11.107513427734375,404.6949468426805,79.53846153846153,487.84615384615387,78,82,485,491
XDU319,0.5,2,far_fp,0,1,33,33,0.9431570172309875,0.9997206330299377,31.124181747436523,411.2468844866791,82.21212121212122,495.57575757575756,79,86,492,500
XDU319,0.5,3,far_fp,0,1,1,1,0.6019766330718994,0.6019766330718994,0.6019766330718994,392.1836304589981,104.0,474.0,104,105,474,475
XDU319,0.5,4,far_fp,0,1,21,21,0.8015729188919067,0.9884347915649414,16.833030700683594,396.0807998376089,107.19047619047619,480.76190476190476,105,112,478,485
XDU319,0.5,5,far_fp,0,1,7,7,0.7287477254867554,0.9053882956504822,5.101233959197998,404.0792001575929,108.71428571428571,487.2857142857143,107,111,486,490
XDU319,0.5,6,far_fp,0,1,1,1,0.9509769678115845,0.9509769678115845,0.9509769678115845,402.031093324882,111.0,484.0,111,112,484,485
XDU225,0.5,2,far_fp,0,1,2,2,0.631568193435669,0.7487635612487793,1.263136386871338,176.0284067984483,461.0,218.5,461,462,218,220
XDU178,0.5,1,boundary_excess,1,0,22,8,0.9750242233276367,0.9996054768562317,7.800193786621094,0.0,208.77272727272728,316.6363636363636,204,214,316,319
XDU567,0.5,1,far_fp,0,1,1,1,0.6757297515869141,0.6757297515869141,0.6757297515869141,83.6301381082203,164.0,142.0,164,165,142,143
XDU567,0.5,2,far_fp,0,1,16,16,0.972598671913147,0.9998519420623779,15.561578750610352,327.43396280776983,496.8125,43.0625,494,500,42,45
XDU567,0.5,3,far_fp,0,1,1,1,0.8475534915924072,0.8475534915924072,0.8475534915924072,332.0993827154757,497.0,40.0,497,498,40,41
XDU925,0.5,1,boundary_excess,1,0,39,14,0.9426716566085815,1.0,13.197402954101562,0.0,85.74358974358974,355.05128205128204,81,92,352,359
XDU925,0.5,2,boundary_excess,1,0,49,15,0.9789038300514221,0.9999990463256836,14.683557510375977,0.0,99.46938775510205,358.2040816326531,95,106,353,364
XDU394,0.5,1,boundary_excess,1,0,38,17,0.9396423697471619,0.9999982118606567,15.973919868469238,0.0,284.92105263157896,325.89473684210526,282,290,321,332
XDU394,0.5,2,boundary_excess,1,0,78,20,0.9628782272338867,0.9999971389770508,19.257564544677734,0.0,339.7307692307692,351.8076923076923,334,346,347,358
XDU110,0.5,1,far_fp,0,1,14,14,0.942478597164154,0.9998495578765869,13.194700241088867,330.44212806480954,25.857142857142858,7.357142857142857,25,28,2,14
XDU110,0.5,2,far_fp,0,1,3,3,0.7632014751434326,0.9808735251426697,2.289604425430298,326.3326523656497,28.0,16.0,28,29,15,18
XDU663,0.5,1,far_fp,0,1,12,12,0.9766853451728821,0.9999852180480957,11.720224380493164,274.4886154287642,288.5833333333333,442.1666666666667,287,291,440,445
XDU663,0.5,2,far_fp,0,1,16,16,0.9761106371879578,0.999984622001648,15.617770195007324,330.38765110094533,339.5,20.0,338,342,18,23
XDU955,0.5,1,boundary_excess,1,0,12,2,0.9918080568313599,0.9991114735603333,1.9836161136627197,0.0,154.75,223.5,154,157,221,227
XDU374,0.5,1,boundary_excess,1,0,36,10,0.9558871984481812,0.9999839067459106,9.55887222290039,0.0,409.97222222222223,192.13888888888889,405,414,190,196
XDU374,0.5,2,boundary_excess,1,0,16,3,0.9586001038551331,0.9941005110740662,2.875800371170044,0.0,434.5625,182.875,432,438,181,186
XDU393,0.5,1,boundary_excess,1,0,25,8,0.9737650156021118,0.9999744892120361,7.7901201248168945,0.0,220.16,194.92,217,224,192,200
XDU570,0.5,1,boundary_excess,1,0,10,2,0.9299417734146118,0.9520753026008606,1.8598835468292236,0.0,310.3,175.2,309,313,174,177
XDU217,0.5,1,boundary_excess,1,0,33,2,0.9990859031677246,0.999373733997345,1.9981718063354492,0.0,126.18181818181819,344.09090909090907,123,130,340,348
