image_id,bg_reconstruction_error,target_residual_mean,background_residual_mean,target_residual_bg_ratio,candidate_pixels,far_pixels,ohem_budget,candidate_to_budget_ratio,target_leakage_pixels,flat_candidate_ratio,residual_auroc_target_vs_far
001137,0.12445089221000671,0.84253990650177,0.12445088475942612,6.770059595240882,0,65247,652,0.0,0,0.0,0.9905056423611112
000345,0.2520778477191925,1.769696831703186,0.2520779073238373,7.020436064750836,0,65327,653,0.0,0,0.0,0.996044921875
000774,0.10187741369009018,0.7919753193855286,0.10187740623950958,7.773807251468763,0,65304,653,0.0,0,0.0,0.9603177584134616
000593,0.7823335528373718,3.073387861251831,0.7823335528373718,3.928487855474497,0,64949,649,0.0,0,0.0,0.9660724577356558
001002,0.3458539843559265,1.293368935585022,0.3458539843559265,3.7396386743776397,0,64944,649,0.0,0,0.0,0.9417317708333334
001024,0.3375493586063385,0.9623594880104065,0.3375493288040161,2.8510188167761408,0,64924,649,0.0,0,0.0,0.8780803274601063
001285,0.496859610080719,1.4765604734420776,0.4968595802783966,2.971786259237957,0,65135,651,0.0,0,0.0,0.9134114583333334
000649,0.49666827917099,1.6631184816360474,0.49666827917099,3.348549829701282,0,64829,648,0.0,0,0.0,0.9370256696428572
000282,0.429156631231308,1.8878847360610962,0.4291566014289856,4.399057895823822,0,65049,650,0.0,0,0.0,0.9807423558728449
000037,0.1883726716041565,0.9909263253211975,0.1883726716041565,5.260456927656232,0,65247,652,0.0,0,0.0,0.9763454861111112
001150,0.09611061960458755,0.8823176026344299,0.09611061960458755,9.180230095949929,0,65247,652,0.0,0,0.0,0.9788411458333334
001124,0.12817765772342682,0.9192869663238525,0.128177672624588,7.171974240913998,0,65247,652,0.0,0,0.0,0.971435546875
001185,0.10261305421590805,0.9210538864135742,0.10261305421590805,8.975991343904308,0,64958,649,0.0,0,0.0,0.9869249131944444
000718,0.5882366299629211,2.042849063873291,0.5882365703582764,3.4728358738883847,0,64752,647,0.0,0,0.0,0.8972865513392857
000968,0.41237586736679077,1.3330870866775513,0.41237589716911316,3.2326988454683114,0,64970,649,0.0,0,0.0,0.9494927853954082
001216,0.16242234408855438,0.8288793563842773,0.16242234408855438,5.10323478604867,0,65247,652,0.0,0,0.0,0.9564344618055556
000494,0.3612886965274811,1.2066078186035156,0.36128872632980347,3.339732824937527,0,64347,643,0.0,0,0.0,0.9284264271653543
001015,0.1762274205684662,1.0465983152389526,0.17622743546962738,5.93890680216664,0,64870,648,0.0,0,0.0,0.9641580020680147
001186,0.08719485253095627,0.896657407283783,0.08719485253095627,10.28337546606261,0,64958,649,0.0,0,0.0,0.9966091579861112
000197,0.21094177663326263,0.7579735517501831,0.21094179153442383,3.5932829916564377,0,64893,648,0.0,0,0.0,0.8226449148995536
000811,0.1865452080965042,0.881860613822937,0.1865452229976654,4.727328846335419,0,64887,648,0.0,0,0.0,0.9205465877757353
000601,0.6119277477264404,4.081114292144775,0.6119277477264404,6.669274775180189,0,65118,651,0.0,0,0.0,0.9887232287176724
001040,0.27170896530151367,1.4082143306732178,0.27170899510383606,5.182803499512616,0,64864,648,0.0,0,0.0,0.9640077533143939
000735,0.3065604269504547,1.2117139101028442,0.3065604269504547,3.9526103292473476,0,65141,651,0.0,0,0.0,0.9158974924395161
001029,0.12694555521011353,1.2701845169067383,0.12694555521011353,10.005742342096157,0,64769,647,0.0,0,0.0,0.9911921574519231
000623,0.43416154384613037,1.5724494457244873,0.43416154384613037,3.6218072927292093,0,65213,652,0.0,0,0.0,0.9443033854166667
000436,0.21075089275836945,1.0245846509933472,0.21075090765953064,4.861590691929877,0,64967,649,0.0,0,0.0,0.9613037109375
001242,0.14795711636543274,0.8832488059997559,0.14795710146427155,5.969627664090469,0,64380,643,0.0,0,0.0,0.9827473958333334
000813,0.18095873296260834,1.1906253099441528,0.18095873296260834,6.579540486670918,0,64976,649,0.0,0,0.0,0.8829752604166666
000493,0.3039471209049225,0.823533833026886,0.3039471209049225,2.709464167895491,0,64336,643,0.0,0,0.0,0.8546519559972426
001053,0.5070286989212036,1.4185317754745483,0.5070286989212036,2.7977346814741146,0,64957,649,0.0,0,0.0,0.9147893732244318
000410,0.4726954400539398,1.8139780759811401,0.4726954996585846,3.837519242919233,0,64882,648,0.0,0,0.0,0.9228413899739584
000936,0.3002079725265503,1.069172978401184,0.3002079725265503,3.561440988402221,0,64958,649,0.0,0,0.0,0.9154842601102942
000473,0.2884570360183716,1.5130882263183594,0.2884570360183716,5.2454543914192895,0,64980,649,0.0,0,0.0,0.9881920447716346
000478,0.3306114077568054,0.9803580045700073,0.33061137795448303,2.9652881598799006,0,64363,643,0.0,0,0.0,0.8918685364208633
000458,0.24975235760211945,0.9421836733818054,0.24975235760211945,3.772471589168333,0,64923,649,0.0,0,0.0,0.9320793704710145
000709,0.4256708323955536,1.9190733432769775,0.4256708025932312,4.5083508936619126,0,64913,649,0.0,0,0.0,0.9069542518028846
001307,0.38551777601242065,1.3918378353118896,0.38551774621009827,3.610308083076856,0,65137,651,0.0,0,0.0,0.95233154296875
000781,0.18736498057842255,0.7725843787193298,0.18736498057842255,4.123419308849771,0,64864,648,0.0,0,0.0,0.907958984375
001023,0.40284109115600586,1.1990306377410889,0.40284112095832825,2.9764355607210273,0,64939,649,0.0,0,0.0,0.9323412024456522
001004,0.31607890129089355,0.7534496784210205,0.31607890129089355,2.3837392351842115,0,64834,648,0.0,0,0.0,0.8541796875
000359,0.20763514935970306,1.812644600868225,0.20763514935970306,8.729950619911829,0,65251,652,0.0,0,0.0,0.996533203125
000287,0.4365157186985016,0.5462746024131775,0.436515748500824,1.2514430562684415,0,64883,648,0.0,0,0.0,0.6276041666666666
000482,0.29680803418159485,0.9639140963554382,0.29680803418159485,3.2476010934585773,0,64869,648,0.0,0,0.0,0.9290771484375
000941,0.315992534160614,1.42429518699646,0.315992534160614,4.507369741439883,0,64916,649,0.0,0,0.0,0.9776991547131147
000067,0.18443579971790314,0.8925707340240479,0.18443579971790314,4.839465740323982,0,65247,652,0.0,0,0.0,0.9566514756944444
000284,0.29070794582366943,0.6630199551582336,0.2907079756259918,2.2807078262319056,0,64869,648,0.0,0,0.0,0.807275390625
000447,0.21434034407138824,0.9840223789215088,0.21434034407138824,4.5909340268380365,0,64883,648,0.0,0,0.0,0.9555324978298612
000894,0.2302720844745636,1.3481497764587402,0.2302720844745636,5.854594922067768,0,64886,648,0.0,0,0.0,0.9730398995535714
000163,0.2922627031803131,1.3938804864883423,0.2922627031803131,4.769272545968275,0,64820,648,0.0,0,0.0,0.9664362127130682
000059,0.1343328356742859,0.9209394454956055,0.1343328356742859,6.855654024371143,0,64380,643,0.0,0,0.0,0.9826592339409722
001222,0.12126383930444717,0.880561113357544,0.12126384675502777,7.261530430717881,0,65247,652,0.0,0,0.0,0.9665798611111112
000945,0.34137478470802307,1.8189361095428467,0.3413747549057007,5.328267786073691,0,64979,649,0.0,0,0.0,0.9925693609775641
000446,0.17898358404636383,0.9001494646072388,0.17898361384868622,5.029228348066714,0,64983,649,0.0,0,0.0,0.9691288389008621
000193,0.24921520054340363,1.031296730041504,0.249215230345726,4.1381769830472575,0,64766,647,0.0,0,0.0,0.9346880231584821
000746,0.47314533591270447,2.18215274810791,0.47314536571502686,4.612013360439866,0,64642,646,0.0,0,0.0,0.9500229779411765
000733,0.14621993899345398,1.7707030773162842,0.14621993899345398,12.109860594289781,0,64733,647,0.0,0,0.0,0.9910828637295082
000621,0.3014557957649231,1.2434148788452148,0.3014557957649231,4.124700524301204,0,64892,648,0.0,0,0.0,0.8838588169642857
001131,0.11116772890090942,1.0165165662765503,0.11116772890090942,9.143989684116274,0,64380,643,0.0,0,0.0,0.9992336697048612
000085,0.1042822077870369,0.8613699078559875,0.1042822003364563,8.259989768885408,0,65247,652,0.0,0,0.0,0.9922960069444444
000064,0.28870490193367004,0.3571597635746002,0.28870487213134766,1.237110274370807,0,65332,653,0.0,0,0.0,0.7427300347222222
000312,0.4342671036720276,1.3547580242156982,0.43426713347435,3.119642081538545,0,64923,649,0.0,0,0.0,0.9126118093297102
000213,0.16570653021335602,2.373126983642578,0.1657065451145172,14.321262820382545,0,64731,647,0.0,0,0.0,0.9954194568452381
001297,0.5189462304115295,3.0920803546905518,0.5189462304115295,5.958382918088645,0,64869,648,0.0,0,0.0,0.9836029052734375
001039,0.12492597848176956,1.0267815589904785,0.12492598593235016,8.219119115429681,0,64948,649,0.0,0,0.0,0.981201171875
000066,0.17223216593265533,0.46037641167640686,0.17223218083381653,2.6729987941139473,0,65298,652,0.0,0,0.0,0.8626302083333334
000002,0.22378824651241302,1.1645265817642212,0.22378823161125183,5.2036989317076765,0,65247,652,0.0,0,0.0,0.988037109375
000843,0.1365610957145691,1.2671998739242554,0.13656112551689148,9.279360206851203,0,64838,648,0.0,0,0.0,0.974664306640625
000659,0.49764254689216614,2.0468499660491943,0.49764254689216614,4.113092778806803,0,64840,648,0.0,0,0.0,0.9016177528782895
000298,0.13016575574874878,0.9859069585800171,0.13016575574874878,7.57424218765383,0,64351,643,0.0,0,0.0,0.9834082818800404
000227,0.13951891660690308,0.8003066182136536,0.13951893150806427,5.736186548758047,0,64668,646,0.0,0,0.0,0.9128383091517858
000951,0.5515131950378418,2.0752451419830322,0.5515132546424866,3.7628200673586547,0,64894,648,0.0,0,0.0,0.9454238623903509
000299,0.14132530987262726,1.0884817838668823,0.14132530987262726,7.701959294113008,0,64946,649,0.0,0,0.0,0.9816835702183735
000937,0.5883368849754333,1.8991913795471191,0.5883368849754333,3.2280678435220356,0,64899,648,0.0,0,0.0,0.8890706380208333
000547,0.32592353224754333,2.0261731147766113,0.3259235620498657,6.216712599829191,0,65091,650,0.0,0,0.0,0.9895920973557693
000948,0.49061769247055054,1.330454707145691,0.49061769247055054,2.7117952074782785,0,64936,649,0.0,0,0.0,0.907691811615566
000859,0.30473706126213074,0.5943833589553833,0.30473703145980835,1.9504795859828945,0,64786,647,0.0,0,0.0,0.8215119735054348
000058,0.17792846262454987,0.9176762104034424,0.17792847752571106,5.1575566944916735,0,65247,652,0.0,0,0.0,0.9800347222222222
000422,0.49119266867637634,1.21538245677948,0.49119263887405396,2.4743498997978968,0,65216,652,0.0,0,0.0,0.8953450520833334
001140,0.16031768918037415,0.8527185916900635,0.16031768918037415,5.318930157050018,0,65247,652,0.0,0,0.0,0.9396158854166666
000873,0.3173227906227112,1.0904197692871094,0.31732282042503357,3.4363105931888605,0,64794,647,0.0,0,0.0,0.9526711488381411
001249,0.2979082763195038,2.0180652141571045,0.29790830612182617,6.77411529885924,0,64936,649,0.0,0,0.0,0.9772752331149194
000822,0.08563513308763504,1.1080483198165894,0.08563513308763504,12.939179047957616,0,64840,648,0.0,0,0.0,0.979113127055921
000745,0.5504456758499146,2.429213523864746,0.5504456758499146,4.41317577817997,0,64702,647,0.0,0,0.0,0.92730712890625
000609,0.400296151638031,2.154048442840576,0.400296151638031,5.381137025739835,0,65172,651,0.0,0,0.0,0.9742780412946429
000881,0.10681493580341339,1.4519888162612915,0.10681493580341339,13.593499872841674,0,64768,647,0.0,0,0.0,0.9928701895254629
001271,0.30077725648880005,1.2096983194351196,0.30077722668647766,4.021907950817292,0,64869,648,0.0,0,0.0,0.92232666015625
000851,0.06923384219408035,1.2061083316802979,0.06923384964466095,17.420789655213234,0,64766,647,0.0,0,0.0,0.9915132068452381
000848,0.0939021110534668,1.3313392400741577,0.0939021185040474,14.177946794850788,0,64808,648,0.0,0,0.0,0.9852992466517857
001016,0.34752750396728516,0.43792724609375,0.34752756357192993,1.2601223384777924,0,64768,647,0.0,0,0.0,0.6982024436773255
001100,0.43233442306518555,1.9171502590179443,0.43233442306518555,4.434415019339981,0,64766,647,0.0,0,0.0,0.9746623211596386
000004,0.258045494556427,0.9267726540565491,0.2580455243587494,3.5915083447372553,0,65247,652,0.0,0,0.0,0.8910590277777778
001208,0.17536303400993347,0.6650373935699463,0.17536301910877228,3.792346852545029,0,65247,652,0.0,0,0.0,0.9455023871527778
000099,0.22156865894794464,0.4969106912612915,0.22156864404678345,2.2426941023133695,0,64890,648,0.0,0,0.0,0.7908365885416667
000073,0.1438361555337906,0.9589194059371948,0.1438361555337906,6.666748025755746,0,65247,652,0.0,0,0.0,0.9762369791666666
000049,0.16168665885925293,0.9135907292366028,0.16168664395809174,5.6503784534819115,0,65247,652,0.0,0,0.0,0.9682888454861112
000158,0.1866002380847931,1.5284645557403564,0.18660025298595428,8.191117274934276,0,64794,647,0.0,0,0.0,0.9893798828125
001279,0.2753410041332245,2.522386074066162,0.2753410041332245,9.16095327685265,0,65065,650,0.0,0,0.0,0.996435546875
000063,0.2195654958486557,0.8728339672088623,0.2195655107498169,3.975278103688196,0,65247,652,0.0,0,0.0,0.891845703125
001181,0.21068845689296722,0.9413914084434509,0.21068847179412842,4.46816762410864,0,65247,652,0.0,0,0.0,0.9298231336805556
000515,0.6030300855636597,1.0177874565124512,0.6030300855636597,1.6877888531234932,0,64355,643,0.0,0,0.0,0.6423526210639313
001054,0.49614158272743225,2.805622100830078,0.49614158272743225,5.654881990351969,0,64838,648,0.0,0,0.0,0.996201913568038
000844,0.06713531166315079,0.9146665930747986,0.06713531166315079,13.624225022803321,0,64852,648,0.0,0,0.0,0.9807373046875
001177,0.22239291667938232,0.8978074193000793,0.2223929464817047,4.037031900082937,0,64669,646,0.0,0,0.0,0.9521213107638888
000934,0.16062216460704803,1.1414085626602173,0.16062216460704803,7.106170966208811,0,64949,649,0.0,0,0.0,0.9661656821646342
000663,0.4977465569972992,1.8742475509643555,0.4977465271949768,3.765465851718895,0,64854,648,0.0,0,0.0,0.7912661903782895
000841,0.16112206876277924,1.2164758443832397,0.16112208366394043,7.550025525492198,0,64838,648,0.0,0,0.0,0.97181396484375
000205,0.18977925181388855,1.2426209449768066,0.18977928161621094,6.547716559965427,0,64829,648,0.0,0,0.0,0.9529378255208333
000911,0.12365972250699997,1.4972879886627197,0.12365972995758057,12.108129212123783,0,64939,649,0.0,0,0.0,0.977490234375
000211,0.21578548848628998,1.8914071321487427,0.21578548848628998,8.765219317650798,0,64732,647,0.0,0,0.0,0.9804608744959677
000267,0.27007269859313965,1.4835946559906006,0.27007269859313965,5.493315924634104,0,64337,643,0.0,0,0.0,0.9744233630952381
000379,0.1488928496837616,1.5534663200378418,0.1488928496837616,10.433451460814268,0,65251,652,0.0,0,0.0,0.996728515625
000168,0.17921636998653412,1.1105904579162598,0.17921636998653412,6.1969253031947185,0,64849,648,0.0,0,0.0,0.9446649966032609
000301,0.36426934599876404,0.886890709400177,0.36426931619644165,2.434711544361585,0,64961,649,0.0,0,0.0,0.8603740985576923
001061,0.4169624149799347,1.2315670251846313,0.41696232557296753,2.9536649947744733,0,64886,648,0.0,0,0.0,0.8902839781746031
001299,0.3838265836238861,2.123424530029297,0.3838265538215637,5.532250202304792,0,64911,649,0.0,0,0.0,0.9949555732834507
000818,0.09511134028434753,1.087626338005066,0.09511134028434753,11.435296093541186,0,65182,651,0.0,0,0.0,0.9824490017361112
001070,0.14077836275100708,1.3208705186843872,0.14077836275100708,9.382624523205987,0,64914,649,0.0,0,0.0,0.9804820667613636
001305,0.32556790113449097,2.179567575454712,0.32556790113449097,6.694663595089309,0,65155,651,0.0,0,0.0,0.98333740234375
001095,0.2707713842391968,1.3996385335922241,0.2707713842391968,5.169078473801342,0,64957,649,0.0,0,0.0,0.9922318892045454
000695,0.39766642451286316,0.9902644157409668,0.39766642451286316,2.490188647316729,0,65149,651,0.0,0,0.0,0.8214164402173914
000375,0.15368473529815674,1.7260011434555054,0.15368473529815674,11.230791009315071,0,64966,649,0.0,0,0.0,0.991015625
000061,0.29218247532844543,0.8134582042694092,0.29218247532844543,2.784075955804646,0,64380,643,0.0,0,0.0,0.8511284722222222
000669,0.3665918707847595,3.021662950515747,0.3665918707847595,8.242580349769632,0,64782,647,0.0,0,0.0,0.988848876953125
000325,0.26147109270095825,1.8047162294387817,0.26147112250328064,6.90216270217809,0,64681,646,0.0,0,0.0,0.9894856770833333
000864,0.1874839812517166,0.724244236946106,0.1874839961528778,3.8629656493749165,4,64859,648,0.006172839506172839,0,0.5,0.9259670091711957
000174,0.28513196110725403,1.025252342224121,0.28513193130493164,3.5957121236192755,0,64816,648,0.0,0,0.0,0.9085591634114584
000347,0.1341792643070221,1.632186770439148,0.1341792792081833,12.164223716739153,0,65251,652,0.0,0,0.0,0.999365234375
000748,0.3534347116947174,2.432486057281494,0.35343465209007263,6.882420959282669,0,64801,648,0.0,0,0.0,0.9790248325892857
000946,0.33029788732528687,1.2867679595947266,0.3302978575229645,3.895780521389734,0,64854,648,0.0,0,0.0,0.9479385767227564
001274,0.26979804039001465,0.894042432308197,0.26979804039001465,3.313746945736845,0,64967,649,0.0,0,0.0,0.8973809603987069
001059,0.2157367318868637,1.1072767972946167,0.2157367318868637,5.132537179043265,0,64949,649,0.0,0,0.0,0.9524755859375
000253,0.13059107959270477,0.9489710330963135,0.13059107959270477,7.266737024121562,0,64964,649,0.0,0,0.0,0.9830699573863636
000679,0.4022063612937927,1.341602087020874,0.40220633149147034,3.3356065829344748,0,64852,648,0.0,0,0.0,0.820941162109375
001041,0.3191872537136078,1.2947009801864624,0.3191872537136078,4.056242738778469,0,64909,649,0.0,0,0.0,0.9447801933913934
000999,0.33926132321357727,2.0239007472991943,0.33926132321357727,5.965610014511072,0,64875,648,0.0,0,0.0,0.9857528895547946
000794,0.1476002186536789,0.7713199853897095,0.1476002186536789,5.225737417093485,0,65213,652,0.0,0,0.0,0.930712890625
000576,0.33635246753692627,2.763302803039551,0.3363524377346039,8.215498069973592,0,65001,650,0.0,0,0.0,0.9942310474537037
001094,0.3153708279132843,1.3251445293426514,0.3153708577156067,4.2018610690326765,0,64859,648,0.0,0,0.0,0.9821481415719697
000635,0.4782332181930542,1.4683692455291748,0.4782331585884094,3.070404507005179,0,64890,648,0.0,0,0.0,0.8904157366071429
000825,0.0826958641409874,1.1559284925460815,0.0826958641409874,13.978068970599908,0,65181,651,0.0,0,0.0,0.9874588815789473
000013,0.4327205419540405,0.9652824401855469,0.43272048234939575,2.230729719436159,0,64958,649,0.0,0,0.0,0.8444146050347222
000627,0.3701232373714447,1.1492040157318115,0.3701232075691223,3.104922880355164,0,64876,648,0.0,0,0.0,0.912548828125
000487,0.3265611529350281,1.0491243600845337,0.3265611231327057,3.212643164686195,0,64924,649,0.0,0,0.0,0.9253643329326923
001201,0.17094463109970093,1.0406967401504517,0.17094464600086212,6.087916553673188,0,65247,652,0.0,0,0.0,0.981689453125
000457,0.2605731785297394,0.9735623002052307,0.2605731785297394,3.736233735561227,0,64409,644,0.0,0,0.0,0.9306354391163794
000916,0.1280568242073059,1.3631988763809204,0.1280568391084671,10.6452641332671,0,64867,648,0.0,0,0.0,0.9913834635416666
000030,0.3443799912929535,0.8333757519721985,0.3443799912929535,2.41993081201768,0,65247,652,0.0,0,0.0,0.8336859809027778
000109,0.17448589205741882,1.2266597747802734,0.17448589205741882,7.030137281108155,0,64874,648,0.0,0,0.0,0.975982666015625
000693,0.29166826605796814,1.1746418476104736,0.29166820645332336,4.027322216206159,0,65163,651,0.0,0,0.0,0.8955502717391305
000183,0.265606552362442,1.0318198204040527,0.26560652256011963,3.8847683801533974,0,64757,647,0.0,0,0.0,0.936489928002451
000467,0.3230343163013458,1.2489207983016968,0.3230343163013458,3.866217102261756,0,64456,644,0.0,0,0.0,0.9604726938100961
001164,0.16108854115009308,0.21972903609275818,0.16108854115009308,1.364026482107298,0,65315,653,0.0,0,0.0,0.6918674045138888
001258,0.2490493655204773,1.9456135034561157,0.2490493804216385,7.812159581213206,0,65001,650,0.0,0,0.0,0.9847683376736112
000970,0.3917180299758911,1.3433754444122314,0.39171797037124634,3.429445534855249,0,64909,649,0.0,0,0.0,0.9451323962602459
000263,0.12864162027835846,1.0094797611236572,0.12864163517951965,7.847224265417073,0,64936,649,0.0,0,0.0,0.9816737021169355
000858,0.2789117395877838,0.852356493473053,0.2789117097854614,3.0560082763419456,0,64805,648,0.0,0,0.0,0.845361328125
000668,0.2716308534145355,3.365110158920288,0.2716308534145355,12.388541716153274,0,64852,648,0.0,0,0.0,0.997705078125
000526,0.35604435205459595,2.7523272037506104,0.35604438185691833,7.730292469146932,0,65125,651,0.0,0,0.0,0.9973292495265151
000736,0.2824520766735077,1.9816088676452637,0.2824520766735077,7.0157348141428155,0,64732,647,0.0,0,0.0,0.9751567225302419
001146,0.1378467082977295,1.0118350982666016,0.1378467082977295,7.340292058923744,0,65247,652,0.0,0,0.0,0.99462890625
000247,0.25426650047302246,1.528037190437317,0.25426650047302246,6.009589102751036,0,64821,648,0.0,0,0.0,0.9741484972895408
000367,0.21163226664066315,1.848901391029358,0.21163226664066315,8.73638703765652,0,65251,652,0.0,0,0.0,0.996826171875
000050,0.22075119614601135,0.8156176805496216,0.22075119614601135,3.6947373096458693,0,65247,652,0.0,0,0.0,0.9319118923611112
000773,0.19163964688777924,1.4649845361709595,0.19163964688777924,7.644475242791636,0,64894,648,0.0,0,0.0,0.9632756159855769
000318,0.2690548896789551,1.0508954524993896,0.2690548896789551,3.9058775469695117,0,64999,649,0.0,0,0.0,0.9379970005580357
001163,0.13785696029663086,0.9070218205451965,0.13785696029663086,6.579441608124328,0,65247,652,0.0,0,0.0,0.9876302083333334
001159,0.2634451687335968,0.9143993854522705,0.2634451985359192,3.470928263388325,0,65247,652,0.0,0,0.0,0.8821072048611112
001306,0.321951687335968,2.076245069503784,0.321951687335968,6.4489336480387776,0,65202,652,0.0,0,0.0,0.9864501953125
001310,0.43257802724838257,1.8464510440826416,0.43257805705070496,4.268480599019863,0,65183,651,0.0,0,0.0,0.9532001201923077
000571,0.4388009309768677,1.8270378112792969,0.43880096077919006,4.16370512962182,0,64869,648,0.0,0,0.0,0.9650848388671875
001031,0.09777624905109406,1.3401297330856323,0.09777624160051346,13.70608760521835,0,64886,648,0.0,0,0.0,0.9933948255565068
000461,0.2876147925853729,1.1609255075454712,0.2876148223876953,4.036389703102929,0,64999,649,0.0,0,0.0,0.9324122837611607
000652,0.4418335258960724,1.444859266281128,0.4418335258960724,3.270144028456967,0,64856,648,0.0,0,0.0,0.9141671316964286
000444,0.23095136880874634,0.976173996925354,0.23095136880874634,4.2267512938350915,0,64256,642,0.0,0,0.0,0.94767853397651
001194,0.2302023023366928,0.8982223868370056,0.230202317237854,3.901882472837696,0,65247,652,0.0,0,0.0,0.9377170138888888
001156,0.11124956607818604,1.670587182044983,0.11124956607818604,15.016572566861939,0,65332,653,0.0,0,0.0,0.9995388454861112
000014,0.2406456470489502,0.9838610887527466,0.2406456470489502,4.088422545007089,0,65247,652,0.0,0,0.0,0.9843207465277778
000250,0.2583184540271759,1.324426293373108,0.2583184838294983,5.127106174280925,0,64821,648,0.0,0,0.0,0.9592608716114458
000134,0.1308562308549881,0.9549970030784607,0.1308562457561493,7.298062064672849,0,64990,649,0.0,0,0.0,0.9343197471217105
001301,0.7140284776687622,2.7158236503601074,0.7140284776687622,3.803522878004843,0,64924,649,0.0,0,0.0,0.947900390625
000768,0.1289389729499817,0.7421474456787109,0.1289389729499817,5.755803917924851,0,64996,649,0.0,0,0.0,0.8777043269230769
000823,0.0859723687171936,0.8976814150810242,0.08597235381603241,10.441512593710346,0,64840,648,0.0,0,0.0,0.9787147923519737
000040,0.32979005575180054,1.0880011320114136,0.3297900855541229,3.2990716812584657,0,65247,652,0.0,0,0.0,0.9321831597222222
000891,0.18702612817287445,1.3289109468460083,0.18702611327171326,7.105483419394779,0,64924,649,0.0,0,0.0,0.9902967087765957
000561,0.2876104414463043,1.1806315183639526,0.2876104712486267,4.104967087040959,0,64936,649,0.0,0,0.0,0.956330330141129
001200,0.16409647464752197,1.2358767986297607,0.16409647464752197,7.531403714092061,0,65281,652,0.0,0,0.0,0.9958767361111112
001233,0.31174466013908386,1.2511513233184814,0.31174468994140625,4.013384553730941,0,65247,652,0.0,0,0.0,0.979248046875
000119,0.3762601613998413,0.5092000365257263,0.3762601613998413,1.353319029661005,0,64844,648,0.0,0,0.0,0.6769157858455882
001324,0.33047449588775635,1.8376164436340332,0.33047452569007874,5.5605388639164355,0,65067,650,0.0,0,0.0,0.9863204956054688
000793,0.09313533455133438,1.0198200941085815,0.09313533455133438,10.949873096192901,0,65332,653,0.0,0,0.0,0.9850423177083333
000293,0.3811424970626831,1.317940592765808,0.3811424672603607,3.4578686606064157,0,64869,648,0.0,0,0.0,0.8795166015625
000143,0.17926053702831268,0.8384900093078613,0.1792605221271515,4.677493958837802,0,64838,648,0.0,0,0.0,0.906854248046875
001011,0.14186303317546844,1.8748513460159302,0.14186303317546844,13.21592598190786,0,64834,648,0.0,0,0.0,0.997236328125
000834,0.21298904716968536,1.7845550775527954,0.21298903226852417,8.378624281943928,0,64782,647,0.0,0,0.0,0.97210693359375
000095,0.3725546598434448,0.5002550482749939,0.3725547194480896,1.3427693226275117,0,65214,652,0.0,0,0.0,0.6700265066964286
000017,0.2152993083000183,1.0534051656723022,0.2152993083000183,4.89274756147562,0,65247,652,0.0,0,0.0,0.9934624565972222
001116,0.1954086869955063,1.0046762228012085,0.1954086571931839,5.141411016442177,0,64958,649,0.0,0,0.0,0.9783664279513888
000653,0.3377499282360077,1.5778021812438965,0.33774998784065247,4.671509217013769,0,64856,648,0.0,0,0.0,0.9656168619791666
000755,0.3295397460460663,1.5777323246002197,0.3295397460460663,4.787684470630347,0,64880,648,0.0,0,0.0,0.8936298076923077
000705,0.23921933770179749,1.7755303382873535,0.23921935260295868,7.422185199348264,0,64786,647,0.0,0,0.0,0.9829541015625
000723,0.10150375962257385,2.6869912147521973,0.10150376707315445,26.471837373441172,0,64780,647,0.0,0,0.0,0.9980686732700893
000738,0.34932294487953186,0.664716362953186,0.34932294487953186,1.902870603539717,0,64716,647,0.0,0,0.0,0.7467498779296875
001266,0.26844513416290283,2.307100534439087,0.2684451639652252,8.594308425455383,0,64936,649,0.0,0,0.0,0.9920811806955645
000364,0.23782514035701752,1.6763440370559692,0.23782514035701752,7.048641008008997,0,64681,646,0.0,0,0.0,0.98525390625
000791,0.08845840394496918,0.7529564499855042,0.08845841139554977,8.51198250236025,0,64890,648,0.0,0,0.0,0.9723307291666666
000048,0.14809869229793549,0.8151311874389648,0.14809869229793549,5.503972889910034,0,64380,643,0.0,0,0.0,0.95050048828125
000228,0.3647984266281128,1.024239182472229,0.3647984266281128,2.8076853070322345,0,64694,646,0.0,0,0.0,0.8287251790364584
000956,0.30650344491004944,1.5117526054382324,0.30650341510772705,4.932253707212023,0,64843,648,0.0,0,0.0,0.9851655505952381
000570,0.5557495951652527,2.0076375007629395,0.5557495355606079,3.6124861512259314,0,64911,649,0.0,0,0.0,0.9290547975352113
000116,0.2954745292663574,1.5829856395721436,0.2954745292663574,5.357435185708177,0,64964,649,0.0,0,0.0,0.9817971622242647
000350,0.34022045135498047,2.2481906414031982,0.34022045135498047,6.60804085248089,0,65251,652,0.0,0,0.0,0.9912109375
000276,0.5008145570755005,1.6321921348571777,0.5008145570755005,3.2590748647330474,0,64821,648,0.0,0,0.0,0.9391865632971939
001022,0.3980444669723511,1.0292463302612305,0.3980444669723511,2.585757159470135,0,64910,649,0.0,0,0.0,0.904248046875
000369,0.13875626027584076,1.661019206047058,0.13875624537467957,11.970770768276807,0,65251,652,0.0,0,0.0,1.0
001225,0.24821016192436218,0.7938695549964905,0.24821019172668457,3.1983761402942554,0,65247,652,0.0,0,0.0,0.9194064670138888
000129,0.34532156586647034,0.9873296022415161,0.34532153606414795,2.8591602293177187,0,65181,651,0.0,0,0.0,0.8654399671052632
000947,0.3332638740539551,1.6113015413284302,0.3332638740539551,4.834912112518869,0,64888,648,0.0,0,0.0,0.9795104069496269
000800,0.11193154752254486,1.0402508974075317,0.11193155497312546,9.293633932426776,0,64874,648,0.0,0,0.0,0.9736175537109375
000154,0.37732988595962524,1.3899439573287964,0.37732988595962524,3.683630714259199,0,64873,648,0.0,0,0.0,0.9059244791666666
001168,0.13688033819198608,0.5046709179878235,0.13688033819198608,3.686949671909639,0,65247,652,0.0,0,0.0,0.935546875
000602,0.7679283022880554,2.841062307357788,0.7679283618927002,3.699644977762599,0,64960,649,0.0,0,0.0,0.9648227033943966
000210,0.262360155582428,1.8142166137695312,0.26236018538475037,6.914984493965761,0,64746,647,0.0,0,0.0,0.9753890498991935
001284,0.2845478951931,1.4590895175933838,0.2845478951931,5.1277466544014185,0,65032,650,0.0,0,0.0,0.9711064877717391
000534,0.27093827724456787,2.1944100856781006,0.2709382474422455,8.099299771789775,0,65181,651,0.0,0,0.0,0.9911466899671053
000814,0.19745199382305145,1.595409631729126,0.19745202362537384,8.079986228736253,0,64828,648,0.0,0,0.0,0.9651963975694444
000846,0.11934246867895126,1.428593635559082,0.11934248358011246,11.97053716918915,0,64822,648,0.0,0,0.0,0.9892752511160714
001132,0.1443857103586197,1.1151840686798096,0.1443857103586197,7.723645684257522,0,65247,652,0.0,0,0.0,0.9903428819444444
000257,0.3987758755683899,0.678841233253479,0.3987758755683899,1.7023126895173928,0,64923,649,0.0,0,0.0,0.7685617640398551
000688,0.42454397678375244,1.5795706510543823,0.42454397678375244,3.7206290453602624,0,64793,647,0.0,0,0.0,0.9639864189680233
001056,0.13162781298160553,1.3428784608840942,0.13162781298160553,10.202087465145047,0,64820,648,0.0,0,0.0,0.9886309649493243
000430,0.25553902983665466,1.4488345384597778,0.25553902983665466,5.669719179046348,0,64463,644,0.0,0,0.0,0.9781494140625
000900,0.22757114470005035,0.8307456970214844,0.22757117450237274,3.650487364395189,0,64915,649,0.0,0,0.0,0.9106178977272728
000471,0.3090248107910156,0.8792535662651062,0.3090248107910156,2.845252340789295,0,64821,648,0.0,0,0.0,0.9119152390813253
000833,0.14984191954135895,1.753787636756897,0.14984193444252014,11.704251171621491,0,65194,651,0.0,0,0.0,0.9878173828125
000171,0.24133245646953583,0.4186698794364929,0.24133244156837463,1.7348263528750436,0,65163,651,0.0,0,0.0,0.7196310292119565
000567,0.32531848549842834,2.425513744354248,0.3253185451030731,7.455811483436194,0,64964,649,0.0,0,0.0,0.9854847301136364
001043,0.21976755559444427,1.2938148975372314,0.21976754069328308,5.887197415304085,0,64886,648,0.0,0,0.0,0.9864095052083334
000798,0.12896546721458435,1.1540144681930542,0.12896546721458435,8.948243999867818,0,64890,648,0.0,0,0.0,0.970458984375
001085,0.3057871162891388,1.8597790002822876,0.3057871162891388,6.081940347427073,0,64956,649,0.0,0,0.0,0.99384765625
000895,0.15283910930156708,1.2280555963516235,0.15283912420272827,8.034955727191363,0,64968,649,0.0,0,0.0,0.9820095486111111
001121,0.13630905747413635,0.8705902099609375,0.13630904257297516,6.386885224396273,0,64958,649,0.0,0,0.0,0.9640977647569444
000979,0.2836764454841614,1.424398422241211,0.2836764454841614,5.021207946292954,0,64929,649,0.0,0,0.0,0.9817277496936274
000363,0.22595393657684326,1.3707197904586792,0.22595393657684326,6.066368266137818,0,65251,652,0.0,0,0.0,0.981591796875
000311,0.3681214451789856,0.4190662205219269,0.3681214153766632,1.13839131063086,0,64965,649,0.0,0,0.0,0.6619403545673077
000229,0.24477531015872955,1.3634358644485474,0.24477528035640717,5.570153417711563,0,64708,647,0.0,0,0.0,0.9570482042100694
000234,0.456949919462204,0.5506036281585693,0.4569498598575592,1.2049541460198805,0,64983,649,0.0,0,0.0,0.5871161099137931
001073,0.11753054708242416,1.2321865558624268,0.11753053963184357,10.483969185559493,0,64768,647,0.0,0,0.0,0.985450922056686
000716,0.525930643081665,1.4507489204406738,0.5259307026863098,2.7584412034335437,0,64768,647,0.0,0,0.0,0.8558213975694444
001005,0.27098843455314636,1.0744255781173706,0.270988404750824,3.964839673141416,0,64948,649,0.0,0,0.0,0.9741018194901315
001119,0.17169350385665894,0.8868287205696106,0.17169350385665894,5.165185057379886,0,65247,652,0.0,0,0.0,0.9504937065972222
001327,0.21603409945964813,2.4485983848571777,0.21603412926197052,11.334312745963958,0,65083,650,0.0,0,0.0,0.996877959280303
000754,0.3453424870967865,2.208836317062378,0.3453424572944641,6.396075172358444,0,65201,652,0.0,0,0.0,0.9663649338942307
000245,0.2770129144191742,1.5097233057022095,0.2770129144191742,5.450010548669604,0,64924,649,0.0,0,0.0,0.9521221454326924
000780,0.228094682097435,0.30960050225257874,0.22809471189975739,1.3573330993690085,0,65200,652,0.0,0,0.0,0.7049386160714286
000277,0.24372564256191254,0.8029236197471619,0.24372567236423492,3.294374416771474,0,64821,648,0.0,0,0.0,0.9080860371492347
001052,0.3569992482662201,2.120988607406616,0.3569992482662201,5.941157068837749,0,64916,649,0.0,0,0.0,0.9939164959016393
000856,0.33901655673980713,0.9057780504226685,0.3390165865421295,2.6717809286599836,0,65178,651,0.0,0,0.0,0.8477450284090909
000871,0.27520039677619934,2.290189504623413,0.27520039677619934,8.321897538853692,0,64817,648,0.0,0,0.0,0.9904206928453947
000531,0.2691834270954132,0.8510847091674805,0.2691834568977356,3.1617273920767452,0,65194,651,0.0,0,0.0,0.92017822265625
000472,0.43922263383865356,1.2887696027755737,0.43922266364097595,2.934205607907847,0,64911,649,0.0,0,0.0,0.92529296875
000083,0.27550309896469116,0.2924831807613373,0.27550312876701355,1.0616328826112293,0,65247,652,0.0,0,0.0,0.6261664496527778
000274,0.5716527104377747,1.702347993850708,0.5716527104377747,2.9779409119691587,0,64992,649,0.0,0,0.0,0.9462959397007042
000147,0.3960416316986084,0.8145603537559509,0.396041601896286,2.0567545173430166,0,64852,648,0.0,0,0.0,0.802490234375
000096,0.39006876945495605,1.2839137315750122,0.39006873965263367,3.2915063450569524,0,64876,648,0.0,0,0.0,0.9189046223958334
000152,0.30673423409461975,0.6559128165245056,0.306734174489975,2.1383754112665487,0,64852,648,0.0,0,0.0,0.798541259765625
001158,0.13208796083927155,0.9123126268386841,0.13208796083927155,6.906856772123332,0,64669,646,0.0,0,0.0,0.9727557146990741
000453,0.25870561599731445,0.9797279238700867,0.25870561599731445,3.7870377111575997,0,64386,643,0.0,0,0.0,0.894939453125
000057,0.16629183292388916,0.9472338557243347,0.16629183292388916,5.696213933476086,0,65247,652,0.0,0,0.0,0.9775119357638888
000411,0.24844911694526672,1.9450918436050415,0.24844913184642792,7.828933951789162,0,65200,652,0.0,0,0.0,0.9806605747767857
000388,0.2704242467880249,1.436099886894226,0.2704242467880249,5.3105440948863185,0,65251,652,0.0,0,0.0,0.98349609375
000082,0.17248466610908508,0.8946372270584106,0.17248468101024628,5.186763379904246,0,65247,652,0.0,0,0.0,0.9261881510416666
000655,0.27229389548301697,1.037109375,0.27229392528533936,3.808786310282917,0,64828,648,0.0,0,0.0,0.8719278971354166
000962,0.2600196897983551,1.5344460010528564,0.2600196897983551,5.90126848563975,0,64944,649,0.0,0,0.0,0.9689893535539216
001086,0.26507753133773804,1.5936359167099,0.26507753133773804,6.011961514306664,0,64975,649,0.0,0,0.0,0.9886800130208333
000539,0.24767440557479858,1.0633623600006104,0.2476743906736374,4.293388416575583,0,65179,651,0.0,0,0.0,0.9620535714285714
000381,0.14903360605239868,1.4915531873703003,0.14903360605239868,10.00816679458112,0,65251,652,0.0,0,0.0,0.997607421875
000527,0.3569524884223938,2.633953809738159,0.3569525182247162,7.379003299480795,0,65183,651,0.0,0,0.0,0.9930635340073529
000309,0.3934411406517029,0.9646053910255432,0.3934411406517029,2.451714605716509,0,64923,649,0.0,0,0.0,0.7942849864130435
000065,0.14650198817253113,0.8649380803108215,0.14650200307369232,5.903933476429991,0,65247,652,0.0,0,0.0,0.9548611111111112
000418,0.43985670804977417,0.9442085027694702,0.43985670804977417,2.1466274936578293,0,64860,648,0.0,0,0.0,0.8327865600585938
000306,0.3921752870082855,1.5237892866134644,0.3921752870082855,3.88548013373742,0,64821,648,0.0,0,0.0,0.8894543015813253
000469,0.23588354885578156,0.8334913849830627,0.23588351905345917,3.5334871564052146,0,64961,649,0.0,0,0.0,0.92294921875
000088,0.21363139152526855,0.903051495552063,0.21363137662410736,4.227148229920443,0,65247,652,0.0,0,0.0,0.9421929253472222
001007,0.48327288031578064,1.5226001739501953,0.483272910118103,3.1506011242759286,0,64881,648,0.0,0,0.0,0.9221534729003906
000690,0.3097546100616455,1.3050870895385742,0.3097546100616455,4.2132935141105525,0,65164,651,0.0,0,0.0,0.9723566228693182
000686,0.2997322082519531,1.7446537017822266,0.2997322380542755,5.820707552539959,0,64766,647,0.0,0,0.0,0.9857235863095238
000428,0.19761496782302856,0.920535683631897,0.19761496782302856,4.6582285429728705,0,64821,648,0.0,0,0.0,0.95751953125
000605,0.3101390600204468,2.774162530899048,0.31013908982276917,8.944898021350225,0,65169,651,0.0,0,0.0,0.9923967633928571
001067,0.1575268656015396,1.2302813529968262,0.1575268656015396,7.8099779888263186,0,64794,647,0.0,0,0.0,0.9750225360576923
001025,0.34209200739860535,1.215271234512329,0.34209197759628296,3.55246926002609,0,64934,649,0.0,0,0.0,0.92431640625
001245,0.08287904411554337,0.8672935962677002,0.08287904411554337,10.464570453522468,0,65247,652,0.0,0,0.0,0.9919162326388888
001045,0.22948558628559113,0.9494590759277344,0.22948560118675232,4.13733615973177,0,64838,648,0.0,0,0.0,0.9609993077531646
000767,0.14634811878204346,1.0436296463012695,0.14634810388088226,7.131145663156083,0,64880,648,0.0,0,0.0,0.9473783052884616
000728,0.19858506321907043,2.1021671295166016,0.19858506321907043,10.585726315163905,0,64750,647,0.0,0,0.0,0.987115268049569
001065,0.46940743923187256,2.1832118034362793,0.46940743923187256,4.650995320842883,0,64888,648,0.0,0,0.0,0.9841818738339553
000540,0.3052464425563812,2.0538508892059326,0.3052464425563812,6.728500656732704,0,65196,651,0.0,0,0.0,0.9897189670138888
000658,0.5052862167358398,1.415557622909546,0.5052861571311951,2.8014969397667535,0,64826,648,0.0,0,0.0,0.8191367701480263
000549,0.5226457118988037,0.7812784314155579,0.5226457118988037,1.4948528489349424,0,65001,650,0.0,0,0.0,0.7285517939814815
000522,0.6639023423194885,1.3821476697921753,0.6639023423194885,2.081853883755462,0,64246,642,0.0,0,0.0,0.8561562380176381
000978,0.20801757276058197,1.34674072265625,0.20801755785942078,6.474168510171548,0,64870,648,0.0,0,0.0,0.9841667624080882
000317,0.24855485558509827,2.1498372554779053,0.24855485558509827,8.64934724536838,0,64821,648,0.0,0,0.0,0.9745417215737951
000117,0.25620517134666443,1.175459384918213,0.25620514154434204,4.58796173188731,0,64830,648,0.0,0,0.0,0.9381893382352942
000184,0.1276058703660965,1.8808703422546387,0.1276058554649353,14.73968679103038,0,64784,647,0.0,0,0.0,0.99481201171875
000631,0.35722851753234863,2.321110248565674,0.35722848773002625,6.497550806529859,0,65213,652,0.0,0,0.0,0.98916015625
000459,0.31692183017730713,1.6395775079727173,0.31692180037498474,5.173445013983748,0,64883,648,0.0,0,0.0,0.9620395236545138
000804,0.17269709706306458,1.1294502019882202,0.17269711196422577,6.540064214983433,0,64846,648,0.0,0,0.0,0.9779129028320312
000819,0.06379701942205429,0.7492738962173462,0.06379702687263489,11.744652265899555,0,64842,648,0.0,0,0.0,0.9759318033854166
001048,0.19872157275676727,0.99615478515625,0.19872157275676727,5.012816531879662,0,64968,649,0.0,0,0.0,0.9749298095703125
000271,0.27681100368499756,1.3049575090408325,0.27681103348731995,4.714253953683568,0,64960,649,0.0,0,0.0,0.9635220231681034
000358,0.2888564169406891,1.5970548391342163,0.2888564169406891,5.528888213905041,0,64966,649,0.0,0,0.0,0.9890869140625
000670,0.4939529001712799,2.462200403213501,0.4939529001712799,4.984686601414273,0,65194,651,0.0,0,0.0,0.95792236328125
000145,0.1991226077079773,3.038405656814575,0.1991226077079773,15.258968792084827,0,65268,652,0.0,0,0.0,0.999853515625
000118,0.26432594656944275,0.5874453186988831,0.26432594656944275,2.222427749992192,0,64858,648,0.0,0,0.0,0.8284983915441176
000239,0.17460376024246216,0.4120580852031708,0.17460376024246216,2.3599611178531865,0,64300,643,0.0,0,0.0,0.8603232563405797
000126,0.540997326374054,1.2540853023529053,0.5409972667694092,2.3180991464924308,0,65196,651,0.0,0,0.0,0.8707275390625
000115,0.12896820902824402,1.2381775379180908,0.12896820902824402,9.600641485584482,0,64845,648,0.0,0,0.0,0.9824588660037878
001171,0.13005632162094116,0.9385524392127991,0.13005633652210236,7.216506817822731,0,65247,652,0.0,0,0.0,0.9874131944444444
000497,0.2880994379520416,0.9448130130767822,0.2880994379520416,3.2794684355963937,0,64358,643,0.0,0,0.0,0.9185838329699613
000847,0.06778411567211151,0.4993389844894409,0.06778411567211151,7.366607641602448,0,64794,647,0.0,0,0.0,0.9804861886160714
000462,0.3622719943523407,0.631503164768219,0.3622719645500183,1.7431742628845583,0,64883,648,0.0,0,0.0,0.7806599934895834
000604,0.45678651332855225,1.72659170627594,0.45678651332855225,3.7798657707611794,0,65169,651,0.0,0,0.0,0.8658621651785714
000223,0.29265663027763367,1.7942469120025635,0.29265663027763367,6.130894455732716,0,65040,650,0.0,0,0.0,0.9732163373161765
000810,0.09820805490016937,0.5509076118469238,0.09820805490016937,5.609597017341739,0,64844,648,0.0,0,0.0,0.9570456112132353
000938,0.6952208876609802,2.26462459564209,0.695220947265625,3.257417090996883,0,64828,648,0.0,0,0.0,0.9632510230654762
000460,0.42979517579078674,0.5418147444725037,0.42979517579078674,1.260634774402971,0,64967,649,0.0,0,0.0,0.673651333512931
001001,0.5224209427833557,1.0182640552520752,0.5224209427833557,1.949125641531454,0,65018,650,0.0,0,0.0,0.7801949637276786
001108,0.21643730998039246,0.3870662450790405,0.21643730998039246,1.7883526879635758,0,65247,652,0.0,0,0.0,0.7648383246527778
000826,0.15335339307785034,0.798252284526825,0.15335337817668915,5.205312683800827,0,64840,648,0.0,0,0.0,0.9217079564144737
001252,0.1946093738079071,2.293017625808716,0.1946093738079071,11.782667920570375,0,65000,650,0.0,0,0.0,0.993133544921875
000981,0.27163153886795044,1.3955310583114624,0.2716315686702728,5.137587892096094,0,64859,648,0.0,0,0.0,0.9826697147253788
000429,0.18687723577022552,1.0447138547897339,0.18687725067138672,5.590374703375775,0,64464,644,0.0,0,0.0,0.9684775216238839
001277,0.5862427353858948,0.74052494764328,0.58624267578125,1.263171342237116,0,64924,649,0.0,0,0.0,0.6523212139423077
001080,0.1855853945016861,1.2657662630081177,0.1855854094028473,6.820397503666568,0,64904,649,0.0,0,0.0,0.9859415690104166
000707,0.2913060486316681,1.8617175817489624,0.2913060486316681,6.390933489001964,0,64800,648,0.0,0,0.0,0.949423828125
000221,0.17544400691986084,2.024453639984131,0.17544399201869965,11.539030870708613,0,64684,646,0.0,0,0.0,0.9944996553308824
000265,0.3842351734638214,1.7054635286331177,0.3842352032661438,4.438592596763742,0,65000,650,0.0,0,0.0,0.9747183663504464
000672,0.30204686522483826,1.6142393350601196,0.30204686522483826,5.3443340120696465,0,64838,648,0.0,0,0.0,0.97044677734375
000752,0.41729819774627686,1.2647300958633423,0.41729816794395447,3.0307588027398262,0,64958,649,0.0,0,0.0,0.8305121527777778
000481,0.2675739824771881,0.9488286972045898,0.2675740420818329,3.5460416482194,0,64221,642,0.0,0,0.0,0.9470977783203125
000384,0.13855129480361938,1.701671838760376,0.13855129480361938,12.281890553042476,0,64396,643,0.0,0,0.0,0.9998046875
000236,0.4205194115638733,0.40943464636802673,0.4205194115638733,0.9736403008017553,0,64936,649,0.0,0,0.0,0.5676072643649194
000125,0.42396390438079834,1.5949779748916626,0.4239639341831207,3.7620605110309957,0,64873,648,0.0,0,0.0,0.9412706163194444
000892,0.22832021117210388,1.187510371208191,0.2283201962709427,5.201074589998153,0,64934,649,0.0,0,0.0,0.9519930752840909
000238,0.2629188299179077,1.7333273887634277,0.2629188895225525,6.592631635981208,0,64821,648,0.0,0,0.0,0.9831837114081325
000639,0.40115606784820557,1.4001798629760742,0.40115606784820557,3.4903619194559754,0,65198,651,0.0,0,0.0,0.910888671875
000914,0.12149469554424286,1.3403927087783813,0.12149469554424286,11.032520413949028,0,64956,649,0.0,0,0.0,0.9945751953125
000432,0.22746878862380981,0.9809587001800537,0.227468803524971,4.312497735859266,0,64336,643,0.0,0,0.0,0.9517221304086538
000489,0.31061363220214844,0.8667513728141785,0.3106136620044708,2.7904483248444585,0,64385,643,0.0,0,0.0,0.8905793476880082
000513,0.3475213646888733,1.0252110958099365,0.3475213348865509,2.950066637332119,0,64209,642,0.0,0,0.0,0.9121123705904908
000114,0.15425142645835876,0.9818457961082458,0.15425144135951996,6.3652293129619375,0,65198,651,0.0,0,0.0,0.9674224853515625
000719,0.11636768281459808,2.193352460861206,0.11636768281459808,18.848467270382518,0,64806,648,0.0,0,0.0,0.9969351632254464
000643,0.3392755687236786,2.1511197090148926,0.3392755389213562,6.340332450296454,0,64915,649,0.0,0,0.0,0.9866409301757812
000994,0.27627772092819214,1.3163154125213623,0.2762777805328369,4.764463540943033,0,64967,649,0.0,0,0.0,0.9888961226851852
000712,0.5838449001312256,2.1511738300323486,0.5838449001312256,3.684495367774641,0,64862,648,0.0,0,0.0,0.9459804318985849
000242,0.4813792407512665,1.8866074085235596,0.4813792407512665,3.919170684592086,0,64283,642,0.0,0,0.0,0.9414845936333955
001207,0.23746967315673828,1.0068087577819824,0.2374696433544159,4.239736681961292,0,64958,649,0.0,0,0.0,0.9528944227430556
000201,0.14882642030715942,1.136234164237976,0.14882643520832062,7.634625949667652,0,64750,647,0.0,0,0.0,0.9636567214439655
001312,0.459974467754364,3.5423569679260254,0.459974467754364,7.701203471619034,0,65000,650,0.0,0,0.0,0.9976457868303571
000524,0.2840292155742645,2.034266471862793,0.2840292155742645,7.162173326957971,0,65194,651,0.0,0,0.0,0.99879150390625
000198,0.22911109030246735,1.3802237510681152,0.22911107540130615,6.024255914518948,0,64780,647,0.0,0,0.0,0.9642769949776786
000543,0.3129875957965851,2.2763800621032715,0.3129875957965851,7.273067983124552,0,65166,651,0.0,0,0.0,0.9943115234375
000028,0.425343781709671,0.8455122709274292,0.4253438115119934,1.9878325440349995,0,65247,652,0.0,0,0.0,0.8205295138888888
001323,0.3904878795146942,2.6985177993774414,0.3904878795146942,6.910631394580571,0,64993,649,0.0,0,0.0,0.9892223011363637
000331,0.23106995224952698,1.8507839441299438,0.23106993734836578,8.009626718942949,0,64396,643,0.0,0,0.0,0.996923828125
000222,0.17954669892787933,1.8912979364395142,0.17954668402671814,10.533739159215395,0,65138,651,0.0,0,0.0,0.9841452205882353
000869,0.2562195062637329,1.1617481708526611,0.2562195360660553,4.534190439534454,0,64899,648,0.0,0,0.0,0.9717254638671875
000692,0.27077382802963257,1.4973132610321045,0.27077388763427734,5.529755007449098,0,64806,648,0.0,0,0.0,0.9584683504971591
000842,0.11793676018714905,1.6197336912155151,0.11793676018714905,13.73391713190379,0,65194,651,0.0,0,0.0,0.9917236328125
000795,0.15030960738658905,0.5065872073173523,0.15030959248542786,3.370291935070376,0,65009,650,0.0,0,0.0,0.8145751953125
001078,0.09453696012496948,1.397350549697876,0.09453696012496948,14.780997271868086,0,64894,648,0.0,0,0.0,0.9965006510416666
000896,0.1747131049633026,0.9404758214950562,0.1747131198644638,5.382971938367557,0,65016,650,0.0,0,0.0,0.9648155799278846
000052,0.22939568758010864,0.6984727382659912,0.22939570248126984,3.044837940340323,0,65247,652,0.0,0,0.0,0.8946126302083334
001256,0.2047305852174759,0.3833698034286499,0.2047305852174759,1.8725575517767108,0,65000,650,0.0,0,0.0,0.8539167131696429
000292,0.22567369043827057,0.9860870242118835,0.22567370533943176,4.3695255622657845,0,64407,644,0.0,0,0.0,0.9610793936965812
000070,0.32045504450798035,1.044323205947876,0.32045504450798035,3.258875851217468,0,65247,652,0.0,0,0.0,0.9196234809027778
000443,0.16947835683822632,1.1081384420394897,0.16947835683822632,6.538524816459313,0,65042,650,0.0,0,0.0,0.9820500300480769
000343,0.16965505480766296,1.515191674232483,0.16965505480766296,8.931014026963403,0,65251,652,0.0,0,0.0,0.9927734375
000504,0.48056238889694214,0.787154495716095,0.48056238889694214,1.6379860636261785,0,64583,645,0.0,0,0.0,0.7426189554148707
000203,0.2389376163482666,1.779892921447754,0.2389376312494278,7.4491946376990645,0,64750,647,0.0,0,0.0,0.977240200700431
000204,0.19271345436573029,1.5599479675292969,0.19271345436573029,8.094650021522826,0,64720,647,0.0,0,0.0,0.97666015625
000943,0.4400237798690796,0.9811277389526367,0.440023809671402,2.229715114019209,0,64769,647,0.0,0,0.0,0.7809401292067307
000886,0.19136762619018555,1.3503795862197876,0.19136764109134674,7.056467741979441,0,64914,649,0.0,0,0.0,0.9619451349431818
000337,0.21302753686904907,1.7119415998458862,0.21302753686904907,8.036245571849427,0,65251,652,0.0,0,0.0,0.996533203125
000146,0.43770885467529297,0.5458123683929443,0.43770885467529297,1.2469758437896947,0,64852,648,0.0,0,0.0,0.618865966796875
000778,0.10987284034490585,0.7268787622451782,0.10987283289432526,6.6156368512340435,0,64864,648,0.0,0,0.0,0.9657854352678571
001051,0.2610265016555786,1.8938764333724976,0.2610265016555786,7.255494830449995,0,64909,649,0.0,0,0.0,0.9948450307377049
000121,0.3101757764816284,0.8740701675415039,0.3101757764816284,2.817983330149815,0,64828,648,0.0,0,0.0,0.8819376627604166
000196,0.12811237573623657,0.998285174369812,0.12811239063739777,7.7922609156151275,0,65158,651,0.0,0,0.0,0.9849679129464286
000647,0.20728985965251923,1.4353015422821045,0.20728985965251923,6.924128101047036,0,64898,648,0.0,0,0.0,0.9791546989889706
001182,0.18011526763439178,0.5582481026649475,0.1801152527332306,3.099393828082794,0,65315,653,0.0,0,0.0,0.8964572482638888
000972,0.42324525117874146,2.333033561706543,0.42324528098106384,5.512249436777356,0,64971,649,0.0,0,0.0,0.9926950555098685
000750,0.392689049243927,0.6263422966003418,0.392689049243927,1.5950083095168672,0,65247,652,0.0,0,0.0,0.6373969184027778
000568,0.35381248593330383,1.9260196685791016,0.3538125455379486,5.4436160980406045,0,64967,649,0.0,0,0.0,0.9879908068426724
000585,0.6222091317176819,2.463257074356079,0.6222090721130371,3.958889679944393,0,64924,649,0.0,0,0.0,0.9747333233173077
000925,0.19181813299655914,0.935545802116394,0.19181814789772034,4.877253859291968,0,64992,649,0.0,0,0.0,0.9177206070696722
001295,0.8347479104995728,2.819068431854248,0.834747850894928,3.3771496732000474,4,65181,651,0.006144393241167435,0,0.0,0.9669896175986842
000280,0.3140553832054138,2.1816980838775635,0.3140553832054138,6.946857785432651,0,64983,649,0.0,0,0.0,0.9976680360991379
000741,0.3710215985774994,1.9686139822006226,0.3710215985774994,5.3059282525554,0,64730,647,0.0,0,0.0,0.9406280517578125
000360,0.22177596390247345,2.6141297817230225,0.22177594900131226,11.78725553196733,0,65334,653,0.0,0,0.0,0.999853515625
000969,0.47219616174697876,1.311182975769043,0.47219613194465637,2.7767761890999987,0,64886,648,0.0,0,0.0,0.8920084635416666
000042,0.22827409207820892,0.8969004154205322,0.22827410697937012,3.929050155047099,0,65247,652,0.0,0,0.0,0.9105631510416666
000087,0.12678612768650055,0.9079193472862244,0.12678612768650055,7.161030657322413,0,65247,652,0.0,0,0.0,0.9849446614583334
000975,0.31727632880210876,0.7469326853752136,0.31727632880210876,2.3542023705181285,0,64958,649,0.0,0,0.0,0.86676025390625
000877,0.16303040087223053,1.2108409404754639,0.16303038597106934,7.427087492084662,0,65018,650,0.0,0,0.0,0.9749232700892857
000942,0.3967815637588501,1.3753340244293213,0.3967816233634949,3.4662240977056706,0,64964,649,0.0,0,0.0,0.9717864990234375
000998,0.2959093153476715,1.3072518110275269,0.2959093451499939,4.4177442600364385,0,64936,649,0.0,0,0.0,0.9581321860259434
000356,0.3083171844482422,1.1261566877365112,0.3083171546459198,3.6525917250041493,0,65251,652,0.0,0,0.0,0.94375
000697,0.420886367559433,1.4283421039581299,0.42088639736175537,3.393652332105326,0,64776,647,0.0,0,0.0,0.9368843410326086
000403,0.3130382299423218,1.000934362411499,0.3130382299423218,3.197482820535767,0,65201,652,0.0,0,0.0,0.8965219350961539
000208,0.14403590559959412,1.0227409601211548,0.14403589069843292,7.100598018742852,0,65127,651,0.0,0,0.0,0.9667259954637096
000514,0.46089839935302734,1.149962306022644,0.46089839935302734,2.495045128464039,0,64911,649,0.0,0,0.0,0.8476218639964789
000401,0.2941132187843323,1.7541917562484741,0.2941131591796875,5.964342979896239,0,64965,649,0.0,0,0.0,0.9754322193287037
000248,0.3234449625015259,0.9382382035255432,0.3234449625015259,2.900766165189903,0,64951,649,0.0,0,0.0,0.8807820638020833
000758,0.5456542372703552,2.2459893226623535,0.545654296875,4.116139716163311,0,64894,648,0.0,0,0.0,0.8762019230769231
001192,0.17930462956428528,1.0163682699203491,0.17930464446544647,5.668387859948669,0,65247,652,0.0,0,0.0,0.9950358072916666
001282,0.5574220418930054,2.0811407566070557,0.5574220418930054,3.7335099802288068,0,65153,651,0.0,0,0.0,0.9563245271381579
000876,0.136587992310524,1.301099181175232,0.136587992310524,9.525721545253164,0,64938,649,0.0,0,0.0,0.9908489358836207
000764,0.3816375732421875,2.5187463760375977,0.3816375732421875,6.599838571028747,0,64991,649,0.0,0,0.0,0.9653756277901786
000445,0.20543214678764343,1.0990281105041504,0.20543214678764343,5.3498351046305475,0,64949,649,0.0,0,0.0,0.9694303919057377
000865,0.15310285985469818,1.0893869400024414,0.15310285985469818,7.115392495191278,0,65247,652,0.0,0,0.0,0.8957926432291666
000564,0.31707122921943665,1.8072099685668945,0.31707125902175903,5.699696573390383,0,64821,648,0.0,0,0.0,0.9545001594387755
000149,0.3685727119445801,0.520824670791626,0.3685727119445801,1.413085271678873,0,64838,648,0.0,0,0.0,0.677020263671875
000584,0.5267415642738342,1.8680542707443237,0.5267415046691895,3.5464345493669076,0,64964,649,0.0,0,0.0,0.9600941051136364
001019,0.2520579993724823,1.7314317226409912,0.2520579993724823,6.869179819531707,0,65084,650,0.0,0,0.0,0.994763826069079
001017,0.3734219968318939,1.7204333543777466,0.37342196702957153,4.607209822344234,0,64820,648,0.0,0,0.0,0.9867735166807432
000308,0.4254530072212219,0.46977031230926514,0.4254530370235443,1.104164905240219,0,64821,648,0.0,0,0.0,0.5479956937123494
001318,0.25959527492523193,1.6665602922439575,0.25959527492523193,6.419840625850977,0,65061,650,0.0,0,0.0,0.972412109375
000018,0.14643441140651703,0.8752796649932861,0.14643442630767822,5.977280664549517,0,65247,652,0.0,0,0.0,0.9816080729166666
000056,0.17376402020454407,0.867316722869873,0.17376402020454407,4.9913481620011,0,65247,652,0.0,0,0.0,0.9757758246527778
000232,0.4079173803329468,2.236844062805176,0.40791741013526917,5.483570956344859,0,64999,649,0.0,0,0.0,0.9843488420758929
000777,0.09390418231487274,0.7170112133026123,0.09390418231487274,7.635562076440663,0,64892,648,0.0,0,0.0,0.97601318359375
000328,0.2048529088497162,1.5194077491760254,0.2048529088497162,7.417066995571395,0,65251,652,0.0,0,0.0,0.9904296875
001217,0.08342215418815613,0.960174560546875,0.08342215418815613,11.509826974513635,0,64958,649,0.0,0,0.0,0.9999321831597222
001219,0.13180164992809296,0.8581034541130066,0.13180163502693176,6.510567596051942,0,64958,649,0.0,0,0.0,0.9777289496527778
000577,0.35936546325683594,1.1571071147918701,0.35936546325683594,3.2198617649712595,0,64961,649,0.0,0,0.0,0.9355055588942308
000383,0.14080040156841278,1.8252270221710205,0.14080040156841278,12.963223128906847,0,65251,652,0.0,0,0.0,0.99794921875
001276,0.20110005140304565,3.3560547828674316,0.20110005140304565,16.68848296881442,0,64967,649,0.0,0,0.0,0.9992465315193966
000929,0.21787771582603455,1.045920968055725,0.21787771582603455,4.800495379210077,0,64925,649,0.0,0,0.0,0.9326282848011364
000354,0.2474742829799652,2.0356674194335938,0.24747426807880402,8.22577407839982,0,65251,652,0.0,0,0.0,0.998486328125
000029,0.4145881235599518,1.0268956422805786,0.4145880937576294,2.476905771637783,0,65281,652,0.0,0,0.0,0.8787163628472222
001118,0.17651306092739105,0.9479576945304871,0.17651304602622986,5.370468165789969,0,65247,652,0.0,0,0.0,0.9509006076388888
000006,0.2674194872379303,0.9435770511627197,0.2674194574356079,3.5284532405048505,0,65247,652,0.0,0,0.0,0.9163411458333334
000105,0.2347586750984192,0.9189779162406921,0.234758660197258,3.914564495590974,0,64890,648,0.0,0,0.0,0.9392613002232143
000486,0.2834118902683258,0.900790810585022,0.2834118902683258,3.178380447384125,0,64869,648,0.0,0,0.0,0.87757568359375
000074,0.15060624480247498,0.33687224984169006,0.15060624480247498,2.236774778386574,0,65281,652,0.0,0,0.0,0.8247341579861112
000275,0.27164092659950256,1.2946254014968872,0.27164095640182495,4.76594331961419,0,64821,648,0.0,0,0.0,0.9560517460466867
001189,0.11902377754449844,0.820005476474762,0.11902377754449844,6.88942573821599,0,65247,652,0.0,0,0.0,0.9692111545138888
000612,0.4572092592716217,1.6515201330184937,0.4572092592716217,3.612175605650515,0,65156,651,0.0,0,0.0,0.8744303385416666
000008,0.4991304874420166,0.6913716197013855,0.4991304874420166,1.3851520536134379,0,64669,646,0.0,0,0.0,0.7127097800925926
001093,0.3358447849750519,2.491976022720337,0.3358447551727295,7.420023639906718,0,64915,649,0.0,0,0.0,0.9998313210227273
000034,0.21062010526657104,0.7724894285202026,0.21062010526657104,3.6676908291471153,0,65247,652,0.0,0,0.0,0.9309895833333334
000949,0.371058851480484,1.3437751531600952,0.3710588216781616,3.621461274206332,0,65075,650,0.0,0,0.0,0.903424072265625
000039,0.4319744408130646,0.22363805770874023,0.4319744408130646,0.5177113194192867,0,65298,652,0.0,0,0.0,0.4314236111111111
001138,0.07709473371505737,1.0249816179275513,0.07709473371505737,13.295092524943271,0,64958,649,0.0,0,0.0,1.0
000677,0.37417173385620117,1.5370372533798218,0.37417173385620117,4.107839033000083,0,64838,648,0.0,0,0.0,0.917431640625
001198,0.15012523531913757,0.8659312129020691,0.15012526512145996,5.768057842905264,0,64669,646,0.0,0,0.0,0.9767614293981481
000696,0.36757782101631165,1.8580362796783447,0.36757782101631165,5.054810637217125,0,64776,647,0.0,0,0.0,0.9757557744565217
001230,0.17789775133132935,0.9010963439941406,0.17789775133132935,5.065248645644065,0,64676,646,0.0,0,0.0,0.9566605179398148
000590,0.6068982481956482,2.107701063156128,0.606898307800293,3.472906475543662,0,64869,648,0.0,0,0.0,0.949151611328125
001243,0.07164948433637619,0.9274234771728516,0.0716494768857956,12.943897394409476,0,65179,651,0.0,0,0.0,0.9959038628472222
000323,0.29431235790252686,1.1078686714172363,0.29431235790252686,3.764261478222232,0,64488,644,0.0,0,0.0,0.945588142641129
001032,0.11282635480165482,1.3445855379104614,0.11282635480165482,11.917300175780744,0,64762,647,0.0,0,0.0,0.9854653098366477
000488,0.25668245553970337,0.9364085793495178,0.25668245553970337,3.6481206998764866,0,65032,650,0.0,0,0.0,0.9589578379755435
000413,0.5101417303085327,1.6489166021347046,0.5101417303085327,3.232271551549886,0,64865,648,0.0,0,0.0,0.9142477101293104
000700,0.20539575815200806,3.3873653411865234,0.20539577305316925,16.491894116582728,0,64816,648,0.0,0,0.0,0.994781494140625
000854,0.2742208242416382,1.266603946685791,0.27422085404396057,4.61891912306108,0,65178,651,0.0,0,0.0,0.9626353870738636
000217,0.19124598801136017,1.4110586643218994,0.19124598801136017,7.378239297956313,0,64730,647,0.0,0,0.0,0.9767951965332031
000101,0.3562854528427124,0.4467846751213074,0.3562854528427124,1.2540076266278186,0,64890,648,0.0,0,0.0,0.6521484375
000518,0.3692851662635803,0.8932845592498779,0.3692851662635803,2.4189559745605616,0,64335,643,0.0,0,0.0,0.8035765655281008
000578,0.3336680233478546,0.8914613127708435,0.3336680233478546,2.671701363008585,0,64869,648,0.0,0,0.0,0.8593841552734375
000950,0.5171269178390503,2.6316025257110596,0.5171269178390503,5.088891014816821,0,64949,649,0.0,0,0.0,0.9988090701219512
000031,0.2153785675764084,0.9138901829719543,0.2153785526752472,4.24318100210256,0,64958,649,0.0,0,0.0,0.9292805989583334
000888,0.2559375762939453,0.8864240050315857,0.2559376060962677,3.4634379001660602,0,64957,649,0.0,0,0.0,0.8954745205965909
000256,0.39850515127182007,1.4022481441497803,0.39850518107414246,3.5187701709928083,0,64407,644,0.0,0,0.0,0.8963977444556451
000419,0.2961593568325043,1.2694276571273804,0.29615938663482666,4.286298913404432,0,64928,649,0.0,0,0.0,0.8577991832386364
000035,0.29000043869018555,1.4748154878616333,0.29000043869018555,5.085562954741645,0,65247,652,0.0,0,0.0,0.9701605902777778
000872,0.24346475303173065,1.4859224557876587,0.24346475303173065,6.103234399576513,0,64838,648,0.0,0,0.0,0.9894957723496836
001147,0.12949275970458984,0.9535368084907532,0.12949275970458984,7.363630296134273,0,65247,652,0.0,0,0.0,0.9879014756944444
001033,0.20500065386295319,1.0917763710021973,0.20500066876411438,5.325721021224854,0,64983,649,0.0,0,0.0,0.9850027901785714
000991,0.2661813497543335,1.2343270778656006,0.2661813795566559,4.637165379191664,0,64924,649,0.0,0,0.0,0.9821205950797872
001113,0.08782031387090683,0.8643428087234497,0.08782031387090683,9.842173987148431,0,65247,652,0.0,0,0.0,0.9841851128472222
000884,0.21508176624774933,0.9365927577018738,0.21508175134658813,4.35458960064271,0,64983,649,0.0,0,0.0,0.9231863839285714
001292,0.5569374561309814,2.46748685836792,0.5569374561309814,4.430455935769586,0,65202,652,0.0,0,0.0,0.98931884765625
000235,0.38208603858947754,1.455479621887207,0.38208603858947754,3.80929810275274,0,64869,648,0.0,0,0.0,0.9313507080078125
000185,0.13825827836990356,1.6599122285842896,0.13825827836990356,12.005879489857902,0,64770,647,0.0,0,0.0,0.9878446138822116
000404,0.34546032547950745,1.7204793691635132,0.34546035528182983,4.980251258526987,0,64874,648,0.0,0,0.0,0.9765548706054688
001071,0.12589561939239502,1.2270904779434204,0.12589560449123383,9.746888963298662,0,64924,649,0.0,0,0.0,0.9886968085106383
000340,0.13889864087104797,1.7232849597930908,0.13889864087104797,12.406780577449785,0,65251,652,0.0,0,0.0,1.0
000387,0.3057635724544525,1.6540825366973877,0.3057636022567749,5.409677687236031,0,65283,652,0.0,0,0.0,0.972412109375
000990,0.2726426124572754,1.2665261030197144,0.2726425528526306,4.645372080653528,0,64924,649,0.0,0,0.0,0.9808583361037234
000254,0.24221418797969818,0.8220136761665344,0.24221418797969818,3.3937470097145326,0,64323,643,0.0,0,0.0,0.9007913138120229
000953,0.3799835741519928,1.1457767486572266,0.3799836039543152,3.0153320741570244,0,64768,647,0.0,0,0.0,0.7936472338299418
000770,0.20844286680221558,1.1651942729949951,0.20844286680221558,5.589993511750195,0,65215,652,0.0,0,0.0,0.9362605168269231
000241,0.41605886816978455,0.9102854132652283,0.41605886816978455,2.187876483127288,0,64390,643,0.0,0,0.0,0.8015637520032052
000559,0.25536254048347473,2.64556884765625,0.25536254048347473,10.360050627031777,0,65052,650,0.0,0,0.0,0.99951171875
000357,0.2459506392478943,2.0879571437835693,0.2459506392478943,8.489334080075766,0,65251,652,0.0,0,0.0,0.99931640625
000905,0.13578420877456665,1.3889436721801758,0.13578422367572784,10.22905043443907,0,64844,648,0.0,0,0.0,0.9884928385416667
000068,0.12669584155082703,0.7702085971832275,0.12669582664966583,6.079194694494375,0,64958,649,0.0,0,0.0,0.9820014105902778
000097,0.24108421802520752,1.1046503782272339,0.24108421802520752,4.582010333466676,0,64876,648,0.0,0,0.0,0.9431640625
000108,0.3161109387874603,0.8558379411697388,0.3161109387874603,2.7073974233620817,0,65212,652,0.0,0,0.0,0.7679901123046875
000618,0.37893733382225037,1.510555386543274,0.37893733382225037,3.986293383411612,0,65169,651,0.0,0,0.0,0.8665248325892857
000982,0.3558492362499237,1.661344051361084,0.3558492064476013,4.668674318389175,0,64768,647,0.0,0,0.0,0.9637632016782407
000743,0.35703203082084656,1.7234301567077637,0.35703206062316895,4.827101951851785,0,64700,647,0.0,0,0.0,0.928048798532197
000279,0.2634820342063904,1.35671865940094,0.2634820342063904,5.149188495858495,0,64960,649,0.0,0,0.0,0.9702653556034483
000824,0.11122366786003113,1.0715394020080566,0.11122366040945053,9.63409582154886,0,64826,648,0.0,0,0.0,0.9703304893092105
001058,0.21229077875614166,1.3380842208862305,0.21229076385498047,6.303073184099047,0,64909,649,0.0,0,0.0,0.9838627049180327
000681,0.3732996881008148,1.4937595129013062,0.37329962849617004,4.001502811344565,0,64873,648,0.0,0,0.0,0.9429582868303571
001196,0.1911754012107849,0.8952617645263672,0.19117538630962372,4.682934251151033,0,65247,652,0.0,0,0.0,0.9756673177083334
001275,0.37189123034477234,3.453339099884033,0.3718912899494171,9.285883249252059,0,65001,650,0.0,0,0.0,0.9911928530092593
000760,0.3381429612636566,2.4414265155792236,0.338142991065979,7.220100904303081,0,64968,649,0.0,0,0.0,0.9856144831730769
000089,0.32660922408103943,0.8827187418937683,0.32660919427871704,2.7026757279235887,0,64958,649,0.0,0,0.0,0.8706461588541666
000054,0.22210562229156494,0.8508520722389221,0.22210560739040375,3.8308446249326162,0,64669,646,0.0,0,0.0,0.9145055700231481
000624,0.28147953748703003,2.2201805114746094,0.28147950768470764,7.887538704812181,0,64876,648,0.0,0,0.0,0.9810953776041667
000987,0.31328845024108887,1.1029677391052246,0.3132884204387665,3.5206144470979712,0,65016,650,0.0,0,0.0,0.9561673677884616
001179,0.20640829205513,0.4204555153846741,0.20640829205513,2.037008839123448,0,65247,652,0.0,0,0.0,0.8060167100694444
000338,0.2143324762582779,1.3734005689620972,0.2143324613571167,6.407804773322521,0,65251,652,0.0,0,0.0,0.988720703125
000206,0.2388674020767212,1.7380534410476685,0.23886741697788239,7.276226548757804,0,64748,647,0.0,0,0.0,0.965673828125
000177,0.24371427297592163,2.107557535171509,0.24371427297592163,8.647657395837996,0,64772,647,0.0,0,0.0,0.9853369140625
000565,0.3070175349712372,1.6168663501739502,0.3070175051689148,5.266365347097662,0,64924,649,0.0,0,0.0,0.9649038461538462
001134,0.1637197732925415,0.27221521735191345,0.1637197881937027,1.6626897722946352,0,65315,653,0.0,0,0.0,0.674560546875
000130,0.1638878732919693,0.9157846570014954,0.1638878732919693,5.587873212376171,0,64812,648,0.0,0,0.0,0.954833984375
000952,0.6048888564109802,1.6144425868988037,0.6048887968063354,2.668990722629787,0,64949,649,0.0,0,0.0,0.9310546875
001082,0.13049060106277466,1.094568133354187,0.13049058616161346,8.388100364562368,0,64868,648,0.0,0,0.0,0.9741062071265244
000136,0.3917072117328644,1.6417362689971924,0.3917072117328644,4.191233196178221,0,64826,648,0.0,0,0.0,0.879285310444079
000551,0.45725762844085693,1.564347505569458,0.4572576582431793,3.42115102364782,0,65000,650,0.0,0,0.0,0.942108154296875
000288,0.1832684427499771,1.141330361366272,0.1832684427499771,6.227642600332045,0,64960,649,0.0,0,0.0,0.9529692551185345
000619,0.14510495960712433,1.625069499015808,0.14510497450828552,11.199268009402505,0,65214,652,0.0,0,0.0,0.9927106584821429
000852,0.09512678533792496,1.4075194597244263,0.09512678533792496,14.79624749984355,0,64766,647,0.0,0,0.0,0.9914725167410714
001165,0.10908143222332001,0.8731657266616821,0.1090814396739006,8.00471399416816,0,65247,652,0.0,0,0.0,0.9987521701388888
000321,0.45975184440612793,1.8759489059448242,0.45975184440612793,4.080351017118878,0,64419,644,0.0,0,0.0,0.9739512567934783
001231,0.1929481029510498,0.7834110260009766,0.1929481476545334,4.0602153248117485,0,65247,652,0.0,0,0.0,0.9188096788194444
000501,0.27996718883514404,1.1551042795181274,0.27996715903282166,4.125856345110499,0,64427,644,0.0,0,0.0,0.9616677613384956
000393,0.16650134325027466,1.738958716392517,0.16650131344795227,10.44411410565905,0,65251,652,0.0,0,0.0,0.99853515625
000372,0.13232538104057312,1.7780050039291382,0.13232538104057312,13.436613520001675,0,64966,649,0.0,0,0.0,0.99892578125
000512,0.31609046459198,0.9232222437858582,0.3160904347896576,2.920753500181733,0,64298,642,0.0,0,0.0,0.9140051639441288
000424,0.21311697363853455,1.2403159141540527,0.21311697363853455,5.8198832921573835,0,64252,642,0.0,0,0.0,0.9627642259530141
001211,0.18861959874629974,0.8026123046875,0.18861961364746094,4.25519005774034,0,65247,652,0.0,0,0.0,0.9718153211805556
000977,0.440323144197464,1.2681894302368164,0.440323144197464,2.8801334813963213,0,64925,649,0.0,0,0.0,0.9543900923295454
000580,0.31764551997184753,4.552689552307129,0.31764551997184753,14.332610617995265,0,64967,649,0.0,0,0.0,0.9998568830818966
000626,0.35076844692230225,1.7002789974212646,0.35076841711997986,4.847297859315785,0,64876,648,0.0,0,0.0,0.9672770182291667
000218,0.194911390542984,1.6697635650634766,0.194911390542984,8.56678288740258,0,64714,647,0.0,0,0.0,0.9706291429924242
000451,0.21274015307426453,0.7505396604537964,0.21274015307426453,3.527964277584184,0,64502,645,0.0,0,0.0,0.9029097945601852
000566,0.2827010154724121,2.671035051345825,0.2827010154724121,9.448268329996441,0,65000,650,0.0,0,0.0,0.993133544921875
000165,0.19625253975391388,0.9535366892814636,0.19625255465507507,4.858722430173498,0,64806,648,0.0,0,0.0,0.9463778409090909
000964,0.3754694163799286,1.3443763256072998,0.3754693865776062,3.58052180461703,0,64894,648,0.0,0,0.0,0.9514200846354167
000407,0.4525020718574524,1.2465890645980835,0.4525020718574524,2.7548803466932745,0,64952,649,0.0,0,0.0,0.9100623497596154
000517,0.5871706008911133,0.6542105674743652,0.5871706008911133,1.114174596755201,0,64967,649,0.0,0,0.0,0.6199656519396551
000572,0.21864952147006989,2.5030713081359863,0.21864955127239227,11.447868488957818,0,65001,650,0.0,0,0.0,0.9963333695023148
001027,0.09062253683805466,1.3557779788970947,0.09062254428863525,14.960714130679284,0,64936,649,0.0,0,0.0,0.993629311615566
001106,0.1759723573923111,0.8075704574584961,0.1759723573923111,4.589189287599905,0,65247,652,0.0,0,0.0,0.9286024305555556
000662,0.19795569777488708,1.413776159286499,0.1979556828737259,7.141882156463948,0,64840,648,0.0,0,0.0,0.9722193667763158
000102,0.3035942614078522,0.750446617603302,0.3035942614078522,2.471873526605113,0,65213,652,0.0,0,0.0,0.8841634114583333
000776,0.09314858168363571,0.8701916337013245,0.09314858168363571,9.341974058786976,0,64878,648,0.0,0,0.0,0.9822736467633929
000160,0.5110269784927368,1.114202857017517,0.5110269784927368,2.1803210083033866,0,64766,647,0.0,0,0.0,0.8328566778273809
000072,0.15283790230751038,0.852608323097229,0.15283790230751038,5.578513642393352,0,65247,652,0.0,0,0.0,0.9618598090277778
001062,0.20633070170879364,1.4323300123214722,0.20633071660995483,6.941913622241384,0,64894,648,0.0,0,0.0,0.9823918928179824
000899,0.17127925157546997,1.0723021030426025,0.17127926647663116,6.260548197693877,0,64906,649,0.0,0,0.0,0.9843484629755435
001091,0.516723096370697,1.4458160400390625,0.516723096370697,2.7980480264846426,0,64834,648,0.0,0,0.0,0.8714391196646342
000024,0.25914648175239563,0.9583107829093933,0.2591465413570404,3.6979493451509198,0,65247,652,0.0,0,0.0,0.9134928385416666
000304,0.23315760493278503,1.4746131896972656,0.23315761983394623,6.32453355265626,0,64964,649,0.0,0,0.0,0.9795099431818182
000753,0.31383809447288513,2.1677048206329346,0.3138381242752075,6.907079328361186,0,65215,652,0.0,0,0.0,0.9820462740384616
000594,0.5992801189422607,3.7696382999420166,0.5992801189422607,6.290277586040214,0,64964,649,0.0,0,0.0,0.9925603693181818
000769,0.2186710387468338,1.608934760093689,0.2186710238456726,7.357786741919665,0,65215,652,0.0,0,0.0,0.9683180588942307
000464,0.3034110963344574,0.3236774206161499,0.303411066532135,1.0667950392042422,0,64983,649,0.0,0,0.0,0.5392266635237069
000044,0.20502683520317078,0.942256510257721,0.20502683520317078,4.595771618500546,0,65247,652,0.0,0,0.0,0.9336751302083334
000007,0.32385122776031494,1.254127860069275,0.32385122776031494,3.8725431697219492,0,65247,652,0.0,0,0.0,0.9595811631944444
000438,0.33991047739982605,1.4902057647705078,0.33991047739982605,4.384112476231868,0,64383,643,0.0,0,0.0,0.9657613118489583
001313,0.42228278517723083,2.5336437225341797,0.42228278517723083,5.99987451885072,0,64983,649,0.0,0,0.0,0.9964220770474138
000069,0.11793040484189987,0.8794386386871338,0.11793040484189987,7.45726803758648,0,64669,646,0.0,0,0.0,0.9886158130787037
001187,0.13174237310886383,0.8802240490913391,0.13174237310886383,6.681404230998449,0,65247,652,0.0,0,0.0,0.9453938802083334
000993,0.1754446178674698,1.3194489479064941,0.1754446029663086,7.520601520924949,0,64929,649,0.0,0,0.0,0.9874455378605769
000161,0.21842209994792938,1.6491535902023315,0.21842212975025177,7.550304504804558,0,64766,647,0.0,0,0.0,0.9763299851190477
000505,0.33609551191329956,0.9166319966316223,0.3360954821109772,2.7272963946863014,0,64942,649,0.0,0,0.0,0.8948207310267857
001290,0.6007964611053467,2.356595516204834,0.6007964611053467,3.9224523923945296,0,65137,651,0.0,0,0.0,0.9583418996710527
000546,0.3130491077899933,1.8406647443771362,0.3130490779876709,5.8797960888727765,0,65032,650,0.0,0,0.0,0.9881273352581522
000258,0.4300234019756317,1.4771453142166138,0.4300233721733093,3.4350349534519955,0,64299,642,0.0,0,0.0,0.9174679026884192
001064,0.32731950283050537,1.6467078924179077,0.32731953263282776,5.030887949681604,0,64834,648,0.0,0,0.0,0.9611490885416667
001228,0.15666252374649048,0.9268020987510681,0.15666252374649048,5.915914518591625,0,65247,652,0.0,0,0.0,0.9734429253472222
001115,0.16127222776412964,0.9394340515136719,0.16127222776412964,5.825144629908944,0,65247,652,0.0,0,0.0,0.9611545138888888
000674,0.28514957427978516,2.2718729972839355,0.28514954447746277,7.967303617640871,0,64852,648,0.0,0,0.0,0.9916259765625
001293,0.48984548449516296,3.170208215713501,0.48984548449516296,6.471853504949081,0,64999,649,0.0,0,0.0,0.9908447265625
001269,0.28924232721328735,0.9665542840957642,0.28924232721328735,3.3416764876982437,0,64949,649,0.0,0,0.0,0.9072225601946722
001172,0.11050236970186234,0.8127161860466003,0.11050236970186234,7.354739886930256,0,65247,652,0.0,0,0.0,0.9726019965277778
001247,0.18431277573108673,0.8921409249305725,0.18431277573108673,4.840364002939278,0,65247,652,0.0,0,0.0,0.9528266059027778
000667,0.31325265765190125,2.4730687141418457,0.31325265765190125,7.894805211485285,0,64838,648,0.0,0,0.0,0.980126953125
000641,0.20895372331142426,1.5982903242111206,0.20895372331142426,7.64901576713726,0,64860,648,0.0,0,0.0,0.9898910522460938
000172,0.15579131245613098,1.664494514465332,0.1557912826538086,10.684131269167906,0,64803,648,0.0,0,0.0,0.9873358543882979
000503,0.48442918062210083,1.0847891569137573,0.48442915081977844,2.2393143663588693,0,64395,643,0.0,0,0.0,0.8417687880254425
000181,0.19173665344715118,2.076063394546509,0.19173665344715118,10.827681391230389,0,64758,647,0.0,0,0.0,0.986923828125
000726,0.36335837841033936,2.217576742172241,0.36335840821266174,6.103001037131268,0,64769,647,0.0,0,0.0,0.9477581155711207
000033,0.26737862825393677,0.9162138104438782,0.26737862825393677,3.4266531189386047,0,65247,652,0.0,0,0.0,0.9141438802083334
000437,0.20129261910915375,0.9623286128044128,0.20129264891147614,4.780743946728143,0,64821,648,0.0,0,0.0,0.9516219173569277
001263,0.2595366835594177,2.7867629528045654,0.2595366835594177,10.737453043575515,0,64821,648,0.0,0,0.0,0.9944869060905612
000989,0.15091723203659058,1.1803263425827026,0.15091721713542938,7.821018469506411,0,64969,649,0.0,0,0.0,0.9794088224085366
000376,0.15993812680244446,1.7378753423690796,0.15993812680244446,10.865922823491005,0,65251,652,0.0,0,0.0,0.99921875
000959,0.3367016911506653,1.186086654663086,0.3367016315460205,3.5226638172704283,0,64934,649,0.0,0,0.0,0.8976995294744318
000491,0.40899619460105896,1.059985876083374,0.40899619460105896,2.591676622119431,0,64299,642,0.0,0,0.0,0.8619797650505515
001090,0.41220298409461975,0.9250401258468628,0.41220301389694214,2.244137220399215,0,64894,648,0.0,0,0.0,0.8579793294270833
000530,0.29758965969085693,1.5503273010253906,0.2975896894931793,5.2096136249402,0,65166,651,0.0,0,0.0,0.993701171875
001104,0.2553662657737732,0.6695184707641602,0.2553662657737732,2.621796848285673,0,64958,649,0.0,0,0.0,0.8828857421875
000796,0.10021086037158966,0.7924943566322327,0.10021086782217026,7.908267574716126,0,65213,652,0.0,0,0.0,0.9754069010416667
000290,0.31768402457237244,1.3602231740951538,0.31768399477005005,4.2816861928462195,0,64951,649,0.0,0,0.0,0.9413614908854167
000179,0.12895776331424713,1.5034048557281494,0.12895776331424713,11.658118263610227,0,64772,647,0.0,0,0.0,0.9893603515625
000868,0.15164288878440857,1.2419967651367188,0.15164290368556976,8.190272903979656,0,64760,647,0.0,0,0.0,0.9823710123697916
000264,0.42113932967185974,0.8700236678123474,0.42113929986953735,2.0658809759190553,0,64960,649,0.0,0,0.0,0.8327299973060345
000327,0.23847723007202148,1.734969139099121,0.23847723007202148,7.2751983012179,0,65251,652,0.0,0,0.0,0.98115234375
000657,0.3316553235054016,1.507886290550232,0.3316553235054016,4.546546319874384,0,64826,648,0.0,0,0.0,0.9127968236019737
000442,0.3162064254283905,1.2113430500030518,0.3162064552307129,3.8308612299493463,0,64396,643,0.0,0,0.0,0.9436345880681818
001035,0.37076908349990845,1.5544006824493408,0.37076905369758606,4.1923689880471295,0,64964,649,0.0,0,0.0,0.985931396484375
001136,0.13490642607212067,0.8935311436653137,0.13490642607212067,6.623340115671243,0,65247,652,0.0,0,0.0,0.9903157552083334
000251,0.38516756892204285,1.9180819988250732,0.38516753911972046,4.979864095527743,0,64911,649,0.0,0,0.0,0.9873493893045775
000342,0.265459805727005,1.6979938745498657,0.265459805727005,6.396425514964996,0,64503,645,0.0,0,0.0,0.97340087890625
000098,0.22884394228458405,1.2598053216934204,0.22884394228458405,5.505084858775772,0,65213,652,0.0,0,0.0,0.96875
001166,0.14760957658290863,1.0052895545959473,0.14760957658290863,6.810462964991307,0,65247,652,0.0,0,0.0,0.987548828125
000829,0.11893311887979507,1.064755916595459,0.11893311142921448,8.952560845338438,0,65195,651,0.0,0,0.0,0.9797620271381579
001049,0.23513135313987732,1.1179218292236328,0.23513133823871613,4.7544569668917,0,64958,649,0.0,0,0.0,0.970733642578125
000104,0.29583874344825745,0.5099615454673767,0.29583874344825745,1.723782150787054,0,64890,648,0.0,0,0.0,0.7714680989583333
000402,0.31110960245132446,1.084829568862915,0.31110960245132446,3.4869690948631042,0,65202,652,0.0,0,0.0,0.9104817708333334
000339,0.1735485941171646,1.874092698097229,0.1735486090183258,10.798661589384071,0,64681,646,0.0,0,0.0,0.998828125
000427,0.26459017395973206,0.8827710151672363,0.26459017395973206,3.3363711204996793,0,64961,649,0.0,0,0.0,0.8977276141826923
000078,0.17342901229858398,0.19862467050552368,0.1734289973974228,1.1452794716350896,0,65349,653,0.0,0,0.0,0.6547309027777778
001014,0.17409582436084747,1.8785758018493652,0.17409583926200867,10.790469259992875,0,64977,649,0.0,0,0.0,0.9983863830566406
000139,0.35592228174209595,1.1583099365234375,0.35592228174209595,3.254390061937055,0,64854,648,0.0,0,0.0,0.9039949115953947
001152,0.11540495604276657,0.8674234747886658,0.11540495604276657,7.516345090649464,0,65247,652,0.0,0,0.0,0.9740397135416666
000479,0.2544395327568054,1.0259618759155273,0.2544395923614502,4.032241469944162,0,64960,649,0.0,0,0.0,0.936712856950431
000175,0.16593067348003387,1.4277458190917969,0.16593068838119507,8.604471138044186,0,65162,651,0.0,0,0.0,0.983489990234375
000435,0.199945330619812,0.867182195186615,0.19994531571865082,4.337096831049814,0,64367,643,0.0,0,0.0,0.954388427734375
001072,0.1338888555765152,1.1964247226715088,0.1338888704776764,8.935953514306416,0,64856,648,0.0,0,0.0,0.9711744520399306
000246,0.5262723565101624,3.261446475982666,0.5262723565101624,6.197259718542118,0,64923,649,0.0,0,0.0,0.986129981884058
000414,0.5721558928489685,1.849432110786438,0.5721558332443237,3.2323923017607123,0,64865,648,0.0,0,0.0,0.9253200954861112
000638,0.5772687792778015,1.604195237159729,0.5772687792778015,2.778939888567463,0,64874,648,0.0,0,0.0,0.9134750366210938
000904,0.13845203816890717,1.3762402534484863,0.13845205307006836,9.940193900569993,0,64938,649,0.0,0,0.0,0.9899752869897959
001321,0.39206454157829285,2.4715466499328613,0.39206451177597046,6.303928500790012,0,65046,650,0.0,0,0.0,0.980686497043919
000396,0.17628279328346252,1.7116893529891968,0.17628279328346252,9.709906004477716,0,65251,652,0.0,0,0.0,0.994921875
000094,0.19733138382434845,0.5721299052238464,0.19733138382434845,2.8993355954627025,0,64993,649,0.0,0,0.0,0.8105381556919643
000805,0.0909348726272583,1.122502326965332,0.09093489497900009,12.34402181059928,0,65338,653,0.0,0,0.0,0.984771728515625
000005,0.23384349048137665,0.9025158286094666,0.23384349048137665,3.8594866453267516,0,65247,652,0.0,0,0.0,0.94677734375
001316,0.41867196559906006,2.3414435386657715,0.41867196559906006,5.592549134058925,0,65000,650,0.0,0,0.0,0.9883248465401786
001046,0.22014206647872925,1.328557014465332,0.22014205157756805,6.034998788031231,0,64948,649,0.0,0,0.0,0.9936780427631579
000586,0.6172329187393188,1.796778917312622,0.6172329783439636,2.9110222239475614,0,64869,648,0.0,0,0.0,0.9069305419921875
001226,0.0903487280011177,0.9588232040405273,0.0903487280011177,10.612470427128379,0,64669,646,0.0,0,0.0,0.9847457320601852
000079,0.19155819714069366,0.9954178929328918,0.19155821204185486,5.196425057023378,0,65247,652,0.0,0,0.0,0.9465874565972222
000725,0.31685036420822144,2.180354118347168,0.31685030460357666,6.88133824291282,0,64750,647,0.0,0,0.0,0.9894766971982759
001296,0.44323426485061646,1.7553433179855347,0.44323429465293884,3.96030573256973,0,64869,648,0.0,0,0.0,0.931903076171875
000827,0.14382584393024445,1.3240232467651367,0.14382584393024445,9.20573945950415,0,64854,648,0.0,0,0.0,0.9610595703125
000103,0.26409199833869934,0.380174458026886,0.26409202814102173,1.439552949413065,0,65213,652,0.0,0,0.0,0.7282877604166667
001099,0.4606952965259552,1.4049731492996216,0.4606953263282776,3.0496796234014325,0,64762,647,0.0,0,0.0,0.945770263671875
001205,0.09741204977035522,0.8442171216011047,0.09741206467151642,8.666453425947724,0,65247,652,0.0,0,0.0,0.9965006510416666
000368,0.21729455888271332,1.7280304431915283,0.21729452908039093,7.9524802143187925,0,65251,652,0.0,0,0.0,0.98408203125
000278,0.36593422293663025,2.364032506942749,0.36593422293663025,6.46026624121498,0,64964,649,0.0,0,0.0,0.9980335582386364
000190,0.21116231381893158,0.94780033826828,0.21116231381893158,4.488491914712604,0,64740,647,0.0,0,0.0,0.9375829156839622
000544,0.286442369222641,2.9007186889648438,0.286442369222641,10.126709595500598,0,65039,650,0.0,0,0.0,0.9988042091836735
001260,0.22197285294532776,1.9204763174057007,0.22197285294532776,8.651852205903381,0,64967,649,0.0,0,0.0,0.9888789735991379
000997,0.33561816811561584,0.897903561592102,0.33561816811561584,2.675372333486984,0,65001,650,0.0,0,0.0,0.9202368951612904
000431,0.17098526656627655,1.0357890129089355,0.17098528146743774,6.057767101469433,0,65001,650,0.0,0,0.0,0.9659559461805556
000919,0.16624975204467773,1.1429550647735596,0.16624973714351654,6.874928552740469,0,64969,649,0.0,0,0.0,0.9684046303353658
001197,0.14923560619354248,0.8093336224555969,0.14923560619354248,5.4231938549971686,0,65247,652,0.0,0,0.0,0.9880099826388888
001030,0.17593583464622498,1.2826887369155884,0.17593584954738617,7.290661569063057,0,64815,648,0.0,0,0.0,0.9765086454503676
001173,0.06808162480592728,0.9278035759925842,0.06808162480592728,13.62781188958652,0,64958,649,0.0,0,0.0,0.9974093967013888
000454,0.22235822677612305,1.1113675832748413,0.22235822677612305,4.9980951880579605,0,64999,649,0.0,0,0.0,0.9816545758928571
001157,0.21175536513328552,0.9473408460617065,0.21175536513328552,4.473751328403983,0,65247,652,0.0,0,0.0,0.9191351996527778
000164,0.20188000798225403,0.9891444444656372,0.20188002288341522,4.899664812485501,0,64806,648,0.0,0,0.0,0.8799993341619318
001037,0.35028135776519775,1.182145357131958,0.35028135776519775,3.3748451949429157,0,64794,647,0.0,0,0.0,0.9160938752003205
000077,0.15239249169826508,0.893622100353241,0.15239249169826508,5.863950975502125,0,65247,652,0.0,0,0.0,0.9613172743055556
000642,0.30702805519104004,2.653334617614746,0.3070280849933624,8.641993183366623,0,64874,648,0.0,0,0.0,0.9932403564453125
000828,0.14946095645427704,1.007573127746582,0.14946094155311584,6.7413808402144175,0,64784,647,0.0,0,0.0,0.9534462376644737
000675,0.47419917583465576,2.3483426570892334,0.47419917583465576,4.952228465930645,0,64896,648,0.0,0,0.0,0.948675537109375
000702,0.2542162835597992,2.6808674335479736,0.2542162835597992,10.545616496345932,0,64759,647,0.0,0,0.0,0.9903938137755102
000310,0.35970616340637207,0.817330002784729,0.3597061336040497,2.2722159185765056,0,64949,649,0.0,0,0.0,0.7759349385245902
000797,0.08199366927146912,0.959077000617981,0.08199366182088852,11.696965098510196,0,65213,652,0.0,0,0.0,0.9865397135416667
000739,0.37199413776397705,1.6070843935012817,0.37199413776397705,4.320187417902121,0,64716,647,0.0,0,0.0,0.95465087890625
000123,0.3882041275501251,0.9589337110519409,0.3882041871547699,2.4701786914772037,0,64856,648,0.0,0,0.0,0.8367466517857143
001270,0.2709368169307709,0.3891336917877197,0.2709368169307709,1.4362525410754723,0,64924,649,0.0,0,0.0,0.7338228665865385
001170,0.17869940400123596,0.8022497892379761,0.17869940400123596,4.4893814488179675,0,65247,652,0.0,0,0.0,0.9516872829861112
001117,0.17689678072929382,0.9982088208198547,0.17689678072929382,5.642888563062205,0,65247,652,0.0,0,0.0,0.9840494791666666
000857,0.17538975179195404,0.7336944341659546,0.17538973689079285,4.183223301274421,0,64844,648,0.0,0,0.0,0.8841996626420454
000477,0.284519761800766,0.9029437899589539,0.2845197916030884,3.1735711068514387,0,64821,648,0.0,0,0.0,0.901867234563253
000180,0.22294512391090393,1.4932738542556763,0.22294512391090393,6.697943547993616,0,64786,647,0.0,0,0.0,0.9567138671875
001130,0.13095515966415405,0.8226861953735352,0.13095517456531525,6.282196928103914,0,65247,652,0.0,0,0.0,0.9815809461805556
000958,0.6623839735984802,1.0700294971466064,0.662384033203125,1.615421633840129,0,64859,648,0.0,0,0.0,0.7369125828598485
000855,0.2649717628955841,1.4109796285629272,0.2649717628955841,5.325018836512568,0,64887,648,0.0,0,0.0,0.9851740056818182
001109,0.22816257178783417,1.239454984664917,0.22816257178783417,5.43233263437034,0,65247,652,0.0,0,0.0,0.9832356770833334
001009,0.5426462292671204,1.6945738792419434,0.5426462888717651,3.1227964034641995,0,64859,648,0.0,0,0.0,0.9459043560606061
000199,0.15608735382556915,2.198005199432373,0.15608733892440796,14.081892961842678,0,65116,651,0.0,0,0.0,0.9929635184151786
001203,0.17717881500720978,0.9706194400787354,0.17717881500720978,5.478191283981885,0,65247,652,0.0,0,0.0,0.9745279947916666
000676,0.2903817594051361,1.548056960105896,0.2903817594051361,5.331109513480394,0,64976,649,0.0,0,0.0,0.895965576171875
000132,0.26218217611312866,0.8914651274681091,0.2621821463108063,3.4001748021824243,0,64840,648,0.0,0,0.0,0.9179109272203947
000441,0.1642748862504959,0.8672859072685242,0.1642749011516571,5.279479099901291,0,64923,649,0.0,0,0.0,0.9758406929347826
001261,0.22104641795158386,1.1429989337921143,0.22104641795158386,5.170854811329569,0,64883,648,0.0,0,0.0,0.9567091200086806
000878,0.1756332665681839,1.5507349967956543,0.1756332665681839,8.829392216500352,0,64949,649,0.0,0,0.0,0.9907107469512195
000283,0.20019176602363586,1.343900442123413,0.20019175112247467,6.713066020893301,0,64869,648,0.0,0,0.0,0.965667724609375
000408,0.49082958698272705,1.3117595911026,0.49082958698272705,2.6725356944481886,0,65184,651,0.0,0,0.0,0.8929901123046875
000244,0.2195836901664734,0.9419125318527222,0.21958371996879578,4.289537184207344,0,64821,648,0.0,0,0.0,0.9513365963855421
000322,0.3836330473423004,0.9222826957702637,0.383633017539978,2.404075388725251,0,64911,649,0.0,0,0.0,0.8490660761443662
001105,0.15409530699253082,0.7093639969825745,0.15409529209136963,4.603411222725497,0,64958,649,0.0,0,0.0,0.9298909505208334
000932,0.20973357558250427,1.2637919187545776,0.20973354578018188,6.025702345580598,0,64817,648,0.0,0,0.0,0.9639089483963815
