image_id,target_pixels,target_multiscale_support_ratio,target_scale_var_mean,far_bg_pixels,far_bg_high_conf_pixels,far_bg_high_conf_scale_var_mean,single_scale_high_bg_ratio,easy_bg_scale_var_mean
001137,9,1.0,0.01854286715388298,65367,58,0.167038232088089,0.0008872978720149311,4.0316191274314406e-08
000345,5,0.8,0.23743490874767303,65382,0,0.0,0.0,4.448745787987568e-15
000774,13,1.0,0.21094924211502075,65384,0,0.0,0.0,1.2695462628213583e-13
000593,61,1.0,0.011177831329405308,65137,12,0.15974737703800201,0.0001842270905936718,1.1811408739959006e-08
001002,51,1.0,0.017086921259760857,65136,91,0.18120501935482025,0.0013970768852861705,1.7690565456973673e-08
001024,47,1.0,0.01160120964050293,65124,0,0.0,0.0,2.24576746393377e-15
001285,21,0.8095238095238095,0.11324883997440338,65283,0,0.0,0.0,6.796904076893096e-13
000649,35,0.9714285714285714,0.06494859606027603,65101,0,0.0,0.0,7.98870247731287e-10
000282,58,1.0,0.004477940034121275,65169,0,0.0,0.0,2.0055825888931622e-09
000037,9,1.0,0.19296617805957794,65367,0,0.0,0.0,2.2698032943615316e-15
001150,9,1.0,0.0003986305382568389,65367,4,0.16643233597278595,6.11929566906849e-05,1.4555050498188393e-09
001124,9,1.0,0.004210851155221462,65367,6,0.17318864166736603,9.178943503602736e-05,5.114052292753968e-09
001185,18,1.0,0.1093447282910347,65198,1,0.1030506119132042,1.5337893800423325e-05,4.2141179434906917e-10
000718,56,0.9464285714285714,0.058465626090765,65040,12,0.18634150922298431,0.00018450184501845018,2.6264044272750198e-09
000968,49,0.9795918367346939,0.024667691439390182,65154,2,0.09426218271255493,3.069650366823219e-05,7.817692604383808e-10
001216,9,1.0,0.10181000828742981,65367,0,0.0,0.0,8.500941920883132e-14
000494,127,0.9291338582677166,0.03880173712968826,64723,0,0.0,0.0,1.5578761614065684e-09
001015,68,1.0,0.015162043273448944,65074,25,0.17367519438266754,0.0003841780127239758,3.083068522702348e-10
001186,18,0.9444444444444444,0.1440436840057373,65198,5,0.17260751128196716,7.668946900211663e-05,2.8252888917279506e-09
000197,56,0.8928571428571429,0.05849656090140343,65119,3,0.17992448806762695,4.606950352431702e-05,3.4348047961429984e-08
000811,34,0.9705882352941176,0.02986658364534378,65115,18,0.15723416209220886,0.00027643400138217003,7.133923229929451e-09
000601,58,1.0,0.0696386843919754,65236,47,0.18687328696250916,0.0007204610951008645,1.6475445008268252e-08
001040,66,0.9848484848484849,0.026457617059350014,65072,5,0.0559275858104229,7.683796410130317e-05,3.7214276105146382e-09
000735,31,0.8387096774193549,0.11920672655105591,65285,0,0.0,0.0,5.0616490030385916e-14
001029,78,0.9871794871794872,0.007088530343025923,64997,0,0.0,0.0,8.610856710826453e-13
000623,15,0.9333333333333333,0.22383297979831696,65341,0,0.0,0.0,2.7417575588356558e-12
000436,58,1.0,0.011410322040319443,65147,17,0.1590999811887741,0.0002609483168833561,2.838642210178932e-08
001242,36,0.9722222222222222,0.13675695657730103,64860,9,0.15663030743598938,0.0001387604070305273,8.981808186092621e-09
000813,36,0.8888888888888888,0.10384193062782288,65184,1,0.1857079565525055,1.5341188021600392e-05,4.030841882496361e-09
000493,136,0.9779411764705882,0.023861506953835487,64716,0,0.0,0.0,1.7382667749643588e-08
001053,44,1.0,0.0063096522353589535,65149,0,0.0,0.0,2.582462679302528e-14
000410,24,0.9583333333333334,0.12364306300878525,65142,0,0.0,0.0,1.2792627200608475e-12
000936,34,0.9705882352941176,0.056337084621191025,65150,0,0.0,0.0,1.9352369268991077e-15
000473,52,1.0,0.03537861257791519,65149,9,0.18364867568016052,0.00013814486791815684,1.0300824637710093e-09
000478,139,0.9856115107913669,0.011851911433041096,64709,0,0.0,0.0,1.7551853304098586e-08
000458,69,1.0,0.003633372951298952,65115,15,0.15166479349136353,0.000230361667818475,1.1199969840447466e-08
000709,52,0.9615384615384616,0.14517906308174133,65135,6,0.1659037470817566,9.211637368542258e-05,4.624124694263543e-10
001307,20,1.0,0.051142238080501556,65285,11,0.1363113522529602,0.00016849199663016007,3.305799731179171e-11
000781,28,1.0,0.08422629535198212,65128,0,0.0,0.0,5.317044027286499e-10
001023,46,1.0,0.009477837942540646,65135,25,0.16995641589164734,0.00038381822368926076,1.1825370904716692e-08
001004,75,0.9733333333333334,0.01944144442677498,65049,5,0.141440287232399,7.68651324386232e-05,7.391304013282252e-09
000359,5,1.0,0.24259507656097412,65371,0,0.0,0.0,1.4940585457722845e-15
000287,72,1.0,0.014343349263072014,65083,14,0.10937199741601944,0.0002151099365425687,1.7633153603924256e-08
000482,80,1.0,0.012754330411553383,65073,17,0.14714188873767853,0.00026124506323667264,1.490583301233528e-08
000941,61,0.9508196721311475,0.05305587872862816,65112,51,0.18037626147270203,0.000783265757464062,2.202006044171867e-08
000067,9,1.0,0.20030739903450012,65367,5,0.10846126079559326,7.649119586335613e-05,3.931484471308977e-09
000284,80,0.9625,0.03205546364188194,65073,2,0.1870470494031906,3.073471332196149e-05,4.716429612312834e-13
000447,72,1.0,0.00835058931261301,65083,8,0.10333643853664398,0.0001229199637386107,3.819716987152333e-09
000894,63,0.9841269841269841,0.01777535490691662,65086,0,0.0,0.0,3.2426710205868403e-09
000163,44,1.0,0.07475700229406357,65092,7,0.17145217955112457,0.0001075400970933448,6.2137126555228406e-09
000059,36,1.0,0.1287965029478073,64860,7,0.16707590222358704,0.00010792476102374345,4.622076499316563e-09
001222,9,1.0,0.18281005322933197,65367,0,0.0,0.0,1.2220462814425959e-13
000945,39,1.0,0.006357990670949221,65167,0,0.0,0.0,6.065191682225191e-10
000446,58,1.0,0.03269370645284653,65163,9,0.16119928658008575,0.00013811518806684775,3.4680922578189666e-09
000193,56,0.9642857142857143,0.02626909129321575,65050,20,0.1628127098083496,0.00030745580322828596,9.454335980763062e-09
000746,68,0.9558823529411765,0.09809312224388123,64958,9,0.16644684970378876,0.00013855106376427847,9.561015978931664e-09
000733,61,0.9672131147540983,0.03707735985517502,65025,0,0.0,0.0,9.153655056159948e-10
000621,28,0.7857142857142857,0.08392637968063354,65148,29,0.16572807729244232,0.00044514029594154846,1.3024004097417219e-08
001131,36,0.9722222222222222,0.13902133703231812,64860,0,0.0,0.0,1.0112968240605369e-09
000085,9,1.0,3.9836407950133434e-07,65367,31,0.1673949807882309,0.000474245414352808,1.3456049607896148e-08
000064,9,1.0,0.16182993352413177,65406,3,0.18472199141979218,4.586735161911751e-05,6.8248167534035176e-12
000312,69,0.927536231884058,0.07737262547016144,65115,10,0.1379702389240265,0.00015357444521231668,1.4110382196008686e-08
000213,63,0.9841269841269841,0.026892133057117462,65023,29,0.17617493867874146,0.00044599603217323103,5.591164420337691e-09
001297,80,0.975,0.038357000797986984,65073,24,0.17220382392406464,0.00036881655986353785,1.9032425413456622e-08
001039,38,0.9210526315789473,0.06788621842861176,65144,0,0.0,0.0,4.021196272861185e-16
000066,9,1.0,0.2012171596288681,65380,0,0.0,0.0,1.4836026916620386e-16
000002,9,0.8888888888888888,0.22053900361061096,65367,1,0.1087103933095932,1.5298239172671226e-05,9.841450571146382e-11
000843,40,0.9,0.05985385924577713,65106,5,0.14482295513153076,7.679783737289958e-05,2.222397821327604e-09
000659,38,0.9210526315789473,0.048982858657836914,65108,24,0.14305973052978516,0.00036861829575474597,8.371190851619303e-09
000298,124,0.9838709677419355,0.05153685435652733,64727,14,0.17039836943149567,0.00021629304617856536,1.978328256768691e-08
000227,70,0.4,0.020589767023921013,64976,0,0.0,0.0,1.1390259395394065e-12
000951,57,1.0,0.026350993663072586,65098,59,0.17705683410167694,0.0009063258471842453,1.3983076918577808e-08
000299,83,1.0,0.026307540014386177,65092,30,0.17433390021324158,0.00046088613040004914,1.2268713156515787e-08
000937,60,1.0,0.042782261967659,65099,0,0.0,0.0,1.5694428867618626e-08
000547,65,0.9846153846153847,0.08685357123613358,65213,20,0.17928341031074524,0.0003066873169460077,2.84572765352209e-09
000948,53,1.0,0.0057415287010371685,65128,0,0.0,0.0,4.660754004959244e-09
000859,46,0.9565217391304348,0.04520871862769127,65066,4,0.14467225968837738,6.147603971352166e-05,1.736085941672627e-08
000058,9,1.0,0.019646167755126953,65367,76,0.16696828603744507,0.0011626661771230132,2.399992204971113e-08
000422,12,1.0,0.014872495085000992,65344,4,0.15818683803081512,6.121449559255632e-05,7.084020925418599e-09
001140,9,1.0,0.001247888314537704,65367,7,0.16578862071037292,0.00010708767420869858,6.322996348728793e-09
000873,78,1.0,0.04809630662202835,65012,64,0.16501319408416748,0.0009844336430197501,1.7782587846681963e-08
001249,62,1.0,0.010835845023393631,65128,6,0.15790672600269318,9.212627441346272e-05,1.2094817591901119e-08
000822,38,0.8947368421052632,0.07069144397974014,65108,0,0.0,0.0,2.9957442082562125e-10
000745,68,0.8823529411764706,0.07640697807073593,64988,41,0.16424325108528137,0.0006308857019757494,6.720581424701777e-09
000609,14,0.9285714285714286,0.027061251923441887,65312,0,0.0,0.0,6.904945501007634e-14
000881,108,0.9722222222222222,0.032793957740068436,64992,0,0.0,0.0,1.3143172014528563e-15
001271,80,0.975,0.02862168475985527,65073,0,0.0,0.0,7.1428303272114135e-09
000851,42,0.9761904761904762,0.043681468814611435,65054,2,0.07275734841823578,3.074368985765672e-05,7.584076477940016e-09
000848,42,0.9285714285714286,0.05093856528401375,65084,19,0.16121627390384674,0.0002919304283694917,3.159947636888205e-09
001016,86,0.9767441860465116,0.012845683842897415,64992,0,0.0,0.0,4.865731706438226e-10
001100,83,0.9759036144578314,0.019809521734714508,64998,10,0.16050586104393005,0.00015385088771962215,5.796407798186465e-09
000004,9,0.8888888888888888,0.22526274621486664,65367,3,0.1498849242925644,4.589471751801368e-05,9.921331534101796e-10
001208,9,1.0,0.117452472448349,65367,0,0.0,0.0,2.1427268058727908e-16
000099,30,0.5,0.011796737089753151,65146,2,0.07804478704929352,3.070027323243177e-05,5.2429549590726765e-09
000073,9,0.8888888888888888,0.14263199269771576,65367,0,0.0,0.0,1.4318101283598839e-13
000049,9,1.0,0.05770392715930939,65367,0,0.0,0.0,1.0146131219126433e-15
000158,42,0.8809523809523809,0.12873871624469757,65074,0,0.0,0.0,8.497043129870874e-13
001279,35,1.0,0.013275890611112118,65229,0,0.0,0.0,3.023910982724587e-12
000063,9,1.0,0.2190893441438675,65367,0,0.0,0.0,1.3283428176857903e-11
001181,9,1.0,0.1587422490119934,65367,0,0.0,0.0,1.4761347992127915e-15
000515,131,0.9236641221374046,0.0543842539191246,64731,34,0.14855951070785522,0.0005252506527011787,2.713206548321523e-08
001054,79,1.0,0.014466541819274426,65048,0,0.0,0.0,3.506163068212054e-11
000844,40,0.95,0.1112390011548996,65116,0,0.0,0.0,5.888701970491184e-09
001177,27,1.0,0.1728353351354599,65029,0,0.0,0.0,7.630650465336765e-15
000934,41,0.9512195121951219,0.04126101732254028,65145,0,0.0,0.0,1.2984919366685384e-14
000663,38,0.868421052631579,0.07636922597885132,65118,1,0.10485035926103592,1.5356737000522127e-05,8.750594138184908e-10
000841,40,1.0,0.15074566006660461,65106,0,0.0,0.0,9.712192161615008e-10
000205,60,0.9333333333333333,0.0489649698138237,65069,13,0.15208835899829865,0.00019978791744148518,4.416151444530669e-09
000911,45,0.9555555555555556,0.011619684286415577,65135,27,0.1752396821975708,0.00041452368158440163,1.7456878609323212e-08
000211,62,1.0,0.03831294924020767,65024,3,0.08465874940156937,4.6136811023622047e-05,2.833044909777982e-09
000267,126,0.9603174603174603,0.057586006820201874,64717,0,0.0,0.0,3.5199843040345513e-09
000379,5,0.8,0.16167429089546204,65371,0,0.0,0.0,1.646669848307631e-15
000168,46,0.9565217391304348,0.057147424668073654,65089,10,0.18735156953334808,0.00015363579099386993,8.785575822400915e-09
000301,65,0.9846153846153847,0.021648285910487175,65145,26,0.1567983478307724,0.00039910967840970144,1.488634193691496e-08
001061,63,0.9682539682539683,0.017706386744976044,65086,31,0.15321674942970276,0.0004762929047721476,1.1966141855168644e-08
001299,71,1.0,0.019702594727277756,65107,0,0.0,0.0,8.036305128300558e-12
000818,18,1.0,0.1362057775259018,65318,0,0.0,0.0,3.331176307019845e-11
001070,55,0.9818181818181818,0.07022495567798615,65111,0,0.0,0.0,5.81427874596363e-12
001305,16,0.9375,0.03753765672445297,65299,0,0.0,0.0,4.0047445107453423e-16
001095,44,1.0,0.0015796509105712175,65149,43,0.17964334785938263,0.000660025480053416,4.2982284398362935e-09
000695,23,0.9565217391304348,0.06162745878100395,65293,51,0.16071303188800812,0.0006432542539016433,2.9310168514484758e-08
000375,10,1.0,0.18978717923164368,65206,0,0.0,0.0,1.7222629436963385e-14
000061,36,0.9722222222222222,0.13003572821617126,64860,6,0.12589478492736816,9.250693802035152e-05,6.04127547987332e-09
000669,40,1.0,0.06270341575145721,65066,34,0.17236357927322388,0.000522546337564934,2.722731373694387e-08
000325,15,0.8666666666666667,0.19381308555603027,65041,11,0.1541314274072647,0.0001691240909580111,2.6442503742174495e-10
000864,46,0.8043478260869565,0.07095421105623245,65091,21,0.13795630633831024,0.0003226252477301009,7.072227958815347e-08
000174,48,0.9791666666666666,0.07190331071615219,65088,16,0.16689492762088776,0.0002458210422812193,9.12729891666686e-09
000347,5,1.0,0.20731095969676971,65371,0,0.0,0.0,1.480998038879452e-15
000748,70,0.9857142857142858,0.04519357904791832,65047,15,0.17380517721176147,0.00023060248743216443,1.7625303883050947e-08
000946,78,1.0,0.04841785505414009,65033,7,0.15592792630195618,0.000107637660879861,1.7034773591717567e-08
001274,58,1.0,0.008847353979945183,65147,0,0.0,0.0,5.735205366175222e-11
001059,50,1.0,0.058237992227077484,65141,4,0.1282566785812378,6.140525936046423e-05,9.823169833111933e-09
000253,55,1.0,0.017310282215476036,65148,33,0.1529584676027298,0.0005065389574507276,2.3151114802999473e-08
000679,40,0.85,0.062146782875061035,65116,74,0.13666056096553802,0.0009214325204250875,4.202735226499499e-08
001041,61,1.0,0.04304749518632889,65108,14,0.14399729669094086,0.00021502733919026847,1.8066241835867913e-08
000999,73,0.9452054794520548,0.048217564821243286,65063,19,0.18483451008796692,0.00029202465302860303,6.922178941159984e-10
000794,15,0.9333333333333333,0.1419299691915512,65341,0,0.0,0.0,7.659735882679583e-15
000576,54,0.9814814814814815,0.026729891076683998,65177,0,0.0,0.0,9.235089137860086e-09
001094,66,0.9848484848484849,0.008269756101071835,65071,25,0.17669032514095306,0.00038419572466997587,7.828222514660865e-09
000635,28,0.8928571428571429,0.07128139585256577,65146,2,0.1497507244348526,3.070027323243177e-05,5.163218741444098e-09
000825,19,1.0,0.06375648826360703,65317,0,0.0,0.0,4.200709918800172e-11
000013,18,0.5,0.06914615631103516,65198,8,0.15892621874809265,0.0001227031504033866,1.3725860725788408e-10
000627,30,1.0,0.05251947417855263,65136,10,0.1703180968761444,0.00015352493244902973,3.71410319166543e-10
000487,65,1.0,0.0044418941251933575,65116,10,0.1573953479528427,0.0001535720867375146,1.5388168961294468e-08
001201,9,1.0,0.05987878143787384,65367,1,0.051956452429294586,1.5298239172671226e-05,8.107424176451161e-10
000457,145,0.9793103448275862,0.02687903493642807,64737,13,0.1821422278881073,0.0002008125183434512,3.3290429968246826e-08
000916,75,1.0,0.03626708313822746,65071,0,0.0,0.0,9.408951395784015e-10
000030,9,1.0,0.17255926132202148,65367,0,0.0,0.0,2.307449461944012e-15
000109,32,1.0,0.026504531502723694,65134,25,0.1443779021501541,0.00038382411643688396,1.021908513365588e-08
000693,23,0.9130434782608695,0.042747318744659424,65303,0,0.0,0.0,5.435769564500481e-15
000183,51,0.9411764705882353,0.06035841256380081,65045,0,0.0,0.0,3.5925906693989873e-09
000467,104,0.9615384615384616,0.03367328643798828,64808,0,0.0,0.0,6.9127938928659205e-09
001164,9,0.8888888888888888,0.19563047587871552,65393,0,0.0,0.0,2.6115737350451695e-10
001258,54,0.9814814814814815,0.04512161761522293,65177,7,0.13595785200595856,0.0001073998496402105,4.417591625838213e-09
000970,61,1.0,0.020920690149068832,65108,32,0.17039775848388672,0.000491491061006328,1.5477645831651898e-08
000263,62,0.967741935483871,0.02247823029756546,65128,5,0.1749715358018875,7.677189534455227e-05,1.3087303463166222e-09
000858,45,0.8444444444444444,0.09429984539747238,65081,46,0.1676378697156906,0.0007068115118083619,7.897291154357333e-11
000668,40,0.85,0.12991619110107422,65116,6,0.12591738998889923,9.214325204250876e-05,3.6960385862983003e-09
000526,33,1.0,0.06311453878879547,65273,2,0.15000128746032715,3.064054049913441e-05,4.06065875369066e-10
000736,62,0.9516129032258065,0.08938876539468765,65024,9,0.15794062614440918,0.00013841043307086614,1.0333302213894058e-08
001146,9,1.0,0.18468740582466125,65367,0,0.0,0.0,2.9052476231499445e-15
000247,98,0.9795918367346939,0.02420765534043312,65029,1,0.14476162195205688,1.5377754540282027e-05,1.1639708086264022e-09
000367,5,1.0,0.1591031849384308,65371,0,0.0,0.0,1.7194481896851414e-15
000050,9,1.0,0.19516628980636597,65367,0,0.0,0.0,4.0513236466082443e-16
000773,26,1.0,0.06239313259720802,65150,37,0.17527708411216736,0.0005679201841903301,3.240661783365795e-08
000318,56,1.0,0.0063844239339232445,65175,2,0.11522787064313889,3.0686612965093976e-05,1.3720066860400948e-08
001163,9,1.0,0.18153423070907593,65367,0,0.0,0.0,2.6524436520200837e-15
001159,9,1.0,0.0840824618935585,65367,0,0.0,0.0,1.0577141376297283e-12
001306,12,1.0,0.1712610274553299,65334,6,0.18354380130767822,9.18357975939021e-05,6.434414778766495e-09
001310,13,0.8461538461538461,0.09271366149187088,65319,7,0.13345208764076233,0.00010716636813178402,9.802660905222638e-09
000571,80,0.9875,0.006624355912208557,65073,23,0.16325189173221588,0.00035344920320255714,4.173403400642428e-09
001031,73,0.9726027397260274,0.06279373914003372,65063,48,0.1774628907442093,0.000737746491861734,3.6116626356275106e-10
000461,56,0.9821428571428571,0.03616634011268616,65175,0,0.0,0.0,5.756708654149241e-15
000652,35,0.8857142857142857,0.16043035686016083,65120,0,0.0,0.0,9.275971307796775e-15
000444,149,1.0,0.025387102738022804,64652,0,0.0,0.0,4.660834565517469e-11
001194,9,1.0,0.18283118307590485,65367,0,0.0,0.0,9.657019322923828e-17
001156,9,1.0,0.12449346482753754,65406,0,0.0,0.0,5.307759565198467e-09
000014,9,1.0,0.17078210413455963,65367,0,0.0,0.0,5.643195545426206e-16
000250,83,0.9879518072289156,0.029855022206902504,65033,2,0.16684243083000183,3.0753617394246e-05,3.025196537720376e-09
000134,38,0.7368421052631579,0.11446390300989151,65178,0,0.0,0.0,1.7502352962189935e-15
001301,65,1.0,0.025251686573028564,65116,0,0.0,0.0,8.147823561677203e-12
000768,26,0.9615384615384616,0.09592621773481369,65200,19,0.1687021702528,0.00029141104294478525,1.8309329052890178e-10
000823,38,0.868421052631579,0.07851413637399673,65108,0,0.0,0.0,4.567798979229591e-14
000040,9,1.0,0.003277967218309641,65367,43,0.18414686620235443,0.0006578242844248627,7.0934182971882365e-09
000891,47,1.0,0.017945876345038414,65124,84,0.17388100922107697,0.0012898470609913396,1.3243720786704216e-08
000561,62,0.9516129032258065,0.036743950098752975,65128,1,0.1852303445339203,1.5354379068910453e-05,7.087908038272417e-11
001200,9,1.0,0.23414240777492523,65367,0,0.0,0.0,1.8978102422906318e-10
001233,9,1.0,0.14349539577960968,65367,0,0.0,0.0,8.524725250789317e-14
000119,34,0.9411764705882353,0.023795466870069504,65112,35,0.17895150184631348,0.0005375353237498464,1.1128827637207905e-08
001324,32,1.0,0.021917017176747322,65231,0,0.0,0.0,2.9582257223524384e-15
000793,15,1.0,0.19451938569545746,65406,0,0.0,0.0,1.498520927096657e-15
000293,80,0.9875,0.018103260546922684,65073,8,0.1534503847360611,0.00012293885328784596,1.9632873105024373e-08
000143,40,0.975,0.0737653523683548,65106,0,0.0,0.0,1.0567777763981212e-08
001011,75,1.0,0.010585915297269821,65049,55,0.15700343251228333,0.0008455164568248551,8.151564756531116e-09
000834,40,1.0,0.039246853440999985,65066,0,0.0,0.0,7.152656800180068e-10
000095,14,0.9285714285714286,0.015070775523781776,65342,0,0.0,0.0,3.5376703736572646e-14
000017,9,1.0,0.05780893564224243,65367,3,0.12398926168680191,4.589471751801368e-05,4.078430371201591e-10
001116,18,0.9444444444444444,0.1570165753364563,65198,0,0.0,0.0,7.297210058432313e-10
000653,36,1.0,0.04337591305375099,65120,1,0.13173098862171173,1.5356265356265356e-05,1.2866248344511888e-10
000755,26,0.7692307692307693,0.13211780786514282,65140,13,0.15655043721199036,0.00019957015658581516,1.050546671876873e-08
000705,50,1.0,0.062132205814123154,65066,6,0.18109887838363647,9.221405957028249e-05,6.65967636592768e-09
000723,56,0.9821428571428571,0.03566903620958328,65060,31,0.16626720130443573,0.0004764832462342453,2.7589082129964027e-09
000738,64,0.9375,0.08588411659002304,65012,12,0.16670413315296173,0.00018458130806620315,1.999404863894938e-09
001266,62,0.967741935483871,0.04375234246253967,65128,2,0.18523085117340088,3.0708758137820905e-05,4.557579313946292e-11
000364,15,0.9333333333333333,0.20811457931995392,65041,1,0.1662181317806244,1.537491735981919e-05,1.5635538653732683e-12
000791,30,0.8,0.12527449429035187,65146,0,0.0,0.0,6.408065744700764e-10
000048,36,1.0,0.13207592070102692,64860,21,0.17928247153759003,0.00032377428307123034,1.116157122282857e-08
000228,72,0.9722222222222222,0.07687348872423172,64994,6,0.1824997067451477,9.231621380435116e-05,6.510001870907445e-09
000956,84,1.0,0.024666229262948036,65044,7,0.17836418747901917,0.00010761945759793371,2.7051394457799915e-09
000570,71,0.971830985915493,0.03208332508802414,65107,4,0.14026930928230286,6.143732624756171e-05,1.2167955532049746e-08
000116,34,0.8823529411764706,0.1490066945552826,65176,1,0.11596445739269257,1.5343071069105193e-05,5.637428718285875e-11
000350,5,1.0,0.07439638674259186,65371,8,0.18488427996635437,0.00012237842468372826,2.0433423841836884e-09
000276,98,1.0,0.028273601084947586,65029,3,0.14964258670806885,4.613326362084609e-05,5.512216461056596e-09
001022,60,0.9833333333333333,0.08741249889135361,65110,0,0.0,0.0,2.2399128992572903e-12
000369,5,1.0,0.13015088438987732,65371,0,0.0,0.0,6.48666843437902e-14
001225,9,1.0,0.0433892160654068,65367,0,0.0,0.0,1.2135602852486604e-12
000129,19,0.6842105263157895,0.09621773660182953,65317,3,0.1662764698266983,4.5929849809391124e-05,8.832435338668176e-10
000947,67,0.9701492537313433,0.017351539805531502,65092,19,0.18070203065872192,0.0002918945492533645,1.4805813464136008e-08
000800,32,0.96875,0.1160195916891098,65134,25,0.1709829568862915,0.00038382411643688396,3.087116562383585e-09
000154,42,0.9761904761904762,0.17032867670059204,65107,0,0.0,0.0,7.562784491536856e-15
001168,9,0.8888888888888888,0.21685871481895447,65367,1,0.18248845636844635,1.5298239172671226e-05,4.085197069514379e-09
000602,58,0.9310344827586207,0.03348173201084137,65144,12,0.18681609630584717,0.00018420729460886652,8.784800442640517e-09
000210,62,0.9193548387096774,0.07523788511753082,65034,8,0.16727344691753387,0.0001230125780361042,4.361912608885632e-09
001284,46,1.0,0.03186478465795517,65200,10,0.1784239560365677,0.00015337423312883436,4.0861376504608415e-09
000534,19,1.0,0.030619103461503983,65317,0,0.0,0.0,2.3571320947619184e-14
000814,36,0.9722222222222222,0.09851803630590439,65100,1,0.16629037261009216,1.5360983102918587e-05,6.991011658463719e-10
000846,42,1.0,0.056635573506355286,65094,0,0.0,0.0,7.430220447159769e-15
001132,9,1.0,0.13646583259105682,65367,0,0.0,0.0,4.670670114234089e-15
000257,69,1.0,0.014972054399549961,65115,1,0.14684300124645233,1.535744452123167e-05,9.612186602225847e-09
000688,43,0.8837209302325582,0.10023630410432816,65073,10,0.15630435943603516,0.00015367356660980744,5.610203857031593e-09
001056,74,0.9594594594594594,0.056315891444683075,65040,1,0.17492307722568512,1.5375153751537514e-05,7.33302085720311e-10
000430,112,0.9642857142857143,0.08974266797304153,64815,13,0.15290404856204987,0.0002005708555118414,2.9075003737943916e-08
000900,55,0.9272727272727272,0.030162278562784195,65111,0,0.0,0.0,4.010263989187888e-16
000471,83,1.0,0.009167672134935856,65033,17,0.17757734656333923,0.000261405747851091,1.6666918511987205e-08
000833,20,1.0,0.049397747963666916,65326,0,0.0,0.0,1.6049290260493343e-13
000171,23,0.782608695652174,0.07927336543798447,65303,24,0.1620555967092514,0.0003675175719339081,5.876269248972221e-09
000567,55,0.9636363636363636,0.0316910594701767,65148,14,0.16857440769672394,0.00021489531528212684,5.810623093793765e-09
001043,63,1.0,0.017818452790379524,65086,0,0.0,0.0,2.2513291144526937e-12
000798,28,0.8571428571428571,0.13393621146678925,65146,0,0.0,0.0,5.022879247945644e-12
001085,50,1.0,0.05800677835941315,65144,3,0.14768564701080322,4.605182365221663e-05,3.007958104817021e-09
000895,45,1.0,0.01256517879664898,65156,0,0.0,0.0,4.201389128093147e-13
001121,18,0.9444444444444444,0.21800349652767181,65198,17,0.16459877789020538,0.00026074419460719655,3.0419411434223775e-09
000979,51,1.0,0.027887681499123573,65125,0,0.0,0.0,1.6593351692684166e-10
000363,5,1.0,0.15471570193767548,65371,10,0.15801526606082916,0.0001529730308546603,9.982994431112502e-10
000311,52,0.9807692307692307,0.022666318342089653,65149,10,0.15699276328086853,0.00015349429768684092,1.041507324828217e-08
000229,72,1.0,0.020160315558314323,65004,2,0.18742415308952332,3.076733739462187e-05,1.6632453192499952e-09
000234,58,1.0,0.019139444455504417,65163,13,0.1698787808418274,0.00019949971609655787,1.1447966130617715e-08
001073,86,1.0,0.01490061916410923,64992,0,0.0,0.0,4.8067039237764675e-09
000716,54,0.9444444444444444,0.06090288236737251,65052,39,0.18255658447742462,0.0005995203836930455,2.3210287025676735e-08
001005,38,0.9736842105263158,0.020369576290249825,65144,4,0.18413685262203217,6.140243153628883e-05,3.4189598374645414e-10
001119,9,0.8888888888888888,0.06736066937446594,65367,9,0.1793394386768341,0.00013768415255404102,3.1096331065683103e-10
001327,33,0.9696969696969697,0.06435798853635788,65243,0,0.0,0.0,2.5425980223169053e-13
000754,13,0.8461538461538461,0.0934448316693306,65333,0,0.0,0.0,2.6425572952179684e-14
000245,65,0.9692307692307692,0.04601278901100159,65116,0,0.0,0.0,6.921322205416438e-15
000780,14,0.9285714285714286,0.051533572375774384,65332,58,0.17242708802223206,0.0008877732198616298,1.568019669662135e-08
000277,98,0.9795918367346939,0.028210870921611786,65029,18,0.16269667446613312,0.0002767995817250765,1.350051292980936e-09
001052,61,1.0,0.02386125735938549,65112,28,0.1742187738418579,0.00043002825899987715,1.0637289271642203e-08
000856,22,0.9545454545454546,0.05471336469054222,65314,0,0.0,0.0,3.238541111850882e-15
000871,76,0.9868421052631579,0.016668405383825302,65030,17,0.11588360369205475,0.0002614178071659234,8.044304666832147e-10
000531,20,0.95,0.05028032138943672,65326,0,0.0,0.0,4.0675678327124504e-15
000472,71,0.9859154929577465,0.0190125685185194,65107,30,0.15428879857063293,0.0004607799468567128,3.39784200775739e-08
000083,9,1.0,4.467770122573711e-05,65367,12,0.1852216273546219,0.0001835788700720547,1.207802302616301e-09
000274,71,0.9577464788732394,0.05604582652449608,65134,9,0.1840154081583023,0.00013817668191727823,9.79717373894573e-09
000147,40,0.8,0.12052402645349503,65116,4,0.08876606076955795,6.142883469500583e-05,2.2607785435391214e-11
000096,30,0.8666666666666667,0.054184023290872574,65136,14,0.18280920386314392,0.0002149349054286416,1.0599345401374194e-08
000152,40,0.925,0.13488738238811493,65116,30,0.1780109405517578,0.00046071626021254374,7.748933050777396e-09
001158,27,1.0,0.11783204227685928,65029,0,0.0,0.0,1.328668147726475e-10
000453,125,0.984,0.012299822643399239,64754,21,0.15922251343727112,0.00032430429008246595,3.0331026579233367e-08
000057,9,0.8888888888888888,0.23042695224285126,65367,1,0.09078478068113327,1.5298239172671226e-05,5.365126121148478e-10
000411,14,0.7142857142857143,0.15632781386375427,65332,0,0.0,0.0,2.0816898552156182e-14
000388,5,1.0,0.22134757041931152,65371,0,0.0,0.0,1.4853529528986416e-15
000082,9,1.0,0.17311634123325348,65367,0,0.0,0.0,3.0148246756462075e-15
000655,36,0.8055555555555556,0.09611647576093674,65100,25,0.17939703166484833,0.00038402457757296467,2.4124959807636515e-09
000962,51,0.9019607843137255,0.031779687851667404,65136,0,0.0,0.0,2.617170658997573e-15
001086,60,0.9666666666666667,0.06590282171964645,65129,0,0.0,0.0,4.914659225240111e-15
000539,21,1.0,0.000988492975011468,65315,12,0.17086082696914673,0.00018372502487943045,4.437726630612815e-09
000381,5,1.0,0.07413233816623688,65371,1,0.1866973340511322,1.5297303085466033e-05,3.278001134421338e-11
000527,17,0.9411764705882353,0.05532124266028404,65319,15,0.16782261431217194,0.00022964221742525145,4.356362826030136e-09
000309,69,1.0,0.01194416917860508,65115,5,0.1628415882587433,7.678722260615834e-05,1.1362097929179527e-09
000065,9,1.0,0.16110527515411377,65367,0,0.0,0.0,1.9904084179185166e-15
000418,32,1.0,0.059515975415706635,65124,24,0.1508551687002182,0.0003685277317118113,6.183734857501122e-09
000306,83,1.0,0.01972346566617489,65033,36,0.15285007655620575,0.000553565113096428,2.1091800306294317e-08
000469,65,1.0,0.007113064173609018,65145,0,0.0,0.0,2.1511351033787207e-10
000088,9,1.0,0.14618878066539764,65367,0,0.0,0.0,2.805020808539744e-16
001007,64,1.0,0.005453262943774462,65089,7,0.1815635859966278,0.00010754505369570896,5.9372320393435984e-09
000690,22,1.0,0.027797896414995193,65304,0,0.0,0.0,9.049149624074104e-11
000686,42,0.9523809523809523,0.05326031893491745,65054,12,0.1563587337732315,0.0001844621391459403,6.338205071898528e-09
000428,98,0.9795918367346939,0.024906380102038383,65029,8,0.171777606010437,0.0001230220363222562,7.718047534410744e-09
000605,14,1.0,0.03992906212806702,65309,0,0.0,0.0,1.5816807499152707e-13
001067,78,0.9871794871794872,0.01508780475705862,65012,2,0.18480432033538818,3.076355134436719e-05,6.067299995748954e-09
001025,44,0.9772727272727273,0.020260315388441086,65130,59,0.1577948033809662,0.0009058805465991095,5.741270214798533e-08
001245,9,1.0,0.1676797717809677,65367,0,0.0,0.0,2.1451491694080005e-09
001045,79,0.9873417721518988,0.019976556301116943,65048,0,0.0,0.0,1.9676353879560793e-09
000767,26,0.7692307692307693,0.09311198443174362,65140,0,0.0,0.0,6.741516234143319e-10
000728,58,0.9655172413793104,0.017390305176377296,65038,7,0.11202763020992279,0.00010762938589747532,2.287312916848805e-08
001065,67,0.9850746268656716,0.036505844444036484,65092,0,0.0,0.0,2.6506679073889927e-09
000540,18,1.0,0.1500973403453827,65328,0,0.0,0.0,4.2410370462882263e-13
000658,38,0.8157894736842105,0.11243684589862823,65098,56,0.17529714107513428,0.000860241482073182,3.8070083974162117e-08
000549,54,0.48148148148148145,0.1292169839143753,65177,0,0.0,0.0,1.732431442746929e-08
000522,163,0.9631901840490797,0.029427647590637207,64638,34,0.15190260112285614,0.0005260063739595904,1.751194744770146e-08
000978,68,1.0,0.008519717492163181,65074,0,0.0,0.0,3.739802589245063e-14
000317,83,1.0,0.02893137000501156,65033,1,0.18443255126476288,1.5376808697123e-05,4.305352963029918e-09
000117,34,0.8529411764705882,0.10730227082967758,65102,19,0.17133259773254395,0.0002918497127584406,6.827301834988475e-09
000184,52,0.9230769230769231,0.1043713241815567,65064,9,0.1726013869047165,0.0001383253412025083,1.8905826237869405e-08
000631,15,0.7333333333333333,0.11222908645868301,65341,0,0.0,0.0,8.260858224687015e-15
000459,72,0.9722222222222222,0.03503315895795822,65083,1,0.0750466138124466,1.5364995467326338e-05,1.0799256600080298e-08
000804,32,0.9375,0.06851281225681305,65114,41,0.17261411249637604,0.0006296648954141966,1.7522356898780345e-08
000819,36,0.8888888888888888,0.05408687889575958,65110,66,0.17746201157569885,0.0010136691752418983,6.303692678955031e-09
001048,32,1.0,0.046736668795347214,65160,21,0.16592665016651154,0.00032228360957642724,1.4583111607180399e-08
000271,58,0.9310344827586207,0.06900915503501892,65144,10,0.16431161761283875,0.0001535060788407221,3.6835243744093304e-09
000358,10,1.0,0.2080119401216507,65206,0,0.0,0.0,2.2357284912288833e-09
000670,20,0.95,0.1365983784198761,65326,4,0.1551404893398285,6.123136270397697e-05,6.427339993564374e-09
000145,20,0.8,0.12630167603492737,65356,1,0.17524287104606628,1.5300814003304976e-05,1.1240394170997092e-09
000118,34,1.0,0.032801613211631775,65122,17,0.1701684445142746,0.000261048493596634,1.1161870538956009e-08
000239,138,1.0,0.010720431804656982,64684,7,0.14599712193012238,0.00010821841568239442,1.9384255978138754e-08
000126,18,0.9444444444444444,0.033749666064977646,65328,0,0.0,0.0,1.172373325976112e-15
000115,33,0.9090909090909091,0.08354007452726364,65113,0,0.0,0.0,4.226954342101408e-09
001171,9,0.8888888888888888,0.23235195875167847,65367,9,0.1682489514350891,0.00013768415255404102,3.3244886843419863e-09
000497,129,0.9844961240310077,0.026587078347802162,64734,5,0.15946564078330994,7.723916334538264e-05,5.603264074949266e-09
000847,42,0.9285714285714286,0.06307929009199142,65074,5,0.1493878811597824,7.683560254479515e-05,5.677204484300091e-09
000462,72,0.9861111111111112,0.03823840990662575,65083,31,0.1750052273273468,0.00047631485948711644,8.451780608709214e-09
000604,14,1.0,0.044052671641111374,65309,0,0.0,0.0,1.197906249021663e-13
000223,34,0.9705882352941176,0.059770528227090836,65212,0,0.0,0.0,9.849658930268998e-14
000810,34,0.9705882352941176,0.0317683219909668,65112,38,0.16459275782108307,0.0005836097800712618,1.4166529060943844e-10
000938,84,1.0,0.0766773670911789,65044,7,0.18181024491786957,0.00010761945759793371,1.0288754737075578e-08
000460,58,0.9482758620689655,0.010173212736845016,65147,12,0.10495155304670334,0.00018419881191766312,4.06906934813378e-08
001001,28,0.9285714285714286,0.05074620619416237,65198,1,0.08549303561449051,1.5337893800423325e-05,1.224816581490984e-09
001108,9,1.0,0.2256566882133484,65367,0,0.0,0.0,6.436335026147738e-14
000826,38,0.9736842105263158,0.040278103202581406,65108,29,0.16985580325126648,0.0004454137740369847,3.7856331402963406e-08
001252,56,1.0,0.06764215975999832,65176,11,0.17317120730876923,0.00016877378176015712,4.176706980274503e-09
000981,66,0.9696969696969697,0.020266931504011154,65071,11,0.16519469022750854,0.00016904611885478938,1.7935610774344468e-09
000429,112,1.0,0.026578634977340698,64816,0,0.0,0.0,3.797548386863525e-10
001277,65,0.9384615384615385,0.0349121168255806,65116,18,0.12736919522285461,0.0002457153387800233,4.954824106562228e-08
001080,72,0.9583333333333334,0.0310280192643404,65063,11,0.1769341081380844,0.00016906690438498072,6.244183230370848e-13
000707,50,0.96,0.053717926144599915,65076,26,0.13940943777561188,0.0003995328538939087,4.261706987307434e-09
000221,68,1.0,0.0580282099545002,64988,37,0.18523374199867249,0.0005693358773927494,1.520207248972838e-08
000265,56,1.0,0.009915164671838284,65176,0,0.0,0.0,1.311906990377268e-13
000672,40,0.9,0.07497681677341461,65106,1,0.15641964972019196,1.5359567474579917e-05,2.5457336239043116e-10
000752,18,0.6111111111111112,0.1802244782447815,65198,6,0.18589173257350922,9.202736280253996e-05,2.8039589747286264e-11
000481,160,0.975,0.0193458404392004,64621,11,0.16156312823295593,0.00017022330202256231,1.3163239387381509e-08
000384,20,0.9,0.15108530223369598,64876,15,0.1648850291967392,0.00023121030889697267,7.402173096693332e-09
000236,62,0.967741935483871,0.03451450914144516,65128,5,0.15542244911193848,7.677189534455227e-05,2.4673929566176867e-09
000125,36,0.5,0.04768764227628708,65120,0,0.0,0.0,2.0357433153214612e-15
000892,44,1.0,0.015955612063407898,65130,14,0.1593715101480484,0.00021495470597267006,4.984856527556758e-09
000238,83,1.0,0.006742185913026333,65033,4,0.1683109998703003,6.1507234788492e-05,4.920025720167587e-09
000639,16,1.0,0.1072123646736145,65330,9,0.1784208118915558,0.00013776213072095515,5.275293535333958e-09
000914,50,1.0,0.02324347011744976,65144,0,0.0,0.0,4.102422814975491e-14
000432,130,1.0,0.012570615857839584,64716,3,0.09442192316055298,4.6356387910254036e-05,8.428536091287242e-09
000489,123,0.959349593495935,0.04230707883834839,64753,24,0.1571759730577469,0.00037063919818386794,1.6672997205091633e-08
000513,163,1.0,0.01874370314180851,64609,13,0.13882090151309967,0.00020121035769010508,2.3863526266154622e-08
000114,16,1.0,0.022661404684185982,65330,24,0.1693362444639206,0.00036736568192254705,2.3310661845243885e-08
000719,56,0.9285714285714286,0.03536180034279823,65054,10,0.1477607786655426,0.0001537184492882836,1.905876345631441e-08
000643,32,0.875,0.1801263391971588,65137,7,0.1490316540002823,0.00010746580284630855,6.836046312352906e-11
000994,27,0.9629629629629629,0.14124362170696259,65159,10,0.10256316512823105,0.00015347074080326585,3.601003273345782e-09
000712,53,0.8301886792452831,0.1391913890838623,65094,3,0.10333434492349625,4.6087196976679875e-05,2.1855106700080507e-12
000242,134,0.9477611940298507,0.04622329771518707,64675,44,0.14701420068740845,0.0006803247004252029,9.97932581014993e-09
001207,18,1.0,0.10115160048007965,65198,6,0.1663830727338791,9.202736280253996e-05,8.996896561086487e-09
000201,58,0.9827586206896551,0.05592803657054901,65038,63,0.18381938338279724,0.0009686644730772779,6.780353611901546e-09
001312,56,1.0,0.0009632320143282413,65176,4,0.17353597283363342,6.137228427642077e-05,2.1894505305986023e-11
000524,20,1.0,0.0933089405298233,65326,0,0.0,0.0,2.187639305817335e-11
000198,56,0.9107142857142857,0.07324723154306412,65060,37,0.18100939691066742,0.0005687058100215186,5.724186458166969e-09
000543,20,0.9,0.05621800944209099,65306,8,0.16352605819702148,0.00012250022968793067,9.050245886044195e-09
000028,9,0.8888888888888888,0.11432809382677078,65367,9,0.17551879584789276,0.00013768415255404102,1.6048578022065385e-09
001323,55,0.9636363636363636,0.0435243621468544,65169,35,0.17269957065582275,0.000537065169022081,3.842614226812202e-09
000331,20,0.9,0.16803058981895447,64876,12,0.18547175824642181,0.00018496824711757815,5.939621683381802e-09
000222,34,1.0,0.033477213233709335,65282,0,0.0,0.0,1.0773554964815801e-10
000869,64,1.0,0.02216991037130356,65099,17,0.13852186501026154,0.0002611407241278668,2.3691562489602802e-08
000692,44,0.8636363636363636,0.16357733309268951,65082,0,0.0,0.0,5.873975195136438e-10
000842,20,1.0,0.028423160314559937,65326,9,0.18692469596862793,0.0001377705660839482,1.2758626100062287e-10
000795,30,0.9,0.18439613282680511,65211,10,0.17181657254695892,0.00015334836147275766,1.6338690400630185e-08
001078,60,0.9833333333333333,0.0074936202727258205,65096,12,0.14733432233333588,0.00018434312400147476,5.3393304000337594e-08
000896,26,1.0,0.008997155353426933,65196,3,0.09903723001480103,4.601509295048776e-05,4.641786510717338e-09
000052,9,1.0,0.2187478095293045,65367,0,0.0,0.0,2.3277687235574588e-15
001256,56,1.0,0.00016618185327388346,65176,36,0.1566029191017151,0.0005523505584877869,3.632851530710468e-08
000292,117,0.9829059829059829,0.02281794510781765,64771,2,0.06526540219783783,3.087801639622671e-05,3.310228091635281e-09
000070,9,1.0,0.1522263139486313,65367,0,0.0,0.0,1.3111090641651306e-15
000443,65,1.0,0.011030853725969791,65174,13,0.15929804742336273,0.00019946604474176818,1.64075808495312e-09
000343,5,1.0,0.22732755541801453,65371,0,0.0,0.0,2.9727049035528034e-15
000504,116,0.9396551724137931,0.04937613755464554,64829,0,0.0,0.0,1.121015988370111e-10
000203,58,0.9482758620689655,0.05337730795145035,65038,6,0.10886440426111221,9.225375934069313e-05,7.782823691071528e-11
000204,60,0.95,0.03385920077562332,65016,1,0.0930178165435791,1.5380829334317707e-05,6.7727849994980716e-09
000943,78,0.9871794871794872,0.007524627726525068,64997,18,0.1761125773191452,0.0002769358585780882,2.6694545240957268e-08
000886,55,1.0,0.014554983004927635,65111,0,0.0,0.0,4.560347884502479e-15
000337,5,1.0,0.1476573646068573,65371,0,0.0,0.0,9.674999847160567e-16
000146,40,0.875,0.06214914843440056,65116,2,0.18387334048748016,3.0714417347502915e-05,3.080312394043716e-10
000778,28,0.9285714285714286,0.046522531658411026,65128,10,0.1858448088169098,0.00015354379068910454,1.4455411090352754e-08
001051,61,0.9836065573770492,0.021162156015634537,65108,16,0.17866498231887817,0.000245745530503164,4.105906725726527e-09
000121,36,0.8888888888888888,0.0851638987660408,65100,12,0.18681377172470093,0.00018433179723502304,7.738430340964442e-09
000196,28,0.8214285714285714,0.05322188884019852,65298,5,0.15925802290439606,7.65720236454409e-05,1.2410029448517435e-08
000647,34,0.8529411764705882,0.11664968729019165,65126,15,0.1546814888715744,0.0002303227589595553,6.912407979342561e-09
001182,9,0.7777777777777778,0.17292486131191254,65393,0,0.0,0.0,8.610135569209776e-17
000972,38,1.0,0.019460637122392654,65159,1,0.18503983318805695,1.5347074080326587e-05,1.03984078292374e-11
000750,9,0.6666666666666666,0.17623619735240936,65367,2,0.11653481423854828,3.059647834534245e-05,7.438648308433216e-11
000568,58,1.0,0.01423303410410881,65147,0,0.0,0.0,5.024447524704101e-10
000585,65,1.0,0.01748969592154026,65116,0,0.0,0.0,1.3525212061438197e-09
000925,61,0.9180327868852459,0.06225508078932762,65142,0,0.0,0.0,1.1383807674292257e-08
001295,19,0.0,5.140449399476665e-09,65317,199,0.16314254701137543,0.0018678138922485724,2.494893180937652e-07
000280,58,1.0,0.03652982786297798,65163,43,0.16544374823570251,0.0006598836763193837,7.021766279535768e-09
000741,64,0.984375,0.027355320751667023,65022,25,0.16670465469360352,0.000384485251145766,8.652862426572483e-09
000360,5,0.6,0.2245190143585205,65408,0,0.0,0.0,1.4059920008506629e-15
000969,63,1.0,0.019235020503401756,65086,25,0.15070001780986786,0.000384107181267861,4.723902335967978e-08
000042,9,1.0,0.037640608847141266,65367,0,0.0,0.0,1.6537635844082743e-11
000087,9,1.0,6.6112055066569475e-12,65367,38,0.1742069125175476,0.0005813330885615066,9.043512605444448e-09
000975,40,0.975,0.03227511793375015,65150,4,0.12403729557991028,6.139677666922487e-05,1.6944747827096762e-08
000877,28,1.0,0.02104118838906288,65198,0,0.0,0.0,1.528080921117954e-16
000942,32,1.0,0.06906252354383469,65156,10,0.15489999949932098,0.00015347780710909202,1.297584173443056e-08
000998,53,1.0,0.015818869695067406,65128,38,0.14717762172222137,0.0005834664046185972,3.0995042976655895e-08
000356,5,1.0,0.07810644060373306,65371,0,0.0,0.0,1.838060259551355e-09
000697,46,0.8043478260869565,0.1105923056602478,65060,4,0.13222838938236237,6.148170919151552e-05,2.8367010962426775e-09
000403,13,0.9230769230769231,0.1878935694694519,65333,0,0.0,0.0,1.93537965195072e-15
000208,31,0.8709677419354839,0.0462631992995739,65275,0,0.0,0.0,3.662882510865363e-14
000514,71,0.0,0.05923318862915039,65107,282,0.1546800583600998,0.0027800390127021672,8.66124807430424e-08
000401,27,0.8148148148148148,0.18201865255832672,65179,0,0.0,0.0,4.895901680623165e-15
000248,60,0.9833333333333333,0.007868928834795952,65139,1,0.16809722781181335,1.5351786180322082e-05,4.3977482766521803e-10
000758,26,0.9230769230769231,0.11675900965929031,65150,2,0.1078016608953476,3.0698388334612435e-05,7.081550457144203e-09
001192,9,1.0,0.2011922299861908,65367,0,0.0,0.0,1.300889396205207e-10
001282,19,1.0,0.08493341505527496,65297,23,0.14550966024398804,0.0003522367030644593,3.136960557981183e-08
000876,58,0.9482758620689655,0.1573234647512436,65130,11,0.18454240262508392,0.00016889298326424075,1.256305193209073e-08
000764,28,0.7142857142857143,0.09782838821411133,65197,6,0.13984452188014984,9.202877433010722e-05,1.083412873303935e-11
000445,61,1.0,0.01227306853979826,65137,0,0.0,0.0,6.824373016559374e-14
000865,24,1.0,0.041357990354299545,65341,47,0.17706181108951569,0.0007193033470562128,1.0798267169320752e-08
000564,98,0.9795918367346939,0.04248610883951187,65029,32,0.1805514544248581,0.0004920881452890249,8.581421795383903e-09
000149,40,0.9,0.09680904448032379,65106,2,0.17192956805229187,3.0719134949159833e-05,1.4220461475034085e-09
000584,55,1.0,0.041547808796167374,65148,1,0.05984894186258316,1.5349665377294774e-05,1.312082942295234e-10
001019,38,1.0,0.0922568142414093,65203,2,0.14337211847305298,3.0673435271383216e-05,1.339650699400119e-11
001017,74,0.972972972972973,0.01197929959744215,65040,0,0.0,0.0,2.7990318951509607e-09
000308,83,0.9879518072289156,0.025506185367703438,65033,13,0.15090759098529816,0.000199898513062599,1.1110907749412036e-08
001318,39,1.0,0.029691267758607864,65225,2,0.11813923716545105,3.0663089306247606e-05,7.279503222434869e-09
000018,9,1.0,0.19445419311523438,65367,0,0.0,0.0,1.7762269433063693e-09
000056,9,1.0,0.010093191638588905,65367,7,0.1581486463546753,0.00010708767420869858,4.509248086037587e-09
000232,56,0.8928571428571429,0.14871029555797577,65175,0,0.0,0.0,2.2147597476688055e-14
000777,28,0.8214285714285714,0.09602908045053482,65148,20,0.17341090738773346,0.0003069933075458955,2.4450841351608688e-08
000328,5,1.0,0.18009769916534424,65371,0,0.0,0.0,1.4045438921482132e-15
001217,18,1.0,0.20229321718215942,65198,0,0.0,0.0,1.0813566708733902e-10
001219,18,1.0,0.06938017904758453,65198,7,0.13757319748401642,0.00010736525660296328,2.957145195381372e-09
000577,65,0.9846153846153847,0.04122086614370346,65145,0,0.0,0.0,1.1676528632875716e-09
000383,5,1.0,0.21601621806621552,65371,0,0.0,0.0,6.326007426227243e-13
001276,58,1.0,0.013309402391314507,65147,0,0.0,0.0,1.963832013673894e-10
000929,44,1.0,0.03601336106657982,65125,36,0.15292325615882874,0.0005527831094049904,2.3066011323180646e-09
000354,5,1.0,0.07751940190792084,65371,0,0.0,0.0,4.1104747101720907e-13
000029,9,0.8888888888888888,0.23771868646144867,65367,0,0.0,0.0,2.9614730349139745e-15
001118,9,1.0,0.062326617538928986,65367,0,0.0,0.0,1.2939880937590242e-11
000006,9,1.0,0.20526112616062164,65367,0,0.0,0.0,1.5886425508426782e-09
000105,28,0.8214285714285714,0.10620484501123428,65146,6,0.15396662056446075,9.21008196972953e-05,1.854492670538832e-09
000486,80,0.9875,0.02020793780684471,65073,1,0.08071887493133545,1.5367356660980745e-05,1.6122452706213153e-08
000074,9,0.7777777777777778,0.2213546633720398,65367,0,0.0,0.0,2.0150172661350958e-16
000275,83,0.9518072289156626,0.04756885766983032,65033,22,0.16329947113990784,0.000338289791336706,7.260510415108001e-09
001189,9,1.0,0.060051169246435165,65367,0,0.0,0.0,2.2417845032575434e-13
000612,15,1.0,0.03642546012997627,65300,0,0.0,0.0,1.1664966952443234e-12
000008,27,0.8148148148148148,0.11174344271421432,65029,0,0.0,0.0,1.400026199572385e-13
001093,55,0.9636363636363636,0.0903375968337059,65111,0,0.0,0.0,9.333875327104026e-16
000034,9,1.0,0.018697340041399002,65367,4,0.1756923496723175,6.11929566906849e-05,5.522737822616364e-09
000949,40,0.975,0.022914770990610123,65213,34,0.1627812385559082,0.0005213684388082131,2.8240030314208298e-09
000039,9,1.0,0.20965257287025452,65380,0,0.0,0.0,8.61263736042883e-16
001138,18,1.0,0.1347217559814453,65198,2,0.10146800428628922,3.067578760084665e-05,2.556383105201121e-09
000677,40,0.95,0.03838428109884262,65106,0,0.0,0.0,8.781018273618102e-11
001198,27,0.9629629629629629,0.12727275490760803,65029,6,0.12533803284168243,9.226652724169217e-05,6.310138633836004e-09
000696,46,0.8695652173913043,0.11657996475696564,65060,12,0.16606013476848602,0.00018444512757454656,9.36373911741839e-09
001230,27,1.0,0.06357031315565109,65029,6,0.1502486616373062,9.226652724169217e-05,3.235193091200017e-08
000590,80,1.0,0.016832102090120316,65073,0,0.0,0.0,7.2189229962695e-14
001243,18,1.0,0.04018126055598259,65315,28,0.16354231536388397,0.00042869172471867107,2.75915246206182e-09
000323,124,0.9838709677419355,0.019040752202272415,64794,18,0.15237024426460266,0.0002778035003241041,1.0989926302329422e-08
001032,88,0.9545454545454546,0.025023965165019035,64985,0,0.0,0.0,3.884990662506027e-10
000488,46,0.9130434782608695,0.08609125018119812,65200,1,0.0522402822971344,1.5337423312883436e-05,6.314192280143516e-09
000413,29,0.9655172413793104,0.024303870275616646,65117,34,0.17269089818000793,0.000522137076339512,5.19277021382436e-09
000700,48,0.9583333333333334,0.08189153671264648,65088,13,0.16296158730983734,0.00019972959685349065,6.3663625482490716e-09
000854,22,1.0,0.048007939010858536,65314,0,0.0,0.0,6.212538261607392e-10
000217,64,0.953125,0.026999739930033684,65022,15,0.15682317316532135,0.00023069115068745963,6.878055014425399e-09
000101,30,0.8333333333333334,0.07802626490592957,65146,1,0.06092113256454468,1.5350136616215885e-05,5.17112042075496e-08
000518,129,0.9534883720930233,0.059182971715927124,64715,3,0.13287025690078735,4.635710422622267e-05,2.36897679251058e-09
000578,80,1.0,0.02112375572323799,65073,3,0.16652140021324158,4.610206998294223e-05,6.357060433614947e-10
000950,41,1.0,0.000398543692426756,65145,8,0.1332918405532837,0.00012280297797221583,6.505536553902402e-09
000031,18,1.0,0.10455061495304108,65198,2,0.1815081089735031,3.067578760084665e-05,1.327701837361417e-10
000888,44,1.0,0.01349628809839487,65149,0,0.0,0.0,1.086300696612327e-16
000256,124,0.9838709677419355,0.018180619925260544,64771,38,0.12536616623401642,0.0005866823115283074,6.238396821345304e-08
000419,33,0.45454545454545453,0.061602476984262466,65150,0,0.0,0.0,1.7598807966479058e-09
000035,9,0.8888888888888888,0.20721739530563354,65367,4,0.1522856056690216,6.11929566906849e-05,4.008094744989421e-09
000872,79,0.9873417721518988,0.06627942621707916,65048,66,0.17236635088920593,0.0010146353462058787,1.4618331434235188e-08
001147,9,1.0,0.17503371834754944,65367,0,0.0,0.0,1.6065239806186847e-15
001033,35,1.0,0.013102825731039047,65171,73,0.17519739270210266,0.0011201301192248086,1.1767398611084445e-08
000991,47,1.0,0.01819515973329544,65124,6,0.1589331477880478,9.213193292795283e-05,1.1391495524648576e-09
001113,9,1.0,0.059352949261665344,65367,0,0.0,0.0,1.2455588996188385e-14
000884,35,1.0,0.10919848084449768,65171,28,0.15967199206352234,0.0004296389498396526,1.2589362885506716e-10
001292,12,0.9166666666666666,0.198961541056633,65334,0,0.0,0.0,7.642988464340306e-09
000235,80,0.9875,0.014088687486946583,65073,0,0.0,0.0,4.803861128332976e-11
000185,52,0.8653846153846154,0.06604012846946716,65054,50,0.16647525131702423,0.0007685922464414179,1.3150451838583876e-09
000404,32,0.90625,0.07853540778160095,65134,20,0.15795645117759705,0.00030705929314950715,8.798449968594468e-09
001071,47,1.0,0.06209277734160423,65124,0,0.0,0.0,8.330369727360676e-11
000340,5,1.0,0.022556772455573082,65371,2,0.15342842042446136,3.0594606170932065e-05,2.2484340507066686e-14
000387,5,0.6,0.22019079327583313,65371,1,0.1376207321882248,1.5297303085466033e-05,5.180750813971787e-15
000990,47,0.9787234042553191,0.019145332276821136,65124,0,0.0,0.0,1.3219406038572634e-15
000254,131,0.9694656488549618,0.029400892555713654,64707,100,0.16292138397693634,0.0015454278517007434,5.703864403017178e-08
000953,86,0.9883720930232558,0.03279624879360199,64992,0,0.0,0.0,1.3147273270064375e-09
000770,13,0.7692307692307693,0.1579490453004837,65343,3,0.1237846240401268,4.591157430788302e-05,8.628786574149672e-09
000241,117,1.0,0.013840744271874428,64758,0,0.0,0.0,5.055960983213481e-09
000559,54,1.0,0.017528096213936806,65177,9,0.18079696595668793,0.00013808552096598493,9.376603937738537e-10
000357,5,1.0,2.3148973923525773e-05,65371,27,0.17434293031692505,0.00041302718330758287,1.9170435905380145e-08
000905,75,0.96,0.01574413850903511,65052,16,0.17204025387763977,0.0002459570804894546,1.6761172005885783e-08
000068,18,0.8333333333333334,0.18692462146282196,65198,6,0.15655875205993652,9.202736280253996e-05,1.4953945637330435e-08
000097,30,0.9333333333333333,0.07949378341436386,65136,0,0.0,0.0,1.304669347952864e-14
000108,16,0.9375,0.07130935788154602,65340,4,0.15983742475509644,6.121824303642486e-05,1.3740798721073588e-08
000618,14,1.0,0.03486819192767143,65309,0,0.0,0.0,1.3471457293873917e-13
000982,108,0.9907407407407407,0.03674305975437164,64992,50,0.1468365639448166,0.0007693254554406696,5.290060833829102e-09
000743,66,0.7727272727272727,0.052279282361269,65000,0,0.0,0.0,2.825877754020212e-09
000279,58,1.0,0.0031481878831982613,65144,14,0.13673923909664154,0.00021490851037701093,1.844424168950809e-08
000824,38,0.9210526315789473,0.11790596693754196,65098,20,0.1566990464925766,0.00030722910074042214,1.2595823939420825e-08
001058,61,1.0,0.02625596523284912,65108,0,0.0,0.0,1.6552448922282784e-15
000681,42,0.8095238095238095,0.10735518485307693,65107,12,0.1686612218618393,0.00018431197874268512,4.348063686876458e-09
001196,9,1.0,0.00010831536201294512,65367,0,0.0,0.0,4.3858188103635396e-16
001275,54,1.0,0.013779975473880768,65177,10,0.15463200211524963,0.00015342835662887215,5.363706812033797e-09
000760,26,0.8076923076923077,0.15926358103752136,65180,0,0.0,0.0,2.1101742179790647e-15
000089,18,1.0,0.09824413806200027,65198,63,0.1665239930152893,0.0009662873094266695,6.025176801927046e-09
000054,27,0.8888888888888888,0.18353122472763062,65029,0,0.0,0.0,1.4176031008783507e-11
000624,30,0.9333333333333333,0.051727939397096634,65136,0,0.0,0.0,1.4390455493895615e-10
000987,26,1.0,0.006935048382729292,65196,46,0.17887809872627258,0.0007055647585741457,8.305496734806184e-09
001179,9,0.7777777777777778,0.1206459328532219,65367,3,0.151763454079628,4.589471751801368e-05,2.0584054460925927e-09
000338,5,1.0,0.20598569512367249,65371,0,0.0,0.0,7.695392793385437e-16
000206,60,0.9333333333333333,0.05323436111211777,65036,6,0.15729740262031555,9.225659634663878e-05,1.995196186044268e-08
000177,50,0.8,0.0633157342672348,65056,37,0.17197491228580475,0.0005687407771765863,1.2953132788595667e-08
000565,65,1.0,0.03853673115372658,65116,2,0.14154697954654694,3.0714417347502915e-05,1.5436729228213153e-08
001134,9,0.8888888888888888,0.18016354739665985,65393,0,0.0,0.0,1.2723127317193971e-15
000130,38,0.8947368421052632,0.07418635487556458,65088,12,0.16779331862926483,0.00018436578171091445,3.3320206593856483e-09
000952,50,1.0,0.004841442219913006,65141,2,0.07299861311912537,3.0702629680232115e-05,4.039250267595662e-09
001082,82,1.0,0.0325857475399971,65047,33,0.1617373526096344,0.0005073254723507618,2.749150951331103e-08
000136,38,0.868421052631579,0.10051262378692627,65098,0,0.0,0.0,2.5790003466141798e-09
000551,56,1.0,0.02005551941692829,65176,45,0.15582498908042908,0.0006904381981097336,3.820329297354874e-08
000288,58,0.9655172413793104,0.061838895082473755,65144,2,0.1804419755935669,3.0701215768144416e-05,5.417875481583678e-09
000619,14,0.9285714285714286,0.06254760921001434,65342,0,0.0,0.0,6.531410747532065e-14
000852,42,0.9285714285714286,0.04675048217177391,65054,23,0.15818342566490173,0.00035355243336305224,1.2875071009332828e-09
001165,9,1.0,0.05406157672405243,65367,8,0.17103765904903412,0.0001223859133813698,5.403787417535e-10
000321,115,1.0,0.007024355698376894,64779,16,0.16206279397010803,0.0002469936244770682,4.336889070089001e-09
001231,9,1.0,0.08188127726316452,65367,0,0.0,0.0,2.1312172268942928e-14
000501,113,1.0,0.01773511804640293,64775,9,0.1832260638475418,0.00013894249324585104,3.925774372248725e-09
000393,5,1.0,0.19316129386425018,65371,13,0.1648087203502655,0.00019886494011105843,2.1249990656002637e-09
000372,10,0.8,0.2372027337551117,65206,6,0.16596396267414093,9.201607214060056e-05,9.88854687022922e-09
000512,132,0.9696969696969697,0.024231169372797012,64686,2,0.09095180034637451,3.091859134897814e-05,1.931570459134946e-08
000424,141,1.0,0.019913524389266968,64644,53,0.16225147247314453,0.0008198750077346699,2.5554900418001125e-08
001211,9,1.0,0.19576726853847504,65367,2,0.07306788861751556,3.059647834534245e-05,9.601301975692422e-10
000977,44,0.9772727272727273,0.03385979309678078,65125,8,0.17557257413864136,0.00012284069097888675,3.1798876864996828e-09
000580,58,0.9482758620689655,0.026081401854753494,65147,19,0.1716156154870987,0.0002916481188696333,5.712921247180702e-09
000626,30,0.9333333333333333,0.07515230029821396,65136,6,0.15296503901481628,9.211495946941784e-05,4.806719022809602e-09
000218,66,0.9090909090909091,0.053512632846832275,65010,21,0.13833779096603394,0.0003230272265805261,1.8058708306512017e-08
000451,135,1.0,0.0027832714840769768,64782,3,0.07335495203733444,4.630915995183848e-05,1.9387158545214334e-08
000566,56,0.8928571428571429,0.13830451667308807,65176,0,0.0,0.0,1.155755174825693e-15
000165,44,0.9772727272727273,0.03929753974080086,65082,0,0.0,0.0,6.297769245119586e-14
000964,60,1.0,0.007474580314010382,65096,0,0.0,0.0,1.3050770464317907e-09
000407,26,0.9615384615384616,0.16841213405132294,65168,5,0.1626536101102829,7.672477289467223e-05,1.4293993766401059e-09
000517,58,1.0,0.009853970259428024,65147,23,0.12207788974046707,0.0003530477228421877,5.854601425880901e-08
000572,54,0.9814814814814815,0.025235069915652275,65177,36,0.182546928524971,0.0005523420838639397,2.8749231884006576e-09
001027,53,0.9811320754716981,0.027933595702052116,65128,0,0.0,0.0,2.5808508920709334e-16
001106,9,1.0,0.21611721813678741,65367,0,0.0,0.0,3.7816314478727325e-14
000662,38,1.0,0.04736872762441635,65108,7,0.16603313386440277,0.00010751366959513423,8.738893164661476e-09
000102,15,1.0,0.08322645723819733,65341,0,0.0,0.0,6.392886301711739e-14
000776,28,0.8214285714285714,0.13297875225543976,65138,2,0.11667021363973618,3.070404372255826e-05,1.5284046250840788e-09
000160,42,0.9285714285714286,0.09857183694839478,65054,12,0.18051426112651825,0.0001844621391459403,6.8519847573611514e-09
000072,9,1.0,0.01952933520078659,65367,4,0.13784882426261902,6.11929566906849e-05,5.944248565592503e-11
001062,57,0.9824561403508771,0.03916775807738304,65098,0,0.0,0.0,2.1584515384341814e-14
000899,46,0.9782608695652174,0.04021395742893219,65107,31,0.1557205468416214,0.0004761392784186032,8.480320445869438e-09
001091,82,0.9878048780487805,0.02307087928056717,65047,0,0.0,0.0,1.9215631308355796e-09
000024,9,1.0,0.08121029287576675,65367,5,0.14114637672901154,7.649119586335613e-05,2.8027248924478165e-11
000304,55,0.9636363636363636,0.04252269119024277,65148,8,0.15531067550182343,0.0001227973230183582,3.2292699625458e-09
000753,13,0.9230769230769231,0.13233724236488342,65343,0,0.0,0.0,1.4139559104998662e-15
000594,55,1.0,0.002969146938994527,65148,26,0.17462867498397827,0.00039909129980966415,8.087802427780844e-09
000769,13,1.0,0.2003268152475357,65343,0,0.0,0.0,3.9019827382822466e-16
000464,58,0.9137931034482759,0.0906154215335846,65163,47,0.15806059539318085,0.0007212682043490938,3.0288497043784446e-08
000044,9,0.8888888888888888,0.22553443908691406,65367,1,0.10025254637002945,1.5298239172671226e-05,8.698718967359298e-10
000007,9,1.0,0.07161165773868561,65367,8,0.18660026788711548,0.0001223859133813698,5.557022290242353e-12
000438,120,0.9916666666666667,0.018329616636037827,64755,0,0.0,0.0,4.212305171336084e-09
001313,58,1.0,0.027478642761707306,65163,10,0.17260730266571045,0.00015346132007427527,5.192219987293356e-09
000069,27,0.9259259259259259,0.1394382119178772,65029,8,0.15741266310214996,0.0001230220363222562,7.311196981163448e-09
001187,9,1.0,0.21927955746650696,65367,0,0.0,0.0,5.334403585521841e-09
000993,52,0.9615384615384616,0.0265919528901577,65125,0,0.0,0.0,1.6757131257613233e-15
000161,42,0.9285714285714286,0.051316726952791214,65054,51,0.1781616359949112,0.0007839640913702463,1.661238036021473e-09
000505,70,1.0,0.040436357259750366,65130,2,0.05887839198112488,3.070781513895286e-05,5.779526635052434e-09
001290,19,0.9473684210526315,0.055748350918293,65285,6,0.15510056912899017,9.190472543463277e-05,3.3461515780430773e-09
000546,46,0.9347826086956522,0.11947418004274368,65200,0,0.0,0.0,4.843678084488767e-13
000258,136,0.9705882352941176,0.03910619765520096,64687,86,0.16790658235549927,0.0013294788751990355,5.430928240457433e-08
001064,75,1.0,0.054176364094018936,65049,7,0.16754016280174255,0.00010761118541407247,6.816480269122849e-09
001228,9,1.0,0.1432253122329712,65367,7,0.1508454829454422,0.00010708767420869858,6.940530816734736e-09
001115,9,1.0,0.030003027990460396,65367,0,0.0,0.0,2.2863048260157726e-13
000674,40,1.0,0.08755074441432953,65116,2,0.13938769698143005,3.0714417347502915e-05,3.672932236131743e-10
001293,56,1.0,0.01043146662414074,65175,27,0.17537613213062286,0.0004142692750287687,5.489541710090862e-09
001269,61,0.9836065573770492,0.008433959446847439,65137,0,0.0,0.0,4.999146874240523e-09
001172,9,1.0,0.1413305103778839,65367,0,0.0,0.0,7.926409637155907e-13
001247,9,1.0,0.21733154356479645,65367,0,0.0,0.0,2.141574461170248e-12
000667,40,0.9,0.09776203334331512,65106,30,0.17319437861442566,0.00046078702423739745,8.90551365984038e-09
000641,32,0.8125,0.1512587070465088,65124,0,0.0,0.0,1.8801235253992216e-13
000172,47,0.9361702127659575,0.1071329191327095,65079,0,0.0,0.0,5.201390984588272e-10
000503,113,1.0,0.012104728259146214,64759,0,0.0,0.0,1.6132896407672348e-10
000181,50,0.88,0.055637821555137634,65046,3,0.13577498495578766,4.612120653076284e-05,4.659177044175067e-09
000726,58,0.8275862068965517,0.06988406181335449,65038,20,0.16385965049266815,0.0003075125311356438,2.1454418686062127e-08
000033,9,0.8888888888888888,0.20828789472579956,65367,2,0.1653454452753067,3.059647834534245e-05,3.0193871847217224e-09
000437,83,1.0,0.010691245086491108,65033,23,0.16777454316616058,0.000353666600033829,1.1758413798190759e-08
001263,98,0.9489795918367347,0.04432940483093262,65029,0,0.0,0.0,5.239965059078422e-11
000989,41,1.0,0.026895564049482346,65157,10,0.15208595991134644,0.00015347545160151633,7.765156517791638e-09
000376,5,1.0,0.19227038323879242,65371,0,0.0,0.0,1.2911207806758237e-15
000959,44,0.9772727272727273,0.050072845071554184,65130,0,0.0,0.0,3.357331912479111e-10
000491,136,1.0,0.01571487821638584,64687,55,0.15303967893123627,0.0008502481178598482,6.393165818963098e-08
001090,60,1.0,0.02031780034303665,65096,86,0.16258764266967773,0.001321125722010569,2.26895231492108e-08
000530,20,1.0,0.0049488740041852,65306,11,0.1200001984834671,0.00016843781582090466,2.6867194691249097e-08
001104,40,0.95,0.10108886659145355,65150,0,0.0,0.0,8.790279615311647e-09
000796,15,1.0,0.011246331967413425,65341,2,0.1539791226387024,3.0608653066221824e-05,2.8800322127153777e-09
000290,60,0.9833333333333333,0.055036112666130066,65139,0,0.0,0.0,9.236567066750467e-09
000179,50,0.96,0.041448622941970825,65056,0,0.0,0.0,1.0271229179681374e-11
000868,48,0.9791666666666666,0.022672096267342567,65048,12,0.16867594420909882,0.00018447915385561432,4.1740242373577985e-09
000264,58,1.0,0.03877299278974533,65144,0,0.0,0.0,2.2587317267079706e-15
000327,5,1.0,0.17865513265132904,65371,0,0.0,0.0,3.613915620887887e-15
000657,38,0.7631578947368421,0.1142839789390564,65098,3,0.1483181118965149,4.608436511106332e-05,6.652235207127433e-09
000442,110,0.9818181818181818,0.013671842403709888,64760,26,0.17445525527000427,0.00040148239654107476,1.1140945943566294e-08
001035,32,0.84375,0.19003531336784363,65156,42,0.17770320177078247,0.0006446067898581865,2.1806112471267625e-08
001136,9,1.0,0.18315786123275757,65367,0,0.0,0.0,4.017460734744016e-13
000251,71,1.0,0.01583976112306118,65107,1,0.11711084097623825,1.5359331561890427e-05,9.824411506542674e-09
000342,20,0.85,0.15974293649196625,64926,6,0.1420242041349411,9.24129008409574e-05,2.3753552458316562e-09
000098,15,0.9333333333333333,0.08748550713062286,65341,0,0.0,0.0,3.3299889512505843e-09
001166,9,1.0,0.034328263252973557,65367,0,0.0,0.0,3.602324822037659e-15
000829,19,0.9473684210526315,0.10293839126825333,65327,0,0.0,0.0,4.532640485166439e-09
001049,40,0.975,0.02903425693511963,65150,0,0.0,0.0,1.7441872162778018e-16
000104,30,0.7666666666666667,0.1442233771085739,65146,2,0.1749674379825592,3.070027323243177e-05,4.623848415263865e-09
000402,12,1.0,0.008149908855557442,65334,0,0.0,0.0,2.558485867609761e-09
000339,15,0.9333333333333333,0.19337007403373718,65041,0,0.0,0.0,3.0753032499025723e-12
000427,65,1.0,0.015238890424370766,65145,6,0.1648363322019577,9.210223347916187e-05,4.8812678343779226e-09
000078,9,0.8888888888888888,0.16643892228603363,65419,0,0.0,0.0,5.300492897109812e-15
001014,64,0.984375,0.04400588572025299,65128,20,0.1872362345457077,0.0003070875813782091,5.9630176352243325e-09
000139,38,0.9473684210526315,0.071504607796669,65118,1,0.07567232102155685,1.5356737000522127e-05,1.3688763456087827e-09
001152,9,1.0,0.06584610044956207,65367,0,0.0,0.0,1.51603894910958e-13
000479,58,0.9827586206896551,0.01590600050985813,65144,0,0.0,0.0,1.6321941020969177e-10
000175,24,0.9583333333333334,0.042564328759908676,65302,28,0.17686162889003754,0.00042877706655232613,2.868172011005754e-08
000435,120,0.9833333333333333,0.02997448667883873,64739,1,0.12991075217723846,1.5446639583558598e-05,1.0147771511981318e-08
001072,72,0.9722222222222222,0.0491805300116539,65049,12,0.14198186993598938,0.00018447631785269565,6.047857770141718e-09
000246,69,0.9855072463768116,0.011161813512444496,65115,11,0.11697333306074142,0.00016893188973354832,3.533739745265052e-09
000414,27,0.9259259259259259,0.03320283815264702,65129,68,0.16172853112220764,0.001044081745459012,2.33623298484531e-09
000638,32,0.9375,0.10505040735006332,65134,5,0.15357711911201477,7.676482328737679e-05,1.2257768411405578e-10
000904,49,0.9591836734693877,0.03903189301490784,65133,55,0.1772870570421219,0.0008444260206039949,1.991923426203357e-08
001321,37,0.918918918918919,0.055894676595926285,65214,28,0.1497797667980194,0.00042935565982764437,1.7925561035525561e-09
000396,5,1.0,1.2294740372453816e-05,65371,2,0.17370034754276276,3.0594606170932065e-05,4.2169659431046114e-10
000094,28,1.0,0.14138682186603546,65199,0,0.0,0.0,3.7072919734093546e-10
000805,16,0.75,0.21141861379146576,65410,1,0.14184534549713135,1.5288182235132244e-05,4.0055683921645657e-13
000005,9,1.0,0.02864871360361576,65367,0,0.0,0.0,1.132203635485524e-15
001316,56,1.0,0.010013594292104244,65176,8,0.15450075268745422,0.00012274456855284154,2.000261067891529e-09
001046,38,0.9736842105263158,0.016226917505264282,65144,0,0.0,0.0,2.6653280819390057e-15
000586,80,0.95,0.033711984753608704,65073,142,0.15014714002609253,0.0021821646458592657,1.6639378941363248e-07
001226,27,1.0,0.1802784949541092,65029,0,0.0,0.0,1.5186832911032178e-12
000079,9,1.0,0.12277580797672272,65367,0,0.0,0.0,2.586653544215658e-15
000725,58,0.8275862068965517,0.12164460867643356,65038,11,0.16127879917621613,0.00016913189212460408,4.111935680839451e-09
001296,80,1.0,0.01999959722161293,65073,1,0.10281196236610413,1.5367356660980745e-05,1.3747879279435438e-08
000827,38,1.0,0.03176097571849823,65118,3,0.17385230958461761,4.607021100156639e-05,5.838422634241169e-09
000103,15,1.0,0.0017732999986037612,65341,20,0.14642998576164246,0.0003060865306622182,8.927055539231787e-09
001099,88,0.9886363636363636,0.013112301006913185,64985,6,0.1770412176847458,9.232899899976918e-05,7.16963044489205e-10
001205,9,1.0,0.02295670658349991,65367,10,0.17871813476085663,0.00015298239172671226,7.864203510621337e-09
000368,5,0.8,0.1618989259004593,65371,0,0.0,0.0,2.683079351414614e-15
000278,55,0.9818181818181818,0.03526854142546654,65148,12,0.1805046945810318,0.0001841959845275373,6.973029709200773e-09
000190,53,1.0,0.06049024686217308,65032,0,0.0,0.0,1.031731478029485e-09
000544,49,0.9795918367346939,0.014143100939691067,65207,9,0.14322629570960999,0.00013802199150397964,9.49518685899875e-09
001260,58,0.9827586206896551,0.03174535930156708,65147,0,0.0,0.0,1.634464915842293e-12
000997,31,0.9354838709677419,0.15763220191001892,65185,11,0.1501593440771103,0.00016875047940477104,8.561065634182796e-09
000431,54,0.8518518518518519,0.15544240176677704,65177,0,0.0,0.0,1.6123605670208588e-15
000919,41,1.0,0.0132900420576334,65157,3,0.1734362244606018,4.6042635480454904e-05,9.470538797629047e-10
001197,9,1.0,0.14253953099250793,65367,0,0.0,0.0,2.7736093857842065e-15
001030,68,0.9558823529411765,0.0179605595767498,65032,0,0.0,0.0,4.078316018230055e-10
001173,18,1.0,0.042798351496458054,65198,3,0.1563090682029724,4.601368140126998e-05,8.075485169456442e-09
000454,56,0.9464285714285714,0.021571513265371323,65175,6,0.11981915682554245,9.205983889528193e-05,4.8351820325365225e-09
001157,9,1.0,0.07310865819454193,65367,0,0.0,0.0,5.831313622077505e-17
000164,44,0.9318181818181818,0.05752904713153839,65082,21,0.17453806102275848,0.0003226698626348299,1.1027054824808147e-08
001037,78,0.9743589743589743,0.019625108689069748,65012,7,0.1768777072429657,0.00010767242970528518,7.263977863658511e-09
000077,9,1.0,8.451743749304796e-10,65367,14,0.16458754241466522,0.00021417534841739716,1.0241605785665797e-08
000642,32,0.875,0.14932386577129364,65134,0,0.0,0.0,1.0440773801079217e-09
000828,38,0.868421052631579,0.06961078196763992,65068,10,0.15130330622196198,0.0001536853752996865,4.610756665357485e-09
000675,40,0.9,0.11632706224918365,65124,7,0.12302900850772858,0.00010748725508261163,1.219228895621427e-08
000702,49,0.8367346938775511,0.07889886200428009,65047,13,0.1589316576719284,0.00019985548910787584,3.738147569265493e-09
000310,61,1.0,0.01296487171202898,65137,4,0.11155213415622711,6.14090301978906e-05,1.7280603614722168e-08
000797,15,1.0,0.09410104900598526,65341,0,0.0,0.0,9.02372898625714e-11
000739,64,0.984375,0.034426260739564896,65012,39,0.17307493090629578,0.0005998892512151603,7.308713190212757e-09
000123,35,0.7714285714285715,0.1193699985742569,65120,10,0.17193371057510376,0.00015356265356265356,6.701582400125972e-09
001270,65,1.0,0.009170284494757652,65116,5,0.13093475997447968,7.67860433687573e-05,1.4752676413820609e-08
001170,9,1.0,0.22235682606697083,65367,3,0.14394982159137726,4.589471751801368e-05,3.317401464641989e-09
001117,9,1.0,0.1058027520775795,65367,0,0.0,0.0,2.1820669864102207e-14
000857,44,1.0,0.0316646546125412,65082,36,0.18049044907093048,0.0005531483359454227,2.265383658439646e-09
000477,83,1.0,0.009874734096229076,65033,3,0.15017329156398773,4.6130426091368996e-05,3.484484922822162e-09
000180,50,0.96,0.08685769140720367,65066,17,0.1605726033449173,0.000261273168782467,5.7136788633727065e-09
001130,9,1.0,0.0030482944566756487,65367,18,0.16137492656707764,0.00027536830510808204,1.1666219101869046e-08
000958,66,0.9848484848484849,0.028323225677013397,65071,9,0.15719318389892578,0.0001383104608811913,7.504661780899369e-09
000855,44,0.9318181818181818,0.14811551570892334,65113,0,0.0,0.0,5.7777816692066255e-16
001109,9,0.8888888888888888,0.20631374418735504,65367,25,0.17282412946224213,0.00038245597931678063,7.117605949069628e-10
001009,66,0.9545454545454546,0.016719575971364975,65071,41,0.18419434130191803,0.0006300809884587605,6.66734889520626e-09
000199,28,0.8928571428571429,0.04159453883767128,65268,21,0.18038418889045715,0.00032175032175032174,4.832557021217099e-09
001203,9,0.8888888888888888,0.21071061491966248,65367,0,0.0,0.0,3.72947850380001e-09
000676,40,0.85,0.09439536184072495,65184,20,0.16037243604660034,0.00030682376043200785,2.0497983754808047e-08
000132,38,0.9736842105263158,0.029752129688858986,65108,5,0.15492495894432068,7.679547828223874e-05,3.843469986719583e-09
000441,69,1.0,0.009580126963555813,65115,10,0.13777723908424377,0.00015357444521231668,7.160597448319095e-09
001261,72,0.9722222222222222,0.033119771629571915,65083,15,0.1603640615940094,0.00023047493200989506,1.021215911833906e-08
000878,41,0.975609756097561,0.02491859719157219,65145,0,0.0,0.0,4.1178723782960545e-16
000283,80,0.95,0.03493528813123703,65073,11,0.15280181169509888,0.00016904092327078819,1.43847831424182e-08
000408,16,1.0,0.13945433497428894,65320,2,0.15539425611495972,3.061849357011635e-05,1.4591716723799664e-10
000244,83,1.0,0.006060787942260504,65033,34,0.1506427526473999,0.000522811495702182,1.693713969075361e-08
000322,71,1.0,0.022232789546251297,65107,2,0.14171496033668518,3.0718663123780855e-05,6.730365154083984e-09
001105,18,0.9444444444444444,0.17434841394424438,65198,0,0.0,0.0,2.776580076968571e-09
000932,76,1.0,0.020370082929730415,65030,43,0.1657293289899826,0.0006612332769491004,2.8795730244723927e-08
