image_name,source,status,component_id,matched_component_id,category,area,fp_pixels,overlap_pixels,mean_probability,max_probability,minimum_distance_to_gt,centroid_y,centroid_x
000832,ohem,retained,1,1,boundary_excess,21,4,18,0.9268602728843689,0.9977636337280273,0.0,161.85714285714286,187.47619047619048
000710,ohem,retained,1,1,boundary_excess,22,1,17,0.919399082660675,0.919399082660675,0.0,211.0,110.5909090909091
000710,ohem,retained,2,2,boundary_excess,25,3,20,0.8710935711860657,0.9375358819961548,0.0,233.88,37.52
000316,ohem,retained,1,1,boundary_excess,55,3,55,0.7575786709785461,0.9701732397079468,0.0,64.6,164.6
000409,ohem,retained,1,1,boundary_excess,16,2,14,0.9257663488388062,0.9715797901153564,0.0,13.0,78.5
000409,ohem,retained,2,2,boundary_excess,19,5,15,0.8972581028938293,0.9997116923332214,0.0,106.63157894736842,239.47368421052633
000226,ohem,retained,1,1,boundary_excess,29,2,23,0.8997042179107666,0.957571268081665,0.0,70.3103448275862,171.6206896551724
000226,ohem,retained,2,2,boundary_excess,37,3,28,0.8886684775352478,0.9902228116989136,0.0,69.94594594594595,32.32432432432432
001255,ohem,retained,1,1,boundary_excess,73,4,68,0.8594286441802979,0.9995013475418091,0.0,109.23287671232876,170.76712328767124
001000,ohem,retained,1,1,boundary_excess,49,1,41,0.9496000409126282,0.9496000409126282,0.0,186.3469387755102,240.3265306122449
000763,ohem,retained,1,2,boundary_excess,15,3,14,0.9143767356872559,0.994107723236084,0.0,251.4,251.53333333333333
000763,erd,new,1,,far_fp,7,7,0,0.6945229768753052,0.8708673715591431,229.40139493908924,184.85714285714286,28.285714285714285
001319,ohem,retained,1,1,boundary_excess,34,1,34,0.6488317251205444,0.6488317251205444,0.0,10.823529411764707,111.32352941176471
000591,ohem,retained,1,1,boundary_excess,67,1,66,0.6072418689727783,0.6072418689727783,0.0,245.8507462686567,81.44776119402985
000484,ohem,removed,1,,boundary_excess,61,1,0,0.6611617803573608,0.6611617803573608,0.0,116.09836065573771,25.688524590163933
000484,ohem,retained,2,2,boundary_excess,65,3,64,0.6867247223854065,0.7929010987281799,0.0,131.69230769230768,229.4923076923077
001236,erd,new,1,,boundary_excess,12,3,0,0.675944983959198,0.8876127600669861,0.0,93.0,115.5
000915,ohem,retained,1,1,boundary_excess,63,3,62,0.835702121257782,0.9987038373947144,0.0,33.12698412698413,203.47619047619048
000523,ohem,retained,1,1,boundary_excess,51,9,50,0.864784300327301,0.9843378663063049,0.0,129.9607843137255,134.3921568627451
000765,ohem,retained,1,1,boundary_excess,17,4,12,0.9818329215049744,0.9992104768753052,0.0,126.94117647058823,126.23529411764706
000215,ohem,retained,1,1,boundary_excess,36,5,28,0.9476253390312195,0.9944579601287842,0.0,120.80555555555556,86.25
000215,ohem,retained,2,2,boundary_excess,29,2,24,0.9934121370315552,0.9984386563301086,0.0,185.17241379310346,21.310344827586206
001303,ohem,retained,1,1,boundary_excess,62,5,59,0.7384403347969055,0.9801678657531738,0.0,235.01612903225808,95.69354838709677
000644,ohem,retained,1,1,boundary_excess,20,4,16,0.960145890712738,0.9972642660140991,0.0,18.7,133.35
000644,ohem,retained,2,2,boundary_excess,19,6,13,0.9276125431060791,0.9995317459106445,0.0,242.05263157894737,118.42105263157895
001089,ohem,retained,1,1,boundary_excess,37,2,35,0.8207024335861206,0.90118408203125,0.0,187.2972972972973,216.72972972972974
000720,ohem,removed,1,,far_fp,45,45,0,0.9335423707962036,0.999962568283081,59.93329625508679,168.22222222222223,77.91111111111111
000720,ohem,retained,2,1,boundary_excess,23,5,19,0.8550219535827637,0.9978099465370178,0.0,231.08695652173913,106.08695652173913
000195,ohem,retained,1,1,boundary_excess,27,3,22,0.887650191783905,0.9950562715530396,0.0,76.62962962962963,93.14814814814815
000519,ohem,retained,1,1,boundary_excess,72,8,69,0.8473580479621887,0.998701810836792,0.0,172.73611111111111,149.84722222222223
000922,ohem,retained,1,1,boundary_excess,31,3,29,0.6756637692451477,0.9795325398445129,0.0,81.54838709677419,86.0
000965,ohem,retained,1,1,boundary_excess,80,4,79,0.8167365789413452,0.9857745170593262,0.0,32.8375,76.95
000281,ohem,removed,1,,boundary_excess,63,1,0,0.9701371192932129,0.9701371192932129,0.0,12.920634920634921,182.36507936507937
000849,ohem,retained,1,1,boundary_excess,22,3,18,0.9165878891944885,0.9945595860481262,0.0,196.6818181818182,238.72727272727272
000495,ohem,retained,1,1,boundary_excess,49,1,48,0.9997124075889587,0.9997124075889587,0.0,241.22448979591837,31.897959183673468
001257,ohem,retained,1,1,boundary_excess,71,4,68,0.7850698828697205,0.9914318323135376,0.0,47.647887323943664,217.83098591549296
000966,ohem,retained,1,1,boundary_excess,54,1,53,0.9156233668327332,0.9156233668327332,0.0,160.87037037037038,62.166666666666664
000935,ohem,retained,1,1,boundary_excess,61,8,58,0.8917132616043091,0.9987988471984863,0.0,52.967213114754095,60.32786885245902
000314,ohem,retained,1,1,boundary_excess,61,2,60,0.6163934469223022,0.6623241305351257,0.0,91.93442622950819,113.68852459016394
000128,ohem,retained,1,1,boundary_excess,19,5,17,0.9970560073852539,0.9995386600494385,0.0,193.89473684210526,14.0
000128,ohem,retained,2,2,boundary_excess,19,5,17,0.942500114440918,0.9952009916305542,0.0,250.42105263157896,209.10526315789474
000701,ohem,retained,1,1,boundary_excess,24,8,22,0.9566581845283508,0.9975850582122803,0.0,83.29166666666667,162.58333333333334
000701,ohem,retained,2,2,boundary_excess,26,9,23,0.9297895431518555,0.9998929500579834,0.0,239.69230769230768,34.88461538461539
000903,ohem,retained,1,1,boundary_excess,70,6,66,0.7983927130699158,0.9925877451896667,0.0,75.62857142857143,61.07142857142857
000144,ohem,retained,1,1,boundary_excess,20,3,14,0.9636588096618652,0.9995055198669434,0.0,169.5,113.05
000144,ohem,retained,2,2,boundary_excess,20,3,15,0.84064120054245,0.9983731508255005,0.0,222.75,132.4
000613,ohem,retained,1,1,boundary_excess,32,9,32,0.9936621189117432,0.9993674159049988,0.0,132.65625,135.4375
000313,ohem,retained,1,1,boundary_excess,84,3,82,0.8498668074607849,0.9800886511802673,0.0,88.77380952380952,20.976190476190474
000552,ohem,retained,1,1,boundary_excess,72,3,69,0.825164794921875,0.9691508412361145,0.0,190.51388888888889,194.86111111111111
000787,ohem,retained,1,1,boundary_excess,17,2,13,0.7695879936218262,0.8062766790390015,0.0,113.3529411764706,82.94117647058823
000536,ohem,removed,1,,boundary_excess,27,1,0,0.7244871258735657,0.7244871258735657,0.0,22.814814814814813,137.07407407407408
000615,ohem,retained,1,1,boundary_excess,25,8,25,0.9998965263366699,0.9999988079071045,0.0,131.88,134.88
000625,ohem,retained,1,1,boundary_excess,17,3,13,0.9346364140510559,0.9978825449943542,0.0,91.6470588235294,186.94117647058823
000610,ohem,retained,1,1,boundary_excess,22,10,21,0.9550918340682983,0.9999690055847168,0.0,132.13636363636363,135.5909090909091
001050,ohem,retained,1,1,boundary_excess,37,2,36,0.8107520341873169,0.9935283064842224,0.0,57.5945945945946,129.7027027027027
000440,ohem,retained,1,1,boundary_excess,75,3,74,0.8046939373016357,0.9940817952156067,0.0,89.21333333333334,234.97333333333333
000440,ohem,retained,2,2,boundary_excess,98,2,97,0.9329841136932373,0.9715274572372437,0.0,90.20408163265306,115.21428571428571
000812,ohem,retained,1,1,boundary_excess,18,3,13,0.8335667252540588,0.9827712178230286,0.0,54.55555555555556,156.38888888888889
000812,ohem,retained,2,2,boundary_excess,22,6,18,0.9822830557823181,0.999859094619751,0.0,139.4090909090909,177.4090909090909
000830,ohem,retained,1,1,boundary_excess,19,5,15,0.9392150044441223,0.9985016584396362,0.0,31.42105263157895,149.89473684210526
000830,ohem,retained,2,2,boundary_excess,22,4,18,0.9867979288101196,0.9976789355278015,0.0,74.5,223.5
000771,ohem,retained,1,1,boundary_excess,15,4,11,0.9231378436088562,0.9988742470741272,0.0,94.13333333333334,169.46666666666667
000771,ohem,removed,3,,detached_near_fp,2,2,0,0.7942956686019897,0.9273731112480164,2.0,253.0,18.5
000771,erd,new,2,,boundary_excess,13,3,0,0.828761100769043,0.9828650951385498,0.0,251.84615384615384,22.692307692307693
000209,ohem,retained,1,1,boundary_excess,30,4,26,0.9616497159004211,0.9927127957344055,0.0,118.23333333333333,241.36666666666667
000645,ohem,retained,1,1,boundary_excess,17,3,14,0.9960101246833801,0.9985710382461548,0.0,35.588235294117645,66.52941176470588
000645,ohem,retained,2,2,boundary_excess,15,3,14,0.9771654605865479,0.9987579584121704,0.0,239.13333333333333,17.066666666666666
000897,ohem,retained,1,1,boundary_excess,82,5,81,0.7868916392326355,0.9249069094657898,0.0,181.53658536585365,151.91463414634146
001036,ohem,retained,1,1,boundary_excess,63,10,60,0.7940130233764648,0.9942345023155212,0.0,50.87301587301587,213.93650793650792
000200,ohem,retained,1,1,boundary_excess,29,3,24,0.9343330264091492,0.986505925655365,0.0,6.0344827586206895,216.13793103448276
000200,ohem,retained,2,2,boundary_excess,31,4,25,0.8713408708572388,0.9977487921714783,0.0,173.4516129032258,176.61290322580646
000708,ohem,retained,1,1,boundary_excess,25,7,24,0.9209170937538147,0.997272789478302,0.0,83.64,170.32
000708,ohem,retained,2,2,boundary_excess,23,2,18,0.8981508016586304,0.9971349239349365,0.0,153.95652173913044,50.78260869565217
000474,ohem,retained,1,1,boundary_excess,60,1,60,0.9510295987129211,0.9510295987129211,0.0,127.0,54.5
000840,ohem,retained,1,1,boundary_excess,22,3,18,0.8235200047492981,0.9911796450614929,0.0,73.5,47.36363636363637
000840,erd,new,2,,boundary_excess,17,2,0,0.8896204233169556,0.916248619556427,0.0,163.23529411764707,42.11764705882353
000011,ohem,removed,1,,boundary_excess,10,1,0,0.9586131572723389,0.9586131572723389,0.0,21.0,198.2
000011,ohem,removed,2,,far_fp,21,21,0,0.8444673418998718,0.9945887327194214,82.97590011563598,78.14285714285714,132.38095238095238
000603,ohem,removed,1,,detached_near_fp,2,2,0,0.5275555849075317,0.5484012961387634,6.4031242374328485,50.0,144.5
000603,ohem,retained,2,1,boundary_excess,61,3,61,0.9248480796813965,0.9994518160820007,0.0,55.90163934426229,156.81967213114754
000560,ohem,retained,1,1,boundary_excess,74,5,71,0.9246454238891602,0.9922670722007751,0.0,209.6891891891892,17.16216216216216
000550,ohem,retained,1,1,boundary_excess,57,2,54,0.9221063256263733,0.9231747388839722,0.0,134.26315789473685,54.719298245614034
000498,ohem,retained,1,1,boundary_excess,59,1,59,0.5390576124191284,0.5390576124191284,0.0,121.03389830508475,217.38983050847457
000243,ohem,retained,1,1,boundary_excess,59,4,56,0.6481277346611023,0.7566553354263306,0.0,128.135593220339,132.08474576271186
000433,ohem,retained,1,1,boundary_excess,60,3,58,0.6579399704933167,0.7506152987480164,0.0,113.13333333333334,86.83333333333333
000106,ohem,retained,1,1,boundary_excess,17,5,12,0.9824849367141724,0.9995423555374146,0.0,103.76470588235294,100.94117647058823
000574,ohem,retained,1,1,boundary_excess,58,3,56,0.8695154786109924,0.9639383554458618,0.0,124.24137931034483,207.8448275862069
000837,ohem,retained,1,1,boundary_excess,18,3,15,0.9937400817871094,0.9990233182907104,0.0,145.33333333333334,27.0
000837,ohem,retained,2,2,boundary_excess,20,3,16,0.8848651051521301,0.9333979487419128,0.0,228.25,52.6
000608,ohem,retained,1,1,boundary_excess,41,10,41,0.9765833616256714,0.9999797344207764,0.0,132.90243902439025,135.4878048780488
000863,ohem,retained,1,2,boundary_excess,27,6,25,0.8148208260536194,0.9898450374603271,0.0,167.22222222222223,231.55555555555554
000863,ohem,retained,2,3,far_fp,8,8,5,0.8781622648239136,0.9964269995689392,84.48076704197234,193.125,147.125
000863,erd,new,1,,detached_near_fp,2,2,0,0.9175407886505127,0.9588059782981873,4.47213595499958,160.5,236.0
000863,erd,new,4,,far_fp,1,1,0,0.6259447336196899,0.6259447336196899,105.4229576515476,233.0,146.0
000600,ohem,removed,1,,boundary_excess,54,2,0,0.7835935354232788,0.9735636711120605,0.0,151.55555555555554,33.666666666666664
000555,ohem,retained,1,1,boundary_excess,83,8,76,0.9774331450462341,0.999643087387085,0.0,131.42168674698794,132.57831325301206
000636,ohem,retained,1,1,boundary_excess,17,4,17,0.9187869429588318,0.997519314289093,0.0,55.588235294117645,113.11764705882354
000636,ohem,retained,2,2,boundary_excess,15,4,14,0.9944237470626831,0.9993822574615479,0.0,213.4,123.4
000509,erd,new,1,,boundary_excess,64,1,0,0.7261321544647217,0.7261321544647217,0.0,211.703125,36.828125
000799,ohem,retained,1,1,boundary_excess,15,4,13,0.8915236592292786,0.9940724968910217,0.0,69.4,51.4
000799,ohem,retained,2,2,boundary_excess,14,4,11,0.9713606834411621,0.999497652053833,0.0,107.92857142857143,31.857142857142858
000297,ohem,retained,1,1,boundary_excess,64,2,62,0.646874189376831,0.6786090731620789,0.0,64.921875,140.453125
000933,ohem,retained,1,1,boundary_excess,35,4,34,0.9907962679862976,0.9996922016143799,0.0,82.85714285714286,192.94285714285715
000928,ohem,retained,1,1,boundary_excess,37,1,37,0.9957284331321716,0.9957284331321716,0.0,121.94594594594595,128.6216216216216
000910,ohem,removed,1,,boundary_excess,71,1,0,0.716267466545105,0.716267466545105,0.0,233.30985915492957,197.38028169014083
000131,ohem,retained,1,1,boundary_excess,18,3,14,0.9965850710868835,0.9997045397758484,0.0,66.66666666666667,213.77777777777777
000131,erd,new,2,,boundary_excess,14,3,0,0.8059288859367371,0.9218360781669617,0.0,73.5,39.5
000191,ohem,retained,1,1,boundary_excess,29,5,23,0.9408202171325684,0.9983798265457153,0.0,59.37931034482759,231.06896551724137
000191,ohem,retained,2,2,boundary_excess,28,6,26,0.9726142287254333,0.9993869066238403,0.0,140.67857142857142,210.5
000216,ohem,retained,1,1,boundary_excess,34,6,29,0.8123605847358704,0.9990033507347107,0.0,12.647058823529411,171.58823529411765
000216,ohem,retained,2,2,boundary_excess,27,1,23,0.9913809895515442,0.9913809895515442,0.0,67.18518518518519,190.85185185185185
000556,erd,new,1,,boundary_excess,57,1,0,0.8176303505897522,0.8176303505897522,0.0,81.21052631578948,246.0
000485,ohem,retained,2,2,boundary_excess,104,7,100,0.9158334732055664,0.9994698166847229,0.0,186.125,210.98076923076923
000557,ohem,retained,1,1,boundary_excess,62,1,61,0.8063534498214722,0.8063534498214722,0.0,28.06451612903226,94.24193548387096
000153,ohem,retained,1,1,boundary_excess,21,3,16,0.9272258281707764,0.9933043122291565,0.0,30.61904761904762,128.33333333333334
000153,ohem,retained,2,2,boundary_excess,21,5,19,0.9836603403091431,0.9993960857391357,0.0,87.38095238095238,233.95238095238096
000955,ohem,retained,1,1,boundary_excess,40,1,40,0.5166566371917725,0.5166566371917725,0.0,60.4,194.45
000511,ohem,retained,1,1,boundary_excess,68,2,67,0.7662940621376038,0.9921453595161438,0.0,194.85294117647058,150.55882352941177
000986,ohem,retained,1,1,boundary_excess,71,16,60,0.8756489753723145,0.9954378008842468,0.0,4.464788732394366,115.85915492957747
000740,ohem,retained,1,1,boundary_excess,33,7,30,0.9313468337059021,0.9968448877334595,0.0,93.54545454545455,40.09090909090909
000740,ohem,retained,2,2,boundary_excess,27,2,24,0.8916685581207275,0.9478347897529602,0.0,199.11111111111111,106.55555555555556
001068,ohem,retained,1,1,boundary_excess,70,1,69,0.5903466939926147,0.5903466939926147,0.0,181.0857142857143,163.34285714285716
000902,ohem,retained,1,1,boundary_excess,43,2,43,0.9365749359130859,0.994442880153656,0.0,94.86046511627907,122.48837209302326
000510,ohem,retained,1,1,far_fp,3,3,3,0.6171106696128845,0.7624264359474182,29.206163733020468,222.66666666666666,26.666666666666668
000510,ohem,retained,2,1,far_fp,7,7,7,0.8996400833129883,0.9925552010536194,25.0,224.42857142857142,30.714285714285715
000510,ohem,retained,3,2,boundary_excess,60,3,58,0.9248954653739929,0.993062436580658,0.0,248.11666666666667,49.233333333333334
000212,ohem,retained,1,1,boundary_excess,34,4,28,0.8967816829681396,0.9975903034210205,0.0,24.558823529411764,117.02941176470588
001074,ohem,retained,1,1,boundary_excess,54,3,53,0.7892095446586609,0.906450092792511,0.0,122.25925925925925,128.2962962962963
000189,ohem,retained,1,1,boundary_excess,29,5,21,0.9250089526176453,0.9875754117965698,0.0,180.79310344827587,155.41379310344828
000189,ohem,retained,2,2,boundary_excess,28,5,22,0.9277491569519043,0.993549644947052,0.0,205.28571428571428,88.89285714285714
000295,ohem,retained,2,2,boundary_excess,77,7,75,0.858673095703125,0.9853274822235107,0.0,244.44155844155844,36.20779220779221
000637,ohem,retained,1,1,boundary_excess,22,7,18,0.949421763420105,0.999817430973053,0.0,127.13636363636364,126.72727272727273
000637,ohem,retained,2,2,boundary_excess,16,3,16,0.9892837405204773,0.9989456534385681,0.0,171.25,237.5625
000944,ohem,retained,1,1,boundary_excess,69,1,69,0.7919701337814331,0.7919701337814331,0.0,186.1014492753623,35.78260869565217
000113,ohem,retained,1,1,boundary_excess,17,4,11,0.856948971748352,0.9862933158874512,0.0,91.6470588235294,164.2941176470588
000113,ohem,retained,2,2,boundary_excess,17,4,15,0.8957458734512329,0.9981753826141357,0.0,97.3529411764706,233.47058823529412
000575,erd,new,1,,boundary_excess,57,1,0,0.6288749575614929,0.6288749575614929,0.0,183.6315789473684,131.140350877193
000757,ohem,retained,1,1,boundary_excess,17,5,14,0.9316121935844421,0.999958872795105,0.0,184.41176470588235,98.3529411764706
000757,ohem,removed,2,,far_fp,1,1,0,0.8363280892372131,0.8363280892372131,12.083045973594572,197.0,92.0
000882,ohem,retained,1,1,boundary_excess,51,2,50,0.9868690967559814,0.9949283599853516,0.0,217.88235294117646,42.666666666666664
000917,ohem,retained,1,1,boundary_excess,58,2,57,0.6346932649612427,0.7246912121772766,0.0,66.70689655172414,241.70689655172413
000909,ohem,retained,1,1,boundary_excess,82,2,81,0.7590746879577637,0.8770870566368103,0.0,56.170731707317074,51.08536585365854
000909,ohem,removed,2,,far_fp,15,15,0,0.9176855683326721,0.9935135245323181,216.3792966066763,208.93333333333334,216.66666666666666
000801,ohem,retained,1,1,boundary_excess,18,4,13,0.9216114282608032,0.9989686012268066,0.0,53.166666666666664,201.94444444444446
000801,ohem,retained,2,2,boundary_excess,18,4,14,0.958371639251709,0.9989270567893982,0.0,244.22222222222223,181.5
000466,ohem,removed,1,,boundary_excess,57,1,0,0.6126771569252014,0.6126771569252014,0.0,134.26315789473685,115.80701754385964
000449,ohem,retained,1,1,boundary_excess,54,2,54,0.8592472672462463,0.9957358837127686,0.0,102.5925925925926,182.46296296296296
000449,ohem,retained,2,2,boundary_excess,70,1,70,0.9458765387535095,0.9458765387535095,0.0,174.61428571428573,169.12857142857143
000913,ohem,retained,1,1,boundary_excess,27,2,25,0.812904953956604,0.876056969165802,0.0,11.88888888888889,200.8148148148148
000607,ohem,retained,1,1,boundary_excess,24,10,24,0.9490653872489929,0.9999972581863403,0.0,131.25,134.83333333333334
001096,ohem,removed,1,,detached_near_fp,2,2,0,0.6139611005783081,0.6614574193954468,8.0,89.5,151.0
001096,ohem,retained,2,1,boundary_excess,61,2,61,0.8102993369102478,0.9063354134559631,0.0,97.77049180327869,157.37704918032787
001096,ohem,retained,3,3,detached_near_fp,2,2,2,0.8086248636245728,0.8655292987823486,3.605551275463989,103.0,146.5
001096,erd,new,2,,detached_near_fp,1,1,0,0.7771837115287781,0.7771837115287781,3.605551275463989,101.0,165.0
001096,erd,new,4,,detached_near_fp,2,2,0,0.659926176071167,0.6764132380485535,7.280109889280518,107.5,147.0
000850,ohem,retained,1,1,boundary_excess,20,2,16,0.9396418929100037,0.9979743361473083,0.0,129.2,125.95
000850,ohem,retained,2,2,boundary_excess,21,5,18,0.9941328763961792,0.9986979961395264,0.0,201.0952380952381,24.523809523809526
000426,ohem,retained,1,1,boundary_excess,70,3,68,0.7750029563903809,0.9152008891105652,0.0,219.85714285714286,148.34285714285716
000908,ohem,removed,1,,far_fp,6,6,0,0.7775538563728333,0.9042844176292419,135.08515832614626,107.16666666666667,169.83333333333334
000908,erd,new,1,,boundary_excess,66,1,0,0.7899541258811951,0.7899541258811951,0.0,170.1969696969697,37.09090909090909
001280,ohem,retained,1,1,boundary_excess,33,2,32,0.9982333779335022,0.9991957545280457,0.0,90.03030303030303,182.6969696969697
000167,ohem,retained,1,1,boundary_excess,21,2,17,0.8986525535583496,0.9536749720573425,0.0,122.38095238095238,212.57142857142858
000167,ohem,retained,2,2,boundary_excess,24,4,22,0.968411386013031,0.9980263113975525,0.0,127.125,128.04166666666666
000499,ohem,retained,1,1,boundary_excess,76,5,70,0.66243577003479,0.973365068435669,0.0,27.592105263157894,99.52631578947368
001066,ohem,retained,1,1,boundary_excess,73,2,72,0.7113263607025146,0.8601690530776978,0.0,95.17808219178082,190.56164383561645
000611,ohem,retained,1,1,boundary_excess,25,9,25,0.9999494552612305,0.9999983310699463,0.0,132.08,135.0
000980,ohem,retained,1,1,boundary_excess,38,5,35,0.8424199223518372,0.9849627017974854,0.0,7.7631578947368425,191.6578947368421
000194,ohem,retained,2,2,boundary_excess,27,2,23,0.9910553693771362,0.9925631880760193,0.0,173.77777777777777,49.111111111111114
000194,erd,new,1,,boundary_excess,21,1,0,0.915157675743103,0.915157675743103,0.0,78.57142857142857,123.80952380952381
000704,ohem,retained,1,1,boundary_excess,27,4,22,0.9221726059913635,0.995875895023346,0.0,103.85185185185185,191.25925925925927
000704,ohem,retained,2,2,boundary_excess,24,4,18,0.9800246953964233,0.9994593262672424,0.0,212.625,65.5
000930,ohem,retained,1,1,boundary_excess,68,7,66,0.8174635171890259,0.9977966547012329,0.0,204.85294117647058,82.3970588235294
000150,ohem,retained,1,1,boundary_excess,22,3,17,0.9976151585578918,0.9995576739311218,0.0,164.5,212.36363636363637
000687,ohem,retained,1,1,boundary_excess,22,6,13,0.8026159405708313,0.9749064445495605,0.0,51.59090909090909,117.04545454545455
000687,ohem,retained,2,2,boundary_excess,22,2,19,0.8872479200363159,0.996184766292572,0.0,133.95454545454547,87.86363636363636
000535,erd,new,1,,boundary_excess,32,1,0,0.6966965198516846,0.6966965198516846,0.0,70.96875,167.90625
001278,erd,new,1,,boundary_excess,52,1,0,0.832212507724762,0.832212507724762,0.0,14.326923076923077,69.8076923076923
000867,erd,new,1,,boundary_excess,25,8,0,0.790636420249939,0.9484047889709473,0.0,209.08,117.68
000867,erd,new,2,,boundary_excess,21,1,0,0.5693338513374329,0.5693338513374329,0.0,225.52380952380952,83.0952380952381
000722,ohem,removed,1,,boundary_excess,24,4,0,0.6229038238525391,0.7721574902534485,0.0,163.25,126.83333333333333
000722,ohem,retained,2,1,boundary_excess,26,4,24,0.9120476245880127,0.9941903352737427,0.0,249.73076923076923,24.653846153846153
000178,ohem,retained,1,1,boundary_excess,22,1,20,0.8487774729728699,0.8487774729728699,0.0,183.45454545454547,201.27272727272728
000747,ohem,retained,1,1,boundary_excess,33,4,32,0.9065243601799011,0.9959014058113098,0.0,113.3030303030303,88.66666666666667
000747,ohem,retained,2,2,boundary_excess,23,1,23,0.9974797368049622,0.9974797368049622,0.0,141.2173913043478,46.0
001162,erd,new,1,,boundary_excess,10,1,0,0.5184866786003113,0.5184866786003113,0.0,4.0,77.8
000405,ohem,retained,1,1,boundary_excess,20,5,16,0.843408465385437,0.9994219541549683,0.0,191.8,30.25
000405,ohem,retained,2,2,boundary_excess,13,3,12,0.7574756741523743,0.9433053731918335,0.0,246.30769230769232,16.0
001097,ohem,removed,1,,boundary_excess,36,2,0,0.6006053686141968,0.644659161567688,0.0,143.80555555555554,237.16666666666666
000506,ohem,removed,1,,far_fp,14,14,0,0.7387521862983704,0.922171413898468,94.64142856064674,128.64285714285714,137.35714285714286
000506,ohem,retained,2,1,boundary_excess,97,25,96,0.969729483127594,0.9999353885650635,0.0,204.53608247422682,205.6701030927835
000506,ohem,retained,3,2,boundary_excess,3,1,3,0.7193913459777832,0.7193913459777832,0.0,210.66666666666666,198.66666666666666
001102,ohem,retained,1,1,boundary_excess,42,3,41,0.8895103335380554,0.9928212761878967,0.0,7.357142857142857,130.45238095238096
000737,ohem,retained,1,1,boundary_excess,33,5,29,0.9684826135635376,0.9959881901741028,0.0,95.45454545454545,78.75757575757575
000737,ohem,retained,2,2,boundary_excess,25,3,20,0.8485336303710938,0.9423405528068542,0.0,122.48,22.88
000302,ohem,removed,1,,boundary_excess,71,2,0,0.710404634475708,0.8553673624992371,0.0,68.66197183098592,115.67605633802818
000699,ohem,retained,1,1,boundary_excess,25,6,23,0.9909873604774475,0.9979876279830933,0.0,61.68,33.32
000699,erd,new,2,,boundary_excess,23,5,0,0.5654980540275574,0.6070219874382019,0.0,219.91304347826087,46.69565217391305
000715,ohem,retained,1,1,boundary_excess,28,5,22,0.8187931180000305,0.9740637540817261,0.0,57.607142857142854,79.10714285714286
000715,ohem,retained,2,2,boundary_excess,29,6,22,0.9706902503967285,0.9999316930770874,0.0,106.06896551724138,221.24137931034483
000874,ohem,retained,1,1,boundary_excess,72,8,70,0.749638557434082,0.9992484450340271,0.0,122.19444444444444,14.11111111111111
000713,ohem,retained,1,1,boundary_excess,26,2,21,0.9712399244308472,0.9816796779632568,0.0,25.076923076923077,63.26923076923077
000713,ohem,retained,2,2,boundary_excess,27,2,21,0.9555505514144897,0.9918742775917053,0.0,119.03703703703704,35.51851851851852
000589,ohem,removed,1,,boundary_excess,51,1,0,0.8213655352592468,0.8213655352592468,0.0,98.19607843137256,230.11764705882354
000689,ohem,retained,1,2,boundary_excess,24,4,18,0.9245928525924683,0.9945677518844604,0.0,183.25,66.41666666666667
000689,erd,new,1,,boundary_excess,21,7,0,0.9052178263664246,0.9863965511322021,0.0,173.57142857142858,211.28571428571428
000266,ohem,retained,1,1,boundary_excess,65,1,64,0.6995473504066467,0.6995473504066467,0.0,7.615384615384615,24.907692307692308
000563,ohem,removed,1,,boundary_excess,61,4,0,0.7563775777816772,0.9424735307693481,0.0,128.08196721311475,131.9016393442623
000563,ohem,removed,2,,detached_near_fp,3,3,0,0.8218024373054504,0.8557373881340027,9.486832980505138,141.66666666666666,127.66666666666667
000330,ohem,retained,1,1,boundary_excess,9,4,9,0.9965092539787292,0.9997310042381287,0.0,64.0,48.0
000330,erd,new,2,,detached_near_fp,2,2,0,0.64530348777771,0.7167196869850159,5.0,68.0,52.5
000300,ohem,retained,1,1,boundary_excess,58,3,56,0.7907001376152039,0.9438038468360901,0.0,36.258620689655174,191.10344827586206
001264,ohem,retained,1,1,boundary_excess,101,4,97,0.8478775024414062,0.9970129728317261,0.0,77.08910891089108,73.73267326732673
000973,ohem,retained,1,1,boundary_excess,69,6,65,0.9172775745391846,0.9996077418327332,0.0,224.92753623188406,184.7826086956522
000666,ohem,retained,1,1,boundary_excess,20,2,15,0.9728730320930481,0.9839747548103333,0.0,87.5,118.5
000666,ohem,retained,2,2,boundary_excess,19,5,15,0.9621549844741821,0.9971139430999756,0.0,108.42105263157895,172.89473684210526
000820,ohem,retained,1,1,boundary_excess,20,5,16,0.9257199168205261,0.9981735944747925,0.0,49.6,38.05
000820,ohem,retained,2,2,boundary_excess,21,7,19,0.9349383115768433,0.999647855758667,0.0,198.0,200.0
000207,ohem,retained,1,1,boundary_excess,28,5,20,0.7960046529769897,0.90345299243927,0.0,19.821428571428573,37.107142857142854
000207,ohem,retained,2,2,boundary_excess,33,4,28,0.8440433740615845,0.9984146356582642,0.0,128.36363636363637,127.84848484848484
000182,ohem,retained,1,1,boundary_excess,26,5,23,0.9667722582817078,0.9991487264633179,0.0,70.88461538461539,70.96153846153847
000182,ohem,retained,2,2,boundary_excess,22,2,18,0.8138318061828613,0.8420533537864685,0.0,251.9090909090909,205.0909090909091
001176,ohem,retained,1,1,far_fp,38,38,36,0.9352478981018066,0.9999935626983643,224.08257406590099,14.921052631578947,208.8684210526316
001176,ohem,retained,2,1,far_fp,2,2,2,0.8892180919647217,0.9871110916137695,232.22833591101667,16.5,214.0
001176,ohem,retained,3,1,far_fp,2,2,2,0.8035992383956909,0.9897140860557556,225.10886255321003,20.5,208.0
001176,ohem,retained,5,2,far_fp,57,57,47,0.9446872472763062,0.9999871253967285,150.37286989347513,156.71929824561403,153.31578947368422
001176,ohem,retained,6,3,far_fp,3,3,3,0.8007310032844543,0.9822945594787598,151.24152868838638,160.0,148.0
001272,ohem,retained,1,1,boundary_excess,64,2,63,0.8113543391227722,0.9091129302978516,0.0,136.046875,132.5
000268,ohem,retained,1,1,boundary_excess,66,1,64,0.8974781632423401,0.8974781632423401,0.0,176.87878787878788,237.63636363636363
000906,ohem,retained,1,1,boundary_excess,89,7,88,0.8641297221183777,0.9763336777687073,0.0,201.4943820224719,107.14606741573034
000906,ohem,retained,2,2,far_fp,6,6,5,0.8850348591804504,0.9965907335281372,31.400636936215164,227.16666666666666,142.66666666666666
000906,ohem,retained,3,3,far_fp,20,20,16,0.8952494859695435,0.999349057674408,29.698484809834994,231.3,138.4
000633,ohem,retained,1,1,far_fp,8,8,6,0.7098715305328369,0.883733868598938,50.60632371551998,61.875,170.375
000633,ohem,retained,2,2,boundary_excess,22,7,12,0.906643271446228,0.9948965907096863,0.0,89.27272727272727,124.4090909090909
000633,ohem,removed,3,,far_fp,24,24,0,0.7200078368186951,0.919709324836731,94.89467845985885,106.625,223.45833333333334
000176,ohem,retained,1,1,boundary_excess,26,5,22,0.8627589344978333,0.9910928606987,0.0,16.46153846153846,100.03846153846153
000176,ohem,retained,2,2,boundary_excess,26,6,21,0.9327341914176941,0.9923946857452393,0.0,104.34615384615384,135.46153846153845
000220,ohem,retained,1,1,boundary_excess,35,10,32,0.9395452737808228,0.9994365572929382,0.0,12.142857142857142,13.885714285714286
000220,ohem,retained,2,2,boundary_excess,35,8,30,0.9331308603286743,0.9977071285247803,0.0,120.14285714285714,136.54285714285714
000188,ohem,retained,1,1,boundary_excess,27,2,21,0.9246289730072021,0.9864457249641418,0.0,107.03703703703704,158.5185185185185
000188,ohem,retained,2,2,boundary_excess,28,3,20,0.97330242395401,0.9976080656051636,0.0,190.07142857142858,196.25
001006,ohem,retained,1,1,boundary_excess,28,6,27,0.7840068936347961,0.9676795601844788,0.0,122.0,125.64285714285714
001006,ohem,retained,2,1,boundary_excess,11,1,10,0.8932456970214844,0.8932456970214844,0.0,121.54545454545455,136.27272727272728
000926,ohem,retained,1,1,boundary_excess,41,4,37,0.8067402839660645,0.9717679619789124,0.0,206.3170731707317,230.0
000684,ohem,retained,1,1,boundary_excess,19,2,16,0.9240671396255493,0.9842839241027832,0.0,17.157894736842106,120.47368421052632
000684,ohem,retained,2,2,boundary_excess,24,5,20,0.7798804640769958,0.938096284866333,0.0,45.791666666666664,72.91666666666667
000155,ohem,retained,1,1,boundary_excess,23,4,16,0.8849690556526184,0.9988738894462585,0.0,192.1304347826087,214.52173913043478
000703,ohem,retained,1,1,boundary_excess,21,3,19,0.7564300894737244,0.8810933828353882,0.0,86.0952380952381,69.52380952380952
000703,ohem,removed,2,,boundary_excess,19,4,0,0.8445994257926941,0.9898372292518616,0.0,89.73684210526316,78.89473684210526
000620,ohem,retained,1,1,boundary_excess,16,4,12,0.9580281972885132,0.9990102052688599,0.0,23.4375,78.625
000620,ohem,retained,2,2,boundary_excess,15,4,11,0.9545717835426331,0.9996479749679565,0.0,203.4,61.6
000839,ohem,retained,1,1,boundary_excess,18,2,13,0.9430826306343079,0.9772590398788452,0.0,19.77777777777778,76.5
000839,ohem,retained,2,2,boundary_excess,24,7,20,0.9047956466674805,0.9998261332511902,0.0,127.5,128.5
001300,ohem,retained,1,1,boundary_excess,78,10,75,0.9313713908195496,0.9987519979476929,0.0,107.41025641025641,127.85897435897436
000197,ohem,retained,1,1,boundary_excess,30,4,24,0.9720209836959839,0.9946264624595642,0.0,128.1,127.03333333333333
000197,ohem,retained,2,2,boundary_excess,29,6,25,0.9342469573020935,0.9988981485366821,0.0,199.75862068965517,251.44827586206895
000811,ohem,retained,2,2,boundary_excess,16,1,14,0.9900918006896973,0.9900918006896973,0.0,138.5,139.375
000601,erd,new,1,,boundary_excess,58,1,0,0.9024861454963684,0.9024861454963684,0.0,17.0,248.60344827586206
000735,ohem,retained,1,1,boundary_excess,29,4,25,0.7712012529373169,0.9782548546791077,0.0,187.27586206896552,130.41379310344828
001029,ohem,retained,1,1,boundary_excess,77,1,76,0.6579942107200623,0.6579942107200623,0.0,128.92207792207793,129.0
000623,ohem,retained,1,1,boundary_excess,17,2,14,0.9664903283119202,0.997008740901947,0.0,178.35294117647058,20.941176470588236
000813,ohem,retained,1,1,boundary_excess,17,4,10,0.8897026181221008,0.9694105386734009,0.0,2.764705882352941,21.41176470588235
000813,ohem,retained,2,2,boundary_excess,20,4,18,0.9090003967285156,0.9965235590934753,0.0,122.5,132.5
000493,ohem,retained,1,1,boundary_excess,59,2,58,0.787357747554779,0.9199691414833069,0.0,128.10169491525423,133.0
000493,erd,new,2,,boundary_excess,66,2,0,0.77556973695755,0.9486327767372131,0.0,141.72727272727272,33.40909090909091
000936,ohem,removed,1,,boundary_excess,39,5,0,0.6878238916397095,0.8155966401100159,0.0,121.7948717948718,129.07692307692307
000473,ohem,retained,1,1,boundary_excess,57,5,54,0.874836802482605,0.9879721999168396,0.0,187.56140350877192,13.368421052631579
000478,ohem,retained,1,1,boundary_excess,72,3,71,0.8619436621665955,0.9471014142036438,0.0,114.65277777777777,11.027777777777779
000478,ohem,retained,2,2,boundary_excess,71,6,69,0.8245909214019775,0.9885662198066711,0.0,127.26760563380282,132.69014084507043
000458,ohem,retained,1,1,boundary_excess,70,1,70,0.8422842025756836,0.8422842025756836,0.0,161.64285714285714,59.74285714285714
000709,ohem,retained,1,1,boundary_excess,26,3,21,0.9371766448020935,0.9566413164138794,0.0,3.3461538461538463,205.19230769230768
000709,erd,new,2,,boundary_excess,26,3,0,0.597673773765564,0.7268695831298828,0.0,180.92307692307693,161.96153846153845
001307,ohem,retained,1,1,boundary_excess,18,1,18,0.9213392734527588,0.9213392734527588,0.0,14.38888888888889,22.72222222222222
000781,ohem,retained,1,1,boundary_excess,20,6,14,0.9261404871940613,0.9987382292747498,0.0,95.85,68.05
000781,ohem,retained,2,2,boundary_excess,13,4,11,0.9897202253341675,0.9998747110366821,0.0,155.84615384615384,102.0
001004,ohem,retained,1,1,boundary_excess,75,3,73,0.7757560610771179,0.9478882551193237,0.0,156.66666666666666,101.48
000287,ohem,retained,1,1,boundary_excess,77,7,75,0.7335708737373352,0.9895817041397095,0.0,86.41558441558442,146.23376623376623
000482,ohem,retained,1,1,boundary_excess,82,5,78,0.8307755589485168,0.939844012260437,0.0,135.40243902439025,228.96341463414635
000941,ohem,removed,1,,boundary_excess,60,1,0,0.5844434499740601,0.5844434499740601,0.0,238.31666666666666,101.9
000284,ohem,retained,1,1,boundary_excess,72,2,72,0.8397481441497803,0.9908649325370789,0.0,113.23611111111111,220.90277777777777
000447,ohem,retained,1,1,boundary_excess,72,2,70,0.8482723832130432,0.9593715071678162,0.0,131.625,132.70833333333334
000894,ohem,retained,1,1,boundary_excess,64,5,64,0.9193441271781921,0.9968670010566711,0.0,136.234375,169.921875
000163,ohem,retained,1,1,boundary_excess,22,3,17,0.9525335431098938,0.9935292601585388,0.0,23.5,184.36363636363637
000163,ohem,retained,2,2,boundary_excess,24,4,19,0.975310206413269,0.9990723133087158,0.0,68.20833333333333,175.29166666666666
000744,ohem,retained,1,1,boundary_excess,35,5,30,0.9220820665359497,0.9930405616760254,0.0,162.14285714285714,183.05714285714285
000744,ohem,retained,2,2,boundary_excess,28,3,25,0.9927938580513,0.9939931035041809,0.0,197.14285714285714,87.17857142857143
000921,ohem,retained,1,1,boundary_excess,56,1,56,0.970008909702301,0.970008909702301,0.0,82.07142857142857,129.58928571428572
000173,ohem,retained,1,1,boundary_excess,21,1,18,0.9926566481590271,0.9926566481590271,0.0,14.857142857142858,128.1904761904762
000173,ohem,removed,2,,far_fp,10,10,0,0.9041061401367188,0.997900128364563,161.62301816263673,177.0,158.5
000173,ohem,removed,3,,far_fp,5,5,0,0.9692946672439575,0.9975848197937012,163.47782724271815,176.6,166.2
000806,ohem,retained,1,1,boundary_excess,17,3,15,0.8696331977844238,0.9834113717079163,0.0,27.647058823529413,32.529411764705884
000806,ohem,retained,2,2,boundary_excess,18,4,15,0.9829071760177612,0.9976025223731995,0.0,57.77777777777778,165.5
000629,erd,new,1,,boundary_excess,12,1,0,0.6362103819847107,0.6362103819847107,0.0,12.5,155.0
000870,ohem,retained,1,1,boundary_excess,32,3,31,0.7994653582572937,0.965620756149292,0.0,168.8125,33.75
000860,ohem,retained,1,1,boundary_excess,23,3,17,0.9075154662132263,0.9966155886650085,0.0,197.95652173913044,71.69565217391305
000660,ohem,retained,1,1,boundary_excess,16,1,15,0.9518749117851257,0.9518749117851257,0.0,196.8125,61.0
000664,ohem,retained,1,1,boundary_excess,17,3,11,0.9412688612937927,0.9957137107849121,0.0,36.64705882352941,171.94117647058823
000664,ohem,retained,2,2,boundary_excess,23,5,17,0.9195812344551086,0.9996867179870605,0.0,128.8695652173913,126.34782608695652
000533,ohem,retained,1,1,boundary_excess,43,1,43,0.9866561889648438,0.9866561889648438,0.0,152.1860465116279,76.30232558139535
000617,ohem,retained,1,1,boundary_excess,21,11,21,0.9660328030586243,0.9999997615814209,0.0,131.47619047619048,135.23809523809524
000961,erd,new,1,,boundary_excess,65,1,0,0.6216472387313843,0.6216472387313843,0.0,111.0,232.66153846153847
000940,ohem,retained,1,1,boundary_excess,42,3,40,0.7389295697212219,0.9986900687217712,0.0,174.26190476190476,12.642857142857142
001003,ohem,retained,1,1,boundary_excess,49,2,47,0.9787116050720215,0.9975296854972839,0.0,119.93877551020408,64.55102040816327
000305,ohem,retained,1,1,boundary_excess,68,3,66,0.7563367486000061,0.9917858242988586,0.0,99.72058823529412,76.07352941176471
001317,ohem,retained,1,1,far_fp,88,88,57,0.9721329212188721,1.0,27.0,124.27272727272727,189.0568181818182
001317,ohem,removed,2,,far_fp,2,2,0,0.9895742535591125,0.994731068611145,34.058772731852805,128.5,190.0
001317,ohem,removed,3,,far_fp,1,1,0,0.5288470983505249,0.5288470983505249,37.12142238654117,129.0,187.0
001317,ohem,retained,4,2,far_fp,1,1,1,0.9032849073410034,0.9032849073410034,14.142135623730951,138.0,215.0
001317,ohem,removed,5,,far_fp,1,1,0,0.5222163796424866,0.5222163796424866,21.93171219946131,144.0,210.0
001317,ohem,removed,6,,far_fp,4,4,0,0.7400414943695068,0.9716430902481079,19.72308292331602,145.5,214.5
000898,ohem,retained,1,1,boundary_excess,50,1,50,0.8131065964698792,0.8131065964698792,0.0,151.74,215.74
000883,ohem,removed,1,,boundary_excess,49,1,0,0.8466106653213501,0.8466106653213501,0.0,226.79591836734693,187.18367346938774
000732,ohem,retained,1,1,boundary_excess,30,5,24,0.8986835479736328,0.998627781867981,0.0,125.83333333333333,81.36666666666666
000622,ohem,retained,1,1,boundary_excess,21,7,19,0.9845879673957825,0.9996119141578674,0.0,34.0,28.0
000166,ohem,retained,1,1,boundary_excess,25,4,19,0.9364354610443115,0.9995697140693665,0.0,202.28,99.88
000166,ohem,retained,2,2,boundary_excess,16,2,13,0.7414305210113525,0.7705869674682617,0.0,214.6875,197.9375
000231,ohem,retained,1,1,boundary_excess,39,4,30,0.8971025347709656,0.9978392720222473,0.0,132.76923076923077,26.128205128205128
000231,ohem,retained,2,2,boundary_excess,27,2,23,0.7778962850570679,0.945662796497345,0.0,231.4814814814815,36.370370370370374
001281,ohem,retained,1,1,boundary_excess,29,1,27,0.5764384865760803,0.5764384865760803,0.0,85.3103448275862,131.0344827586207
001063,ohem,retained,1,1,boundary_excess,50,1,49,0.5954462885856628,0.5954462885856628,0.0,223.4,93.26
000628,ohem,removed,1,,boundary_excess,14,2,0,0.9776123762130737,0.9860209822654724,0.0,177.85714285714286,108.07142857142857
000628,ohem,retained,2,1,boundary_excess,13,3,12,0.9790332317352295,0.9997015595436096,0.0,198.92307692307693,61.53846153846154
000537,ohem,removed,2,,far_fp,10,10,0,0.8037468194961548,0.9703038930892944,90.69729874698585,91.5,122.4
000772,ohem,retained,2,2,boundary_excess,13,2,12,0.9611786603927612,0.9943020343780518,0.0,66.6923076923077,139.0
000772,erd,new,1,,boundary_excess,14,4,0,0.709550678730011,0.8603277206420898,0.0,30.214285714285715,57.857142857142854
000100,ohem,retained,1,1,boundary_excess,18,4,17,0.8728561401367188,0.9941196441650391,0.0,4.555555555555555,174.16666666666666
000100,ohem,retained,2,2,boundary_excess,15,3,13,0.722457230091095,0.844491720199585,0.0,39.86666666666667,221.93333333333334
000291,ohem,removed,1,,boundary_excess,61,1,0,0.5990875363349915,0.5990875363349915,0.0,9.065573770491802,220.5737704918033
000918,ohem,removed,1,,boundary_excess,52,1,0,0.6845964789390564,0.6845964789390564,0.0,121.73076923076923,129.3653846153846
000548,ohem,retained,1,1,boundary_excess,63,7,58,0.8549832105636597,0.9556314945220947,0.0,212.4126984126984,14.603174603174603
000548,ohem,retained,2,2,detached_near_fp,1,1,1,0.6037654876708984,0.6037654876708984,2.8284271247461903,217.0,7.0
000729,ohem,retained,1,1,boundary_excess,31,4,25,0.9350500106811523,0.997188150882721,0.0,243.6451612903226,169.6451612903226
000475,ohem,retained,1,1,boundary_excess,70,4,68,0.8323847651481628,0.9968296885490417,0.0,244.45714285714286,96.41428571428571
000731,ohem,retained,1,1,boundary_excess,25,3,25,0.997722327709198,0.9997164607048035,0.0,91.6,214.04
000974,ohem,retained,1,1,boundary_excess,67,3,65,0.6929267048835754,0.9689579606056213,0.0,116.68656716417911,23.35820895522388
001047,ohem,retained,1,1,boundary_excess,47,1,47,0.6565788984298706,0.6565788984298706,0.0,209.70212765957447,214.31914893617022
000595,ohem,retained,1,1,boundary_excess,60,14,52,0.8799842596054077,0.9999518394470215,0.0,197.81666666666666,203.21666666666667
000508,ohem,retained,1,1,boundary_excess,60,2,58,0.9160770177841187,0.9185541868209839,0.0,145.06666666666666,30.3
000508,ohem,removed,2,,boundary_excess,58,2,0,0.8288775682449341,0.8948183655738831,0.0,187.27586206896552,131.81034482758622
001101,ohem,retained,1,1,boundary_excess,88,17,79,0.843277096748352,0.9985818862915039,0.0,25.420454545454547,120.7159090909091
001253,ohem,retained,1,1,boundary_excess,102,4,97,0.7775041460990906,0.9519345164299011,0.0,177.18627450980392,126.30392156862744
000742,ohem,retained,1,1,boundary_excess,32,6,30,0.9245021343231201,0.996567964553833,0.0,125.5625,243.09375
000742,ohem,retained,2,2,boundary_excess,30,3,25,0.8756659626960754,0.9490818381309509,0.0,131.13333333333333,32.53333333333333
000140,ohem,retained,1,1,boundary_excess,22,3,16,0.9811533093452454,0.9974404573440552,0.0,79.5,110.36363636363636
000140,ohem,retained,2,2,boundary_excess,17,1,13,0.9151021838188171,0.9151021838188171,0.0,108.05882352941177,35.588235294117645
000434,ohem,removed,1,,boundary_excess,60,1,0,0.8724090456962585,0.8724090456962585,0.0,128.98333333333332,205.48333333333332
000120,ohem,retained,1,2,boundary_excess,19,4,15,0.8827281594276428,0.9861764311790466,0.0,117.63157894736842,188.47368421052633
000120,erd,new,1,,boundary_excess,19,6,0,0.7821750640869141,0.8477010726928711,0.0,26.63157894736842,11.947368421052632
000711,ohem,retained,1,1,boundary_excess,26,5,23,0.9456135034561157,0.99610835313797,0.0,82.5,234.0
000711,ohem,retained,2,2,boundary_excess,24,4,20,0.9953347444534302,0.9999221563339233,0.0,233.125,205.83333333333334
000137,ohem,retained,1,1,boundary_excess,18,1,15,0.7335392236709595,0.7335392236709595,0.0,44.27777777777778,202.61111111111111
000137,ohem,retained,2,2,boundary_excess,18,2,18,0.9491977691650391,0.9976574182510376,0.0,201.05555555555554,77.88888888888889
000995,ohem,retained,1,1,boundary_excess,82,1,80,0.6529130339622498,0.6529130339622498,0.0,131.23170731707316,193.21951219512195
001084,ohem,retained,1,1,boundary_excess,80,1,79,0.515245795249939,0.515245795249939,0.0,34.3375,45.025
000845,ohem,retained,1,1,boundary_excess,20,2,14,0.8494847416877747,0.980209469795227,0.0,123.85,144.05
000845,ohem,retained,2,2,boundary_excess,22,3,17,0.9822006821632385,0.9984657764434814,0.0,180.5,190.36363636363637
000452,ohem,retained,1,1,boundary_excess,76,8,69,0.8933881521224976,0.9937615990638733,0.0,235.71052631578948,25.0
000984,ohem,retained,1,1,boundary_excess,49,1,49,0.9619870781898499,0.9619870781898499,0.0,72.93877551020408,128.0204081632653
000086,erd,new,1,,boundary_excess,10,1,0,0.9373112916946411,0.9373112916946411,0.0,37.8,3.1
000967,ohem,retained,1,1,far_fp,19,19,15,0.9190798401832581,0.9971049427986145,152.2005256232711,70.15789473684211,217.31578947368422
000967,ohem,retained,2,2,boundary_excess,82,5,80,0.9058672189712524,0.9969620108604431,0.0,119.07317073170732,62.18292682926829
000788,ohem,retained,1,1,boundary_excess,13,1,13,0.990153968334198,0.990153968334198,0.0,14.692307692307692,52.0
000788,ohem,retained,2,2,boundary_excess,18,4,17,0.8501943349838257,0.9692227244377136,0.0,117.22222222222223,163.61111111111111
000416,ohem,retained,1,1,boundary_excess,18,2,15,0.9163539409637451,0.9967281818389893,0.0,248.27777777777777,69.38888888888889
000138,ohem,retained,1,1,boundary_excess,18,1,13,0.9220824241638184,0.9220824241638184,0.0,200.22222222222223,151.5
000112,ohem,retained,1,1,boundary_excess,16,2,13,0.9723730087280273,0.9906103014945984,0.0,40.8125,101.6875
001308,ohem,retained,1,1,boundary_excess,21,4,20,0.9809759855270386,0.9953239560127258,0.0,236.33333333333334,154.71428571428572
000762,ohem,retained,1,1,boundary_excess,13,4,12,0.9308792948722839,0.9996688365936279,0.0,70.61538461538461,140.3846153846154
000762,ohem,retained,2,2,boundary_excess,15,3,15,0.9710438847541809,0.9994887113571167,0.0,216.8,205.8
001081,ohem,retained,1,1,boundary_excess,49,3,49,0.9161336421966553,0.9962325692176819,0.0,27.897959183673468,84.55102040816327
000821,ohem,retained,1,1,boundary_excess,20,5,15,0.8372764587402344,0.9936333894729614,0.0,197.9,94.05
000821,ohem,retained,2,2,boundary_excess,18,3,16,0.8391149640083313,0.9631297588348389,0.0,200.66666666666666,30.77777777777778
001302,erd,new,1,,boundary_excess,67,1,0,0.6257940530776978,0.6257940530776978,0.0,22.850746268656717,211.55223880597015
000480,ohem,retained,1,1,boundary_excess,56,1,55,0.9624146223068237,0.9624146223068237,0.0,106.26785714285714,40.67857142857143
000480,ohem,retained,2,2,boundary_excess,63,4,61,0.8842376470565796,0.9975368976593018,0.0,250.55555555555554,108.4920634920635
000775,ohem,retained,1,1,boundary_excess,14,3,11,0.8209872245788574,0.9920821189880371,0.0,154.14285714285714,29.071428571428573
000775,ohem,retained,2,2,boundary_excess,17,5,13,0.8201781511306763,0.9978852868080139,0.0,237.41176470588235,177.11764705882354
000525,ohem,retained,1,1,boundary_excess,19,3,16,0.6572393774986267,0.7791066765785217,0.0,229.68421052631578,222.1578947368421
001262,ohem,retained,1,1,boundary_excess,75,10,69,0.9531718492507935,0.9998924732208252,0.0,242.2,12.986666666666666
000124,ohem,retained,1,1,boundary_excess,19,2,14,0.8835679292678833,0.987967312335968,0.0,36.0,144.10526315789474
000124,ohem,retained,2,2,boundary_excess,26,9,13,0.9604750871658325,0.9987494945526123,0.0,247.23076923076923,238.5
001069,ohem,retained,1,1,boundary_excess,60,3,57,0.7084407210350037,0.9097676277160645,0.0,211.91666666666666,207.61666666666667
000782,ohem,retained,1,1,boundary_excess,13,3,10,0.946232259273529,0.998259961605072,0.0,194.53846153846155,227.6153846153846
000782,ohem,retained,2,2,boundary_excess,16,4,13,0.9549605846405029,0.9978455305099487,0.0,213.0,198.5
000490,ohem,retained,1,1,boundary_excess,60,1,57,0.9971253275871277,0.9971253275871277,0.0,155.15,214.31666666666666
000465,ohem,retained,1,1,boundary_excess,60,2,60,0.9241535663604736,0.940148115158081,0.0,4.783333333333333,23.283333333333335
000465,ohem,retained,2,2,boundary_excess,105,9,97,0.8417074084281921,0.9997121691703796,0.0,223.63809523809525,245.04761904761904
001286,ohem,retained,1,1,boundary_excess,60,2,59,0.8759923577308655,0.9998279809951782,0.0,244.0,95.88333333333334
001060,ohem,retained,1,1,boundary_excess,58,2,57,0.7468595504760742,0.9673206806182861,0.0,179.0,40.53448275862069
000685,ohem,retained,1,1,boundary_excess,17,3,17,0.9591742157936096,0.9854961037635803,0.0,25.0,202.0
000685,ohem,retained,2,2,boundary_excess,20,4,16,0.8525228500366211,0.9979010820388794,0.0,125.95,146.1
000717,ohem,retained,1,1,boundary_excess,31,8,29,0.9189748764038086,0.9981677532196045,0.0,156.5483870967742,22.580645161290324
000939,ohem,removed,1,,boundary_excess,42,1,0,0.9805293679237366,0.9805293679237366,0.0,156.88095238095238,236.6904761904762
000971,ohem,retained,1,1,far_fp,17,17,14,0.9313992857933044,0.9999678134918213,72.00694410957877,35.35294117647059,109.0
000971,ohem,removed,2,,far_fp,4,4,0,0.6274042129516602,0.795403778553009,64.66065264130884,39.5,100.5
000971,erd,new,2,,far_fp,18,18,0,0.9086335301399231,0.9966541528701782,105.22357150372724,79.61111111111111,170.66666666666666
000727,ohem,retained,1,1,boundary_excess,30,6,22,0.8499500155448914,0.9548160433769226,0.0,24.633333333333333,37.7
000727,erd,new,2,,boundary_excess,22,4,0,0.8322649002075195,0.9885613322257996,0.0,234.6818181818182,17.727272727272727
000170,ohem,retained,2,2,boundary_excess,18,2,14,0.9117016792297363,0.9927399754524231,0.0,186.33333333333334,11.88888888888889
000170,erd,new,1,,boundary_excess,22,1,0,0.5520652532577515,0.5520652532577515,0.0,14.772727272727273,61.77272727272727
000187,ohem,retained,1,1,boundary_excess,27,2,19,0.749915361404419,0.9988929629325867,0.0,128.85185185185185,126.51851851851852
000187,ohem,retained,2,2,boundary_excess,27,7,24,0.9332553744316101,0.999092698097229,0.0,192.55555555555554,100.5925925925926
000671,ohem,retained,1,1,boundary_excess,19,3,17,0.9099605083465576,0.9911455512046814,0.0,79.36842105263158,105.73684210526316
000671,ohem,retained,2,2,boundary_excess,13,2,13,0.9871546030044556,0.9991092085838318,0.0,80.23076923076923,131.53846153846155
000976,ohem,retained,1,1,boundary_excess,44,5,43,0.9332098960876465,0.99861741065979,0.0,70.68181818181819,176.20454545454547
000976,ohem,removed,2,,far_fp,14,14,0,0.8790916204452515,0.9908435344696045,74.46475676452586,98.14285714285714,96.71428571428571
000562,ohem,removed,1,,boundary_excess,60,2,0,0.9046157598495483,0.9963286519050598,0.0,44.583333333333336,171.25
000651,ohem,retained,1,1,boundary_excess,16,2,15,0.9566452503204346,0.9976062774658203,0.0,2.75,155.4375
000831,ohem,retained,1,1,boundary_excess,17,1,13,0.9885834455490112,0.9885834455490112,0.0,35.05882352941177,188.58823529411765
000831,ohem,retained,2,2,boundary_excess,21,4,18,0.9612584114074707,0.9987213015556335,0.0,72.85714285714286,42.476190476190474
000157,ohem,retained,1,1,boundary_excess,18,1,15,0.9872744083404541,0.9872744083404541,0.0,195.11111111111111,37.05555555555556
000682,ohem,retained,1,1,boundary_excess,20,5,17,0.9786408543586731,0.9979098439216614,0.0,231.05,203.1
000682,ohem,retained,2,2,boundary_excess,21,4,17,0.8478702306747437,0.9949942231178284,0.0,232.28571428571428,86.71428571428571
001010,ohem,retained,1,1,boundary_excess,56,1,55,0.9755769968032837,0.9755769968032837,0.0,104.30357142857143,93.91071428571429
000294,ohem,retained,1,1,boundary_excess,69,7,65,0.7934335470199585,0.9802750945091248,0.0,6.536231884057971,89.43478260869566
000294,ohem,retained,2,2,boundary_excess,58,6,58,0.9725871086120605,0.9987371563911438,0.0,149.75862068965517,201.32758620689654
000159,ohem,retained,1,1,boundary_excess,22,6,18,0.9574064612388611,0.9994379878044128,0.0,52.13636363636363,8.636363636363637
000159,ohem,removed,2,,detached_near_fp,1,1,0,0.8044582009315491,0.8044582009315491,3.0,52.0,3.0
000159,ohem,retained,4,3,boundary_excess,13,1,10,0.9875410199165344,0.9875410199165344,0.0,239.0,162.15384615384616
001088,ohem,retained,1,1,boundary_excess,64,5,63,0.9470828175544739,0.9873336553573608,0.0,20.3125,37.703125
000289,ohem,retained,2,2,boundary_excess,56,4,55,0.7730401158332825,0.907919704914093,0.0,127.55357142857143,132.53571428571428
000289,erd,new,1,,boundary_excess,63,1,0,0.7144824266433716,0.7144824266433716,0.0,62.92063492063492,95.36507936507937
000169,ohem,retained,1,1,boundary_excess,25,5,19,0.9307534098625183,0.9836930632591248,0.0,107.24,103.2
000169,ohem,retained,2,2,boundary_excess,23,4,20,0.9938357472419739,0.9991779923439026,0.0,228.47826086956522,199.6086956521739
000135,ohem,retained,1,1,boundary_excess,23,4,18,0.821850061416626,0.9859207272529602,0.0,23.869565217391305,252.17391304347825
000135,ohem,retained,2,2,boundary_excess,20,4,16,0.9747816920280457,0.9982092380523682,0.0,86.75,90.55
000456,ohem,retained,1,1,boundary_excess,58,6,56,0.88385009765625,0.9995237588882446,0.0,58.63793103448276,192.56896551724137
000456,erd,new,2,,boundary_excess,57,1,0,0.6699284315109253,0.6699284315109253,0.0,215.2280701754386,14.035087719298245
000691,ohem,retained,1,1,boundary_excess,23,4,18,0.8260620832443237,0.995881199836731,0.0,92.17391304347827,37.608695652173914
000691,ohem,retained,2,2,boundary_excess,23,4,17,0.8504323959350586,0.9718583226203918,0.0,163.3913043478261,108.56521739130434
000483,ohem,retained,1,1,boundary_excess,62,5,60,0.9369799494743347,0.9990472197532654,0.0,156.03225806451613,10.693548387096774
000528,ohem,retained,1,1,far_fp,23,23,8,0.9213708639144897,0.9992120265960693,185.39956850003725,106.6086956521739,94.08695652173913
000889,ohem,retained,1,1,boundary_excess,36,3,35,0.7884672284126282,0.9596426486968994,0.0,88.91666666666667,157.83333333333334
001326,ohem,retained,1,1,boundary_excess,33,4,32,0.7457236051559448,0.9483708143234253,0.0,62.303030303030305,174.03030303030303
000520,ohem,retained,1,1,boundary_excess,54,8,53,0.9245442152023315,0.9995112419128418,0.0,99.55555555555556,23.185185185185187
000706,ohem,retained,1,1,boundary_excess,29,6,24,0.9455726146697998,0.9971913695335388,0.0,222.31034482758622,59.89655172413793
000706,ohem,retained,2,2,boundary_excess,28,5,22,0.9758716821670532,0.9970179796218872,0.0,233.82142857142858,107.14285714285714
001020,ohem,retained,1,1,boundary_excess,46,6,44,0.8797178268432617,0.9986506104469299,0.0,15.608695652173912,129.15217391304347
000492,ohem,retained,1,1,boundary_excess,79,5,77,0.9062191247940063,0.9972286820411682,0.0,226.0632911392405,23.455696202531644
000521,ohem,retained,1,1,boundary_excess,53,9,47,0.9154837131500244,0.9997760653495789,0.0,85.01886792452831,51.22641509433962
000521,ohem,retained,2,2,boundary_excess,47,1,46,0.8047226071357727,0.8047226071357727,0.0,147.80851063829786,238.5744680851064
000496,ohem,retained,1,1,boundary_excess,73,7,69,0.8422606587409973,0.9957830905914307,0.0,231.75342465753425,94.01369863013699
000538,ohem,removed,1,,boundary_excess,20,1,0,0.8663771748542786,0.8663771748542786,0.0,48.0,110.5
001294,ohem,removed,1,,boundary_excess,100,2,0,0.8665413856506348,0.9949800372123718,0.0,11.04,45.6
000542,ohem,retained,1,1,boundary_excess,40,1,39,0.5309698581695557,0.5309698581695557,0.0,127.55,189.775
000127,ohem,retained,1,1,boundary_excess,22,6,18,0.8892483115196228,0.9958527088165283,0.0,46.36363636363637,175.5
000127,ohem,removed,2,,boundary_excess,16,2,0,0.8596765398979187,0.9850354194641113,0.0,52.1875,196.6875
000192,ohem,retained,1,1,boundary_excess,28,3,21,0.9250438213348389,0.991101086139679,0.0,77.42857142857143,37.857142857142854
001055,ohem,retained,1,1,boundary_excess,55,2,54,0.751859188079834,0.94810551404953,0.0,167.85454545454544,210.1818181818182
000151,ohem,retained,1,1,boundary_excess,21,5,18,0.9869776964187622,0.999071478843689,0.0,236.42857142857142,103.38095238095238
000151,ohem,retained,2,2,boundary_excess,20,4,18,0.9280763864517212,0.9968313574790955,0.0,250.0,35.5
001250,ohem,removed,1,,boundary_excess,85,2,0,0.903353214263916,0.9907901287078857,0.0,130.95294117647057,132.8470588235294
000901,ohem,retained,1,1,boundary_excess,80,3,79,0.6080517172813416,0.8009904026985168,0.0,71.6625,234.1
000901,ohem,retained,2,1,boundary_excess,4,1,4,0.990397572517395,0.990397572517395,0.0,71.5,224.5
000816,ohem,retained,1,1,boundary_excess,17,2,12,0.8220362663269043,0.9917247295379639,0.0,62.35294117647059,137.05882352941177
000816,ohem,retained,2,2,boundary_excess,21,6,18,0.992243766784668,0.9997815489768982,0.0,189.14285714285714,231.42857142857142
000273,ohem,retained,1,1,boundary_excess,54,2,54,0.7305377125740051,0.8767201900482178,0.0,29.555555555555557,146.66666666666666
000912,ohem,retained,1,1,boundary_excess,52,3,51,0.652618408203125,0.754498302936554,0.0,83.4423076923077,48.69230769230769
000285,erd,new,1,,boundary_excess,66,1,0,0.7979980111122131,0.7979980111122131,0.0,31.818181818181817,81.53030303030303
000678,erd,new,1,,boundary_excess,22,5,0,0.7782844305038452,0.9263955354690552,0.0,86.31818181818181,114.04545454545455
000992,ohem,retained,1,1,boundary_excess,28,3,24,0.7954922318458557,0.9220274686813354,0.0,48.964285714285715,239.92857142857142
000992,erd,new,2,,far_fp,10,10,0,0.6784883737564087,0.8882796168327332,123.06502346320826,174.3,231.6
000573,ohem,retained,1,1,boundary_excess,68,3,66,0.7563307285308838,0.8934644460678101,0.0,155.72058823529412,230.9264705882353
001075,ohem,retained,1,1,boundary_excess,39,5,35,0.77814781665802,0.981242299079895,0.0,101.7948717948718,143.17948717948718
000927,ohem,retained,1,1,boundary_excess,82,4,80,0.8366209864616394,0.9552046060562134,0.0,124.58536585365853,130.03658536585365
001304,ohem,retained,1,1,boundary_excess,31,6,26,0.9883504509925842,0.9998700618743896,0.0,213.48387096774192,143.83870967741936
000219,ohem,retained,1,1,boundary_excess,28,2,25,0.8607863783836365,0.9931164979934692,0.0,3.75,62.32142857142857
000219,ohem,retained,2,2,boundary_excess,33,6,31,0.8794555068016052,0.9973340034484863,0.0,76.18181818181819,200.0
001291,ohem,retained,1,1,boundary_excess,58,1,57,0.9551419615745544,0.9551419615745544,0.0,128.13793103448276,9.137931034482758
000786,ohem,retained,1,1,boundary_excess,14,1,13,0.9992921352386475,0.9992921352386475,0.0,133.14285714285714,228.92857142857142
000786,ohem,retained,2,2,boundary_excess,18,6,18,0.9770252704620361,0.9988152980804443,0.0,253.05555555555554,215.16666666666666
000861,ohem,retained,1,1,boundary_excess,24,2,19,0.5860038995742798,0.6593726873397827,0.0,88.5,192.54166666666666
000861,ohem,retained,2,2,boundary_excess,23,3,21,0.9854125380516052,0.9991106390953064,0.0,129.2173913043478,126.52173913043478
000785,ohem,retained,1,1,boundary_excess,12,3,11,0.9533513188362122,0.9967454671859741,0.0,136.5,182.0
000785,ohem,retained,2,2,boundary_excess,16,4,14,0.8866466283798218,0.9994452595710754,0.0,242.125,97.875
000875,ohem,retained,1,1,boundary_excess,50,7,43,0.7398403882980347,0.9626210331916809,0.0,199.9,243.52
000875,erd,new,2,,detached_near_fp,2,2,0,0.7967441082000732,0.8355477452278137,1.0,200.5,253.0
000853,ohem,retained,1,1,boundary_excess,23,4,17,0.9677548408508301,0.9974130988121033,0.0,65.0,245.69565217391303
000853,ohem,retained,2,2,boundary_excess,20,2,14,0.7464572191238403,0.7656276226043701,0.0,176.45,100.05
001008,ohem,retained,1,1,boundary_excess,44,4,44,0.8562122583389282,0.9969154596328735,0.0,36.70454545454545,118.3409090909091
000817,ohem,retained,1,1,boundary_excess,18,2,14,0.9563985466957092,0.9957693815231323,0.0,116.16666666666667,105.05555555555556
000817,ohem,retained,2,2,boundary_excess,18,3,13,0.9173455238342285,0.9597543478012085,0.0,148.77777777777777,247.5
000721,ohem,retained,1,1,boundary_excess,31,7,27,0.9594839811325073,0.9896307587623596,0.0,240.41935483870967,9.419354838709678
000807,ohem,retained,1,1,boundary_excess,16,3,16,0.9399599432945251,0.9973626732826233,0.0,6.625,79.5
000807,ohem,retained,2,2,boundary_excess,20,4,16,0.8888997435569763,0.9980545043945312,0.0,128.7,235.35
000122,ohem,retained,1,1,boundary_excess,18,3,14,0.8346178531646729,0.9880942702293396,0.0,215.05555555555554,108.55555555555556
000122,ohem,retained,2,2,boundary_excess,17,5,14,0.9451645016670227,0.9999065399169922,0.0,215.94117647058823,127.3529411764706
001083,ohem,retained,1,1,boundary_excess,46,3,45,0.6628453731536865,0.7114470601081848,0.0,234.67391304347825,140.17391304347825
000261,ohem,retained,2,2,boundary_excess,72,1,70,0.7163834571838379,0.7163834571838379,0.0,187.30555555555554,14.222222222222221
000588,ohem,removed,1,,boundary_excess,59,1,0,0.7068507671356201,0.7068507671356201,0.0,127.96610169491525,132.71186440677965
000587,ohem,retained,1,1,boundary_excess,78,5,75,0.8198862075805664,0.9996691942214966,0.0,153.47435897435898,27.73076923076923
000880,ohem,retained,1,1,boundary_excess,106,2,104,0.8430951237678528,0.9954739212989807,0.0,94.08490566037736,173.24528301886792
000835,ohem,retained,1,1,boundary_excess,21,8,20,0.9411519765853882,0.9989100694656372,0.0,108.52380952380952,59.857142857142854
000835,ohem,retained,2,2,boundary_excess,19,5,19,0.9711761474609375,0.9810214042663574,0.0,252.10526315789474,183.57894736842104
000714,ohem,retained,1,1,boundary_excess,29,4,24,0.9091894626617432,0.9975869655609131,0.0,152.55172413793105,111.48275862068965
000714,erd,new,2,,boundary_excess,24,6,0,0.7063319087028503,0.8139901161193848,0.0,224.33333333333334,154.875
001103,ohem,retained,1,1,boundary_excess,67,1,66,0.6748336553573608,0.6748336553573608,0.0,123.94029850746269,129.82089552238807
000142,ohem,retained,1,1,boundary_excess,22,4,16,0.9778426289558411,0.9978766441345215,0.0,10.0,227.8181818181818
000142,ohem,retained,2,2,boundary_excess,21,3,16,0.8597807884216309,0.9938805103302002,0.0,109.61904761904762,122.76190476190476
000792,ohem,retained,1,1,boundary_excess,12,1,11,0.522753119468689,0.522753119468689,0.0,76.83333333333333,216.91666666666666
000792,ohem,retained,2,2,boundary_excess,18,3,12,0.8637992739677429,0.9966009855270386,0.0,95.5,246.0
000019,erd,new,1,,boundary_excess,10,1,0,0.8386947512626648,0.8386947512626648,0.0,11.8,146.0
000470,erd,new,1,,boundary_excess,58,1,0,0.6519834399223328,0.6519834399223328,0.0,77.15517241379311,24.03448275862069
000646,ohem,retained,1,1,boundary_excess,23,7,15,0.9069074988365173,0.9996674060821533,0.0,129.2173913043478,248.04347826086956
000646,ohem,retained,2,2,boundary_excess,20,5,15,0.8892790675163269,0.9987167119979858,0.0,184.15,38.25
000656,ohem,retained,1,1,boundary_excess,17,3,15,0.9576100707054138,0.9903606176376343,0.0,57.23529411764706,38.05882352941177
000656,ohem,retained,2,2,boundary_excess,20,6,17,0.9521635174751282,0.9988951086997986,0.0,142.95,10.85
000815,ohem,retained,1,1,boundary_excess,19,2,14,0.8692842721939087,0.9713608026504517,0.0,175.0,248.10526315789474
000815,ohem,retained,2,2,boundary_excess,22,5,19,0.991883397102356,0.9997501969337463,0.0,200.5,229.5
000885,ohem,removed,1,,boundary_excess,54,3,0,0.7080815434455872,0.7845114469528198,0.0,167.75925925925927,208.11111111111111
000924,ohem,retained,1,1,boundary_excess,51,1,51,0.574885368347168,0.574885368347168,0.0,200.84313725490196,106.6470588235294
000924,ohem,retained,2,2,detached_near_fp,6,6,3,0.8191859722137451,0.9785205125808716,5.0,208.0,110.83333333333333
000924,erd,new,3,,far_fp,6,6,0,0.8003449440002441,0.9794648289680481,22.0,225.33333333333334,100.16666666666667
001254,ohem,retained,1,1,boundary_excess,55,3,52,0.7749712467193604,0.9384292960166931,0.0,230.38181818181818,165.4909090909091
001254,ohem,removed,2,,detached_near_fp,1,1,0,0.5756522417068481,0.5756522417068481,2.8284271247461903,233.0,174.0
000111,ohem,retained,1,1,boundary_excess,17,1,13,0.9901303648948669,0.9901303648948669,0.0,13.705882352941176,151.1764705882353
000111,ohem,retained,2,2,boundary_excess,16,3,13,0.8704686164855957,0.986751914024353,0.0,84.9375,198.125
001087,ohem,removed,1,,boundary_excess,56,2,0,0.5905069708824158,0.6627982258796692,0.0,124.39285714285714,129.0
000214,ohem,retained,1,1,boundary_excess,26,2,21,0.912199854850769,0.9574766159057617,0.0,183.26923076923077,253.15384615384616
000214,ohem,retained,2,2,boundary_excess,29,3,26,0.9604551792144775,0.9984176158905029,0.0,224.3448275862069,230.82758620689654
000724,ohem,retained,1,1,boundary_excess,32,8,28,0.9561179280281067,0.999657154083252,0.0,195.59375,78.625
000582,ohem,removed,1,,boundary_excess,57,1,0,0.6440575122833252,0.6440575122833252,0.0,178.6315789473684,224.859649122807
000759,ohem,retained,1,1,boundary_excess,13,3,12,0.9824054837226868,0.9999586343765259,0.0,182.84615384615384,92.23076923076923
001044,ohem,retained,1,1,boundary_excess,46,7,43,0.8128439784049988,0.9982081651687622,0.0,123.32608695652173,131.08695652173913
000665,ohem,retained,1,1,boundary_excess,19,2,17,0.9275338649749756,0.9937177896499634,0.0,114.42105263157895,87.6842105263158
000665,ohem,retained,2,2,boundary_excess,18,3,17,0.8406636118888855,0.9948546886444092,0.0,149.77777777777777,75.61111111111111
000107,ohem,retained,1,2,boundary_excess,20,4,15,0.9861925840377808,0.9993152618408203,0.0,184.05,91.4
000107,erd,new,1,,boundary_excess,12,3,0,0.7458512187004089,0.8136471509933472,0.0,101.5,2.3333333333333335
001322,ohem,retained,1,1,boundary_excess,31,1,31,0.9956653714179993,0.9956653714179993,0.0,117.54838709677419,99.61290322580645
000448,ohem,retained,1,1,boundary_excess,67,5,64,0.6374080777168274,0.9678665995597839,0.0,204.97014925373134,166.37313432835822
000579,ohem,retained,1,1,boundary_excess,58,2,57,0.8466219902038574,0.9103355407714844,0.0,233.67241379310346,28.06896551724138
000579,ohem,removed,2,,detached_near_fp,6,6,0,0.7750241160392761,0.9521728157997131,3.1622776601683795,241.0,31.166666666666668
000996,ohem,retained,1,1,boundary_excess,66,3,66,0.740614116191864,0.9726894497871399,0.0,182.84848484848484,192.77272727272728
000698,ohem,retained,1,1,boundary_excess,22,2,21,0.8276920318603516,0.8688539266586304,0.0,180.8181818181818,163.86363636363637
000783,ohem,retained,1,1,boundary_excess,16,2,14,0.9798799753189087,0.9968151450157166,0.0,123.5,103.5
000240,ohem,retained,2,2,boundary_excess,58,7,57,0.8348263502120972,0.9982946515083313,0.0,51.96551724137931,132.75862068965517
000862,ohem,retained,1,1,boundary_excess,20,1,18,0.9673101902008057,0.9673101902008057,0.0,76.75,191.55
000862,ohem,retained,2,3,boundary_excess,21,2,19,0.5964016914367676,0.6013045310974121,0.0,195.0952380952381,173.95238095238096
000862,ohem,removed,3,,far_fp,14,14,0,0.857519268989563,0.9940592050552368,23.021728866442675,223.0,175.28571428571428
000862,erd,new,2,,detached_near_fp,1,1,0,0.8770879507064819,0.8770879507064819,5.0990195135927845,79.0,198.0
000616,ohem,retained,1,1,boundary_excess,33,10,33,0.9650104641914368,0.999929666519165,0.0,132.6060606060606,135.36363636363637
000455,ohem,retained,1,1,boundary_excess,77,8,75,0.8824071884155273,0.9918630123138428,0.0,3.3896103896103895,148.36363636363637
000809,ohem,retained,1,1,boundary_excess,19,4,16,0.9621661901473999,0.9969711303710938,0.0,27.894736842105264,10.263157894736842
000809,erd,new,2,,boundary_excess,12,3,0,0.7973425984382629,0.8674656748771667,0.0,157.66666666666666,3.25
001013,ohem,retained,1,1,boundary_excess,60,1,60,0.6572373509407043,0.6572373509407043,0.0,122.91666666666667,129.5
000110,ohem,removed,1,,boundary_excess,18,3,0,0.6870319247245789,0.9811679124832153,0.0,67.11111111111111,33.666666666666664
000110,ohem,retained,2,2,boundary_excess,14,2,12,0.9610478281974792,0.965650737285614,0.0,130.64285714285714,149.71428571428572
000634,ohem,retained,1,1,boundary_excess,19,7,16,0.9340547323226929,0.9999363422393799,0.0,83.15789473684211,57.73684210526316
000838,ohem,retained,1,1,boundary_excess,23,4,21,0.9421849250793457,0.9992057681083679,0.0,46.0,106.82608695652173
000838,ohem,retained,2,2,boundary_excess,18,5,17,0.8393334150314331,0.9990235567092896,0.0,69.44444444444444,63.5
001077,ohem,retained,1,1,boundary_excess,49,2,49,0.9531689882278442,0.9954156875610352,0.0,22.510204081632654,147.83673469387756
000694,ohem,retained,1,1,boundary_excess,21,4,20,0.9384024739265442,0.9943312406539917,0.0,177.38095238095238,45.095238095238095
000694,ohem,retained,2,2,boundary_excess,26,5,23,0.9620550274848938,0.9985067248344421,0.0,237.96153846153845,218.92307692307693
000836,ohem,retained,1,1,boundary_excess,22,4,18,0.8417984247207642,0.9955162405967712,0.0,67.72727272727273,238.5
000836,ohem,retained,2,2,boundary_excess,20,4,14,0.8366936445236206,0.9990492463111877,0.0,204.6,217.2
000259,ohem,removed,1,,boundary_excess,69,5,0,0.885999321937561,0.9745508432388306,0.0,73.97101449275362,225.1014492753623
000259,ohem,retained,2,2,boundary_excess,67,2,66,0.7201187610626221,0.835783839225769,0.0,213.8955223880597,60.73134328358209
000439,ohem,retained,1,1,boundary_excess,58,6,57,0.839131772518158,0.9945271611213684,0.0,150.70689655172413,154.56896551724137
000439,erd,new,2,,boundary_excess,65,1,0,0.5084522366523743,0.5084522366523743,0.0,206.90769230769232,61.04615384615385
000766,ohem,retained,1,1,boundary_excess,16,4,11,0.8815350532531738,0.9966409206390381,0.0,2.8125,192.3125
001202,ohem,removed,1,,boundary_excess,10,1,0,0.7641137838363647,0.7641137838363647,0.0,71.2,126.0
000093,ohem,retained,1,1,boundary_excess,15,3,11,0.7523746490478516,0.9856069087982178,0.0,34.0,193.0
000093,ohem,retained,2,2,boundary_excess,15,4,12,0.9858850240707397,0.9977265000343323,0.0,238.6,154.6
000507,ohem,retained,1,1,boundary_excess,54,2,54,0.8720855116844177,0.9769903421401978,0.0,161.5,34.592592592592595
000303,ohem,retained,1,1,boundary_excess,63,6,60,0.8187830448150635,0.9975206255912781,0.0,131.15873015873015,146.96825396825398
000262,ohem,retained,1,1,boundary_excess,70,1,70,0.6837859153747559,0.6837859153747559,0.0,44.6,204.25714285714287
000092,erd,new,1,,far_fp,5,5,0,0.7167568802833557,0.9341826438903809,78.89233169326408,211.2,25.6
000092,erd,new,2,,far_fp,65,65,0,0.9426699280738831,0.999421238899231,70.49113419430843,214.64615384615385,30.43076923076923
000890,ohem,retained,1,1,boundary_excess,48,1,48,0.9169595241546631,0.9169595241546631,0.0,145.8125,119.5
000789,ohem,retained,1,1,boundary_excess,16,3,13,0.9954605102539062,0.999482274055481,0.0,102.8125,211.0
000789,erd,new,2,,boundary_excess,14,5,0,0.6275955438613892,0.7257204651832581,0.0,108.57142857142857,6.785714285714286
000784,ohem,retained,1,1,boundary_excess,16,3,10,0.9433679580688477,0.99883633852005,0.0,89.8125,28.0
000784,ohem,retained,2,2,boundary_excess,15,4,12,0.9674606323242188,0.9993304014205933,0.0,132.6,112.6
000186,ohem,retained,1,1,boundary_excess,25,4,18,0.9409756660461426,0.999373733997345,0.0,10.0,33.76
000186,ohem,retained,2,2,boundary_excess,28,5,22,0.9609025120735168,0.9950969815254211,0.0,199.28571428571428,105.92857142857143
000500,erd,new,1,,boundary_excess,51,1,0,0.6586925983428955,0.6586925983428955,0.0,210.2941176470588,52.450980392156865
000734,ohem,retained,1,1,boundary_excess,30,4,23,0.8707300424575806,0.9993058443069458,0.0,164.06666666666666,149.23333333333332
000887,ohem,removed,1,,boundary_excess,51,1,0,0.7414057850837708,0.7414057850837708,0.0,15.764705882352942,161.3921568627451
000476,ohem,retained,1,1,boundary_excess,79,3,74,0.780190646648407,0.9884508848190308,0.0,149.41772151898735,91.25316455696202
000960,ohem,removed,1,,boundary_excess,45,2,0,0.5693670511245728,0.5994008779525757,0.0,102.37777777777778,132.2
000202,ohem,retained,1,1,boundary_excess,27,3,22,0.8815191388130188,0.9689150452613831,0.0,34.48148148148148,28.62962962962963
000202,ohem,retained,2,2,boundary_excess,31,9,29,0.9471486210823059,0.9993630051612854,0.0,246.61290322580646,251.67741935483872
001034,ohem,removed,1,,boundary_excess,51,3,0,0.7618007063865662,0.8973694443702698,0.0,103.82352941176471,181.19607843137254
001214,ohem,removed,2,,boundary_excess,11,2,0,0.6451327204704285,0.7882281541824341,0.0,251.36363636363637,22.90909090909091
001214,erd,new,1,,boundary_excess,10,1,0,0.6223689317703247,0.6223689317703247,0.0,24.0,53.2
000516,ohem,removed,1,,boundary_excess,57,1,0,0.8561326861381531,0.8561326861381531,0.0,179.01754385964912,233.42105263157896
000808,ohem,retained,1,1,boundary_excess,16,4,12,0.9491177797317505,0.9975626468658447,0.0,143.0625,222.3125
000808,ohem,retained,2,2,boundary_excess,18,3,14,0.9915626645088196,0.9982611536979675,0.0,237.38888888888889,18.61111111111111
000680,ohem,retained,1,1,boundary_excess,20,2,19,0.9512732625007629,0.9728435277938843,0.0,96.9,105.8
001289,ohem,retained,1,5,far_fp,20,20,2,0.9944899678230286,1.0,93.00537618869137,142.3,109.25
001289,ohem,removed,2,,far_fp,2,2,0,0.662499189376831,0.796700119972229,181.24568960391858,158.5,246.0
001289,ohem,retained,3,7,far_fp,6,6,6,0.7576190829277039,0.9442927837371826,70.45565981523414,241.66666666666666,152.83333333333334
001289,erd,new,1,,far_fp,60,60,0,0.9519373774528503,1.0,255.04901489713697,29.9,240.63333333333333
001289,erd,new,2,,far_fp,1,1,0,0.9849838614463806,0.9849838614463806,262.60616900598507,25.0,240.0
001289,erd,new,3,,far_fp,1,1,0,0.7613293528556824,0.7613293528556824,257.40629362935164,27.0,234.0
001289,erd,new,4,,far_fp,1,1,0,0.6827423572540283,0.6827423572540283,257.2353008434107,35.0,244.0
001289,erd,new,6,,far_fp,8,8,0,0.9670144319534302,1.0,77.31752712031083,242.0,159.125
001289,erd,new,8,,far_fp,2,2,0,0.9577945470809937,0.9916940331459045,81.61494961096282,244.5,162.0
001042,ohem,retained,1,1,boundary_excess,62,3,62,0.9259461760520935,0.9991884827613831,0.0,123.06451612903226,129.5
000802,ohem,retained,1,1,boundary_excess,15,2,12,0.7331631779670715,0.8269088864326477,0.0,33.0,30.533333333333335
000802,ohem,retained,2,2,boundary_excess,14,2,12,0.789016842842102,0.963697075843811,0.0,212.64285714285714,67.71428571428571
000640,ohem,retained,1,1,boundary_excess,15,2,12,0.8738043308258057,0.9757522940635681,0.0,37.2,132.26666666666668
000640,ohem,retained,2,2,boundary_excess,17,3,13,0.8792975544929504,0.9119289517402649,0.0,142.23529411764707,203.76470588235293
000803,ohem,retained,1,1,boundary_excess,16,2,15,0.9617941379547119,0.9876272082328796,0.0,103.8125,114.3125
000803,ohem,retained,2,2,boundary_excess,19,3,15,0.9909680485725403,0.9991538524627686,0.0,140.0,118.10526315789474
000761,ohem,retained,1,1,boundary_excess,14,5,14,0.9960225820541382,0.9996404647827148,0.0,165.5,148.0
001028,ohem,retained,1,1,boundary_excess,90,9,87,0.9175589084625244,0.9937282800674438,0.0,96.65555555555555,205.2111111111111
001028,ohem,retained,2,2,boundary_excess,4,2,3,0.757789134979248,0.9609451293945312,0.0,96.5,196.5
000650,ohem,retained,1,1,boundary_excess,17,4,16,0.9895839691162109,0.99921715259552,0.0,13.764705882352942,232.41176470588235
000650,ohem,retained,2,2,boundary_excess,20,3,18,0.7251725196838379,0.8974621891975403,0.0,26.95,154.9
000133,ohem,retained,1,1,boundary_excess,20,3,18,0.9605243802070618,0.9716017246246338,0.0,84.15,108.7
000133,erd,new,2,,boundary_excess,16,5,0,0.8410417437553406,0.933743417263031,0.0,202.875,116.0625
000592,ohem,retained,1,1,boundary_excess,89,6,83,0.8384202122688293,0.9999390840530396,0.0,205.02247191011236,56.752808988764045
000148,ohem,retained,1,1,boundary_excess,20,1,18,0.8640305399894714,0.8640305399894714,0.0,18.7,198.65
000148,ohem,retained,2,2,boundary_excess,21,5,16,0.9738736152648926,0.9987882971763611,0.0,120.66666666666667,59.0
000866,ohem,retained,1,1,boundary_excess,23,4,18,0.9333150386810303,0.9962753057479858,0.0,207.6086956521739,164.56521739130434
000230,ohem,retained,1,1,boundary_excess,33,3,27,0.9059054255485535,0.9897923469543457,0.0,117.42424242424242,119.3030303030303
000230,ohem,retained,2,2,boundary_excess,37,5,31,0.8007501363754272,0.9879846572875977,0.0,148.05405405405406,110.0
001012,ohem,retained,1,1,boundary_excess,49,1,49,0.7857792377471924,0.7857792377471924,0.0,122.81632653061224,130.22448979591837
000252,erd,new,1,,boundary_excess,67,2,0,0.678024411201477,0.7135254740715027,0.0,85.64179104477611,56.1044776119403
000425,ohem,retained,1,1,boundary_excess,71,2,70,0.8066371083259583,0.8366225957870483,0.0,24.661971830985916,43.67605633802817
000596,ohem,removed,1,,boundary_excess,64,1,0,0.6479976773262024,0.6479976773262024,0.0,89.53125,239.015625
000296,ohem,retained,1,1,boundary_excess,61,16,59,0.9379815459251404,0.9994286894798279,0.0,4.426229508196721,164.55737704918033
001325,ohem,retained,1,1,boundary_excess,36,2,32,0.746951699256897,0.9871610403060913,0.0,40.416666666666664,25.36111111111111
000255,erd,new,1,,boundary_excess,70,1,0,0.5183555483818054,0.5183555483818054,0.0,13.614285714285714,200.84285714285716
001092,ohem,retained,1,1,boundary_excess,37,7,35,0.934153139591217,0.9997649788856506,0.0,202.83783783783784,13.162162162162161
000450,ohem,removed,1,,boundary_excess,95,2,0,0.6520184874534607,0.7778986692428589,0.0,8.852631578947369,222.21052631578948
000450,ohem,retained,2,2,boundary_excess,64,9,61,0.9256824851036072,0.9997619986534119,0.0,56.390625,142.53125
000648,ohem,retained,2,2,boundary_excess,18,3,15,0.8296627998352051,0.9983248114585876,0.0,215.66666666666666,143.38888888888889
000648,erd,new,1,,boundary_excess,15,3,0,0.6657869219779968,0.7711139917373657,0.0,206.93333333333334,96.13333333333334
000730,ohem,retained,1,1,boundary_excess,30,4,24,0.9229525923728943,0.9835361242294312,0.0,129.23333333333332,75.36666666666666
000730,ohem,retained,2,2,boundary_excess,27,2,21,0.9912536144256592,0.9996410608291626,0.0,219.96296296296296,193.59259259259258
001098,erd,new,1,,boundary_excess,81,1,0,0.5446775555610657,0.5446775555610657,0.0,80.27160493827161,58.69135802469136
000654,ohem,retained,1,1,boundary_excess,13,1,13,0.5589060187339783,0.5589060187339783,0.0,149.3846153846154,109.15384615384616
000654,ohem,retained,2,2,boundary_excess,19,7,19,0.9617895483970642,0.9949095845222473,0.0,194.0,50.89473684210526
000319,ohem,retained,1,1,boundary_excess,72,3,71,0.9722318053245544,0.9933772683143616,0.0,25.625,28.59722222222222
001298,ohem,retained,1,1,boundary_excess,22,4,20,0.8340433835983276,0.9919688105583191,0.0,207.72727272727272,97.13636363636364
001057,ohem,retained,1,1,boundary_excess,38,3,36,0.7219414114952087,0.9867510199546814,0.0,185.8421052631579,22.13157894736842
000756,ohem,retained,1,1,boundary_excess,15,5,14,0.9712331891059875,0.9995313882827759,0.0,93.06666666666666,97.73333333333333
000756,ohem,retained,2,2,boundary_excess,17,5,16,0.9956986308097839,0.9997552037239075,0.0,168.23529411764707,150.2941176470588
000141,ohem,retained,1,1,boundary_excess,21,4,15,0.8440213203430176,0.9977847933769226,0.0,90.85714285714286,84.47619047619048
000141,ohem,retained,2,2,boundary_excess,21,5,19,0.9757941365242004,0.9991938471794128,0.0,159.38095238095238,64.95238095238095
000931,ohem,retained,1,1,boundary_excess,62,3,61,0.7920123934745789,0.9796359539031982,0.0,85.61290322580645,184.6451612903226
000581,ohem,removed,1,,boundary_excess,73,4,0,0.8273156881332397,0.942081868648529,0.0,217.57534246575344,157.78082191780823
000463,ohem,retained,1,1,boundary_excess,70,1,70,0.9390600323677063,0.9390600323677063,0.0,129.64285714285714,132.74285714285713
001259,ohem,retained,1,1,boundary_excess,56,4,54,0.823461651802063,0.9968241453170776,0.0,68.64285714285714,59.375
000985,ohem,retained,1,1,boundary_excess,46,3,45,0.8173261284828186,0.9206878542900085,0.0,95.47826086956522,140.06521739130434
000632,ohem,retained,1,1,boundary_excess,15,1,11,0.6945446729660034,0.6945446729660034,0.0,11.333333333333334,36.06666666666667
000632,ohem,retained,2,2,boundary_excess,17,3,12,0.9808052182197571,0.9982896447181702,0.0,89.6470588235294,172.05882352941177
000162,ohem,retained,2,2,boundary_excess,20,2,15,0.969630241394043,0.9947381615638733,0.0,245.85,26.65
000162,erd,new,1,,boundary_excess,22,3,0,0.9157072901725769,0.9506217837333679,0.0,121.9090909090909,88.9090909090909
000954,ohem,removed,1,,boundary_excess,42,1,0,0.8713971972465515,0.8713971972465515,0.0,59.285714285714285,176.88095238095238
000779,ohem,retained,1,1,boundary_excess,21,8,20,0.934025764465332,0.9995788931846619,0.0,57.666666666666664,207.95238095238096
000614,ohem,retained,1,1,boundary_excess,21,9,21,0.9988716840744019,0.9999823570251465,0.0,131.28571428571428,134.9047619047619
001288,ohem,retained,1,1,boundary_excess,69,3,69,0.89505535364151,0.9995735287666321,0.0,14.927536231884059,157.47826086956522
001283,ohem,removed,1,,boundary_excess,54,2,0,0.6269710063934326,0.6615707278251648,0.0,127.51851851851852,132.4814814814815
000790,ohem,retained,1,1,boundary_excess,13,1,11,0.9485509395599365,0.9485509395599365,0.0,181.0,4.769230769230769
000790,ohem,retained,2,2,boundary_excess,17,4,15,0.9840807318687439,0.9990096092224121,0.0,227.47058823529412,187.11764705882354
000380,ohem,retained,1,1,boundary_excess,8,3,8,0.9531460404396057,0.9986799359321594,0.0,98.125,86.125
000380,ohem,removed,2,,detached_near_fp,1,1,0,0.6764786243438721,0.6764786243438721,2.23606797749979,99.0,83.0
000380,erd,new,2,,detached_near_fp,5,5,0,0.8294838070869446,0.9845676422119141,2.0,98.4,81.8
000661,ohem,retained,1,1,boundary_excess,17,4,17,0.8225677013397217,0.9282976388931274,0.0,74.41176470588235,238.8235294117647
000661,ohem,retained,2,2,boundary_excess,20,4,16,0.9039981961250305,0.9824596643447876,0.0,127.9,127.05
000923,ohem,retained,1,1,boundary_excess,57,1,56,0.8572707176208496,0.8572707176208496,0.0,123.10526315789474,128.50877192982455
000225,ohem,retained,1,1,boundary_excess,35,7,34,0.8984116911888123,0.9999042749404907,0.0,129.65714285714284,128.71428571428572
000225,ohem,retained,2,2,boundary_excess,37,7,35,0.8707030415534973,0.9923133254051208,0.0,144.1081081081081,71.13513513513513
000156,ohem,retained,1,1,boundary_excess,20,3,16,0.9427533149719238,0.9791867733001709,0.0,22.75,80.95
000156,ohem,retained,2,2,boundary_excess,26,10,25,0.8953390121459961,0.9999217987060547,0.0,33.0,64.53846153846153
000597,ohem,retained,1,1,boundary_excess,86,3,84,0.8505169749259949,0.9994955062866211,0.0,86.93023255813954,206.11627906976744
000468,ohem,retained,1,1,boundary_excess,64,7,63,0.9290807843208313,0.9999291896820068,0.0,96.484375,40.34375
000606,ohem,retained,1,1,boundary_excess,32,9,32,0.9972524642944336,0.9995064735412598,0.0,132.65625,135.4375
000307,ohem,removed,1,,boundary_excess,95,2,0,0.7722503542900085,0.894269585609436,0.0,5.189473684210526,219.85263157894738
000630,ohem,retained,1,1,boundary_excess,19,4,16,0.8506291508674622,0.980387270450592,0.0,145.26315789473685,238.26315789473685
001223,ohem,retained,1,1,boundary_excess,10,1,10,0.5668649673461914,0.5668649673461914,0.0,121.0,215.2
000224,ohem,retained,1,1,boundary_excess,30,2,23,0.7589763402938843,0.7990277409553528,0.0,89.2,89.13333333333334
000673,ohem,retained,1,1,boundary_excess,16,4,14,0.7315634489059448,0.8790028095245361,0.0,22.375,250.5625
000683,ohem,retained,1,1,boundary_excess,20,2,15,0.967533528804779,0.9908786416053772,0.0,129.2,85.0
000683,ohem,retained,2,2,boundary_excess,21,6,18,0.9710057377815247,0.999138355255127,0.0,152.95238095238096,223.42857142857142
