image_id,neg_pixels,target_leakage_neg_pixels,far_bg_valid_ratio,evidence_prob_on_neg_mean,evidence_prob_on_target_mean,evidence_prob_on_easy_bg_mean,selected_k
001137,512,0,0.9974212646484375,8.373355058211018e-07,0.9986289143562317,3.5451006574760413e-09,512
000345,512,0,0.997650146484375,2.445467544021085e-06,0.9996873140335083,2.8085606729177925e-08,512
000774,512,0,0.9976806640625,1.9055461962125264e-05,0.9992504715919495,5.5230490403346266e-08,512
000593,512,0,0.9939117431640625,0.003417316358536482,0.9999223947525024,1.546919406791858e-06,512
001002,512,0,0.993896484375,6.016810948494822e-05,0.9616057276725769,1.600006100943574e-07,512
001024,512,0,0.99371337890625,2.168685387005098e-05,0.9199795126914978,7.042897465225906e-08,512
001285,512,0,0.9961395263671875,6.078978913137689e-06,0.9001072645187378,2.6769255256908764e-08,512
000649,512,0,0.9933624267578125,7.454427759512328e-06,0.9063889384269714,5.0236547366466766e-08,512
000282,512,0,0.9944000244140625,7.906991413619835e-06,0.9778894186019897,6.701641552808724e-08,512
000037,512,0,0.9974212646484375,5.421456080512144e-06,0.9997227787971497,8.925644578994252e-08,512
001150,512,0,0.9974212646484375,1.8657842701941263e-06,0.999409019947052,1.8752027486357292e-08,512
001124,512,0,0.9974212646484375,1.574238012835849e-06,0.9998548030853271,3.9855212463635326e-08,512
001185,512,0,0.994842529296875,1.9757883364945883e-06,0.9998180866241455,1.0091355306940386e-07,512
000718,512,0,0.992431640625,2.5244933567591943e-05,0.90390545129776,1.0719967491468196e-07,512
000968,512,0,0.994171142578125,4.3330735934432596e-05,0.9617190361022949,1.5559753308025392e-07,512
001216,512,0,0.9974212646484375,1.0122235835297033e-05,0.9997990727424622,3.682983695796338e-09,512
000494,512,0,0.9875946044921875,0.00011331129644531757,0.966187059879303,4.328437697154186e-08,512
001015,512,0,0.992950439453125,7.186074526543962e-06,0.9555200934410095,1.1333290217407921e-07,512
001186,512,0,0.994842529296875,1.9155797872372204e-06,0.9993605017662048,1.0994776999950773e-07,512
000197,512,0,0.9936370849609375,1.3602308399640606e-06,0.8631585240364075,3.797715208975205e-08,512
000811,512,0,0.9935760498046875,9.962238891603192e-07,0.8295742869377136,1.033344254608437e-08,512
000601,512,0,0.99542236328125,0.00025853858096525073,0.9959785342216492,8.131460162985604e-07,512
001040,512,0,0.992919921875,8.606082701589912e-06,0.9463098049163818,8.834562237325372e-08,512
000735,512,0,0.9961700439453125,2.094667433993891e-05,0.8189069628715515,7.304315374767612e-08,512
001029,512,0,0.9917755126953125,5.433699698187411e-06,0.9654141068458557,1.8411701319109852e-07,512
000623,512,0,0.9970245361328125,1.1211603123228997e-05,0.9892691969871521,8.587327471332173e-08,512
000436,512,0,0.9940643310546875,8.137856639223173e-06,0.9795506000518799,3.742841769849292e-08,512
001242,512,0,0.98968505859375,4.940509825246409e-06,0.9983603954315186,8.401296014426407e-08,512
000813,512,0,0.99462890625,2.236368800367927e-06,0.8088266849517822,2.4940193910083508e-08,512
000493,512,0,0.98748779296875,3.84414815925993e-05,0.8847226500511169,4.624011040732512e-08,512
001053,512,0,0.9940948486328125,2.3859716748120263e-05,0.9704985022544861,3.794377434473972e-08,512
000410,512,0,0.993988037109375,5.292383320920635e-06,0.9932040572166443,6.409203479051939e-08,512
000936,512,0,0.994110107421875,8.387721209146548e-06,0.9931500554084778,2.669741583360974e-08,512
000473,512,0,0.9940948486328125,2.501671770005487e-05,0.9966871738433838,1.2169829233243945e-07,512
000478,512,0,0.9873809814453125,1.3446623597701546e-05,0.9535298347473145,4.898157612842624e-08,512
000458,512,0,0.9935760498046875,1.237565629708115e-05,0.99382084608078,6.97288484730052e-08,512
000709,512,0,0.9938812255859375,8.745289960643277e-06,0.8851834535598755,8.801350759313209e-08,512
001307,512,0,0.9961700439453125,5.178485480428208e-06,0.8382760286331177,6.392355089701596e-08,512
000781,512,0,0.9937744140625,1.9553822312445845e-06,0.8132166266441345,2.5251379653923323e-08,512
001023,512,0,0.9938812255859375,1.6239002434303984e-05,0.9903799891471863,1.00922278534199e-07,512
001004,512,0,0.9925689697265625,1.5529774827882648e-05,0.9527595043182373,1.5678749321068608e-07,512
000359,512,0,0.9974822998046875,3.334339453431312e-06,0.9999085664749146,3.34762191300797e-08,512
000287,512,0,0.9930877685546875,3.4769770991260884e-06,0.9643624424934387,4.198228964469308e-08,512
000482,512,0,0.9929351806640625,0.00010538129572523758,0.9509902000427246,2.496711104527094e-08,512
000941,512,0,0.9935302734375,1.2943939509568736e-05,0.9546826481819153,1.1577795788753065e-07,512
000067,512,0,0.9974212646484375,1.0430446764075896e-06,0.999395489692688,5.058383489853213e-09,512
000284,512,0,0.9929351806640625,3.7092622733325697e-06,0.8834282755851746,3.614109189697956e-08,512
000447,512,0,0.9930877685546875,8.582003829360474e-06,0.977188766002655,3.5207889936827996e-08,512
000894,512,0,0.993133544921875,4.520649781625252e-06,0.931358277797699,7.641404664582296e-08,512
000163,512,0,0.99322509765625,4.726135557575617e-06,0.8719774484634399,3.8982925332220475e-08,512
000059,512,0,0.98968505859375,2.4403989300481044e-06,0.9995741248130798,1.4103251011476914e-08,512
001222,512,0,0.9974212646484375,1.9522474303812487e-06,0.9989722371101379,1.0077365431016005e-07,512
000945,512,0,0.9943695068359375,7.230672053992748e-05,0.9793699383735657,8.494592407259915e-08,512
000446,512,0,0.9943084716796875,2.4185821530409157e-05,0.9985828399658203,4.111306850518304e-08,512
000193,512,0,0.992584228515625,8.464557140541729e-06,0.8882505297660828,6.9330198471107e-08,512
000746,512,0,0.991180419921875,4.582781002682168e-06,0.8386859893798828,5.98182694488969e-08,512
000733,512,0,0.9922027587890625,6.490005262094201e-07,0.8437296152114868,3.0283196394975676e-08,512
000621,512,0,0.99407958984375,2.1564090275205672e-05,0.7913669943809509,6.259168827682515e-08,512
001131,512,0,0.98968505859375,8.214977924581035e-07,0.9962716698646545,4.31115365628898e-09,512
000085,512,0,0.9974212646484375,1.7898885289469035e-06,0.9991077780723572,1.3129014320156784e-08,512
000064,512,0,0.998016357421875,3.748681592696812e-06,0.9990469813346863,1.3783747476736607e-08,512
000312,512,0,0.9935760498046875,3.167586328345351e-06,0.9865818023681641,3.989551444760764e-08,512
000213,512,0,0.9921722412109375,1.0539696631894913e-05,0.8641958236694336,6.140763986195452e-08,512
001297,512,0,0.9929351806640625,0.0018992465920746326,0.9507970809936523,5.089108867650793e-07,512
001039,512,0,0.9940185546875,2.944133939308813e-06,0.9260709881782532,9.89332136214216e-08,512
000066,512,0,0.99761962890625,1.5383270692836959e-06,0.9912757873535156,1.796522752783858e-08,512
000002,512,0,0.9974212646484375,2.8873191695311107e-06,0.9993577599525452,2.6506805639314734e-08,512
000843,512,0,0.993438720703125,2.149116880900692e-06,0.8477380871772766,5.0043585275716396e-08,512
000659,512,0,0.99346923828125,3.4416275411786046e-06,0.7922167181968689,2.2884693251512545e-08,512
000298,512,0,0.9876556396484375,1.8681055280467262e-06,0.9980205297470093,2.8787464856350198e-08,512
000227,512,0,0.991455078125,1.5064265426190104e-06,0.3922576904296875,2.128798470835136e-08,512
000951,512,0,0.993316650390625,2.899280298152007e-05,0.9763367772102356,1.671740079700612e-07,512
000299,512,0,0.99322509765625,5.021518518333323e-06,0.9872429370880127,6.040909994453614e-08,512
000937,512,0,0.9933319091796875,4.643369175028056e-05,0.8894567489624023,9.221816554827456e-08,512
000547,512,0,0.9950714111328125,6.380299055308569e-06,0.9963127970695496,6.635833926793566e-08,512
000948,512,0,0.9937744140625,6.337562808766961e-05,0.982624351978302,1.282298001115123e-07,512
000859,512,0,0.992828369140625,5.486169811774744e-06,0.8290216326713562,5.708431771722644e-08,512
000058,512,0,0.9974212646484375,1.4607264802179998e-06,0.9994702935218811,2.0063548600290915e-09,512
000422,512,0,0.9970703125,9.168352335109375e-06,0.9971520900726318,6.724926748802318e-08,512
001140,512,0,0.9974212646484375,8.034641041376744e-07,0.9965644478797913,3.853960350852503e-08,512
000873,512,0,0.99200439453125,1.2777405572705902e-05,0.979128897190094,1.3299255385845754e-07,512
001249,512,0,0.9937744140625,0.001107083517126739,0.9981672763824463,3.059184621179156e-07,512
000822,512,0,0.99346923828125,9.242683063348522e-07,0.7652403116226196,6.911137262477496e-08,512
000745,512,0,0.99163818359375,3.3805533803388244e-06,0.8256320953369141,3.0124532202080445e-08,512
000609,512,0,0.99658203125,3.25677428918425e-05,0.8569605946540833,9.796428201980234e-08,512
000881,512,0,0.99169921875,1.0216166629106738e-05,0.9620200991630554,1.4991938712682895e-07,512
001271,512,0,0.9929351806640625,0.00011996734247077256,0.9546695947647095,3.5681591725733597e-07,512
000851,512,0,0.992645263671875,8.269048521469813e-07,0.8672736883163452,3.22714512890343e-08,512
000848,512,0,0.99310302734375,1.0851956631086068e-06,0.8595655560493469,6.316206224710186e-08,512
001016,512,0,0.99169921875,5.7794051826931536e-05,0.8907917141914368,2.1257727667034487e-07,512
001100,512,0,0.991790771484375,1.4647071111539844e-05,0.9000693559646606,1.3065125870070915e-07,512
000004,512,0,0.9974212646484375,3.3813594200182706e-06,0.9994435906410217,2.56630805495206e-08,512
001208,512,0,0.9974212646484375,3.7802664110131445e-07,0.9998748302459717,3.351110056115658e-09,512
000099,512,0,0.994049072265625,1.8951026504510082e-05,0.4339984059333801,6.279391584484983e-08,512
000073,512,0,0.9974212646484375,9.628047337173484e-06,0.9994423985481262,6.346166969706246e-08,512
000049,512,0,0.9974212646484375,5.748423518525669e-06,0.9993175864219666,2.7832157911689137e-08,512
000158,512,0,0.992950439453125,2.8868582830909872e-06,0.8290947675704956,1.9669807116429183e-08,512
001279,512,0,0.9953155517578125,3.1006609788164496e-05,0.9991694688796997,1.401951692514558e-07,512
000063,512,0,0.9974212646484375,1.365370962957968e-06,0.9998735785484314,3.189494535149606e-08,512
001181,512,0,0.9974212646484375,5.0328767429164145e-06,0.9996522068977356,1.5321736768214578e-08,512
000515,512,0,0.9877166748046875,0.0002665783977136016,0.747003972530365,5.420057505034492e-07,512
001054,512,0,0.9925537109375,6.658838537987322e-05,0.9592202305793762,1.4001831516452512e-07,512
000844,512,0,0.99359130859375,7.733992788416799e-07,0.7164655923843384,4.31753726104489e-08,512
001177,512,0,0.9922637939453125,2.0267585568944924e-05,0.9995260834693909,6.780947359175116e-08,512
000934,512,0,0.9940338134765625,2.1119632947375067e-05,0.920207142829895,8.805944418099898e-08,512
000663,512,0,0.993621826171875,1.549849912407808e-05,0.7826271653175354,5.920027845718323e-08,512
000841,512,0,0.993438720703125,2.975072447952698e-06,0.8972606658935547,3.953520888444473e-08,512
000205,512,0,0.9928741455078125,4.950609763909597e-06,0.8540652394294739,4.177620382961322e-08,512
000911,512,0,0.9938812255859375,3.732729055627715e-06,0.932673990726471,4.5003734072679435e-08,512
000211,512,0,0.9921875,1.086573138309177e-05,0.8879631757736206,8.209937618630647e-08,512
000267,512,0,0.9875030517578125,5.010812401451403e-06,0.9944514632225037,3.2525068860422834e-08,512
000379,512,0,0.9974822998046875,2.2593233097722987e-06,0.9995519518852234,2.7736254182286757e-08,512
000168,512,0,0.9931793212890625,3.448910774750402e-06,0.8892186880111694,5.662795388161612e-08,512
000301,512,0,0.9940338134765625,4.956055818183813e-06,0.9309616088867188,4.74321275589773e-08,512
001061,512,0,0.993133544921875,2.082781975332182e-05,0.9295209050178528,1.4821821991972683e-07,512
001299,512,0,0.9934539794921875,0.00020242459140717983,0.9404675960540771,1.8399026657789364e-07,512
000818,512,0,0.996673583984375,1.4012865676704678e-06,0.8764275908470154,8.844793342177582e-08,512
001070,512,0,0.9935150146484375,8.626835551694967e-06,0.9605303406715393,8.360482439684347e-08,512
001305,512,0,0.9963836669921875,2.541770754760364e-06,0.8658015131950378,1.7313102063098995e-08,512
001095,512,0,0.9940948486328125,3.136859277219628e-06,0.9889774918556213,9.648602627976288e-08,512
000695,512,0,0.9962921142578125,0.006256688851863146,0.7458797097206116,1.93762176081691e-07,512
000375,512,0,0.994964599609375,4.335481207817793e-06,0.9994693994522095,3.195300379843502e-08,512
000061,512,0,0.98968505859375,4.315337719162926e-06,0.9997501373291016,1.609349098430357e-08,512
000669,512,0,0.992828369140625,4.654409167414997e-06,0.9215248823165894,3.205427034913555e-08,512
000325,512,0,0.9924468994140625,2.03913577934145e-06,0.9995468258857727,1.6073494535362443e-08,512
000864,512,0,0.9932098388671875,2.5729365006554872e-05,0.7496872544288635,1.7783598593723582e-07,512
000174,512,0,0.9931640625,4.646163870347664e-05,0.8751387000083923,2.3562928674891737e-07,512
000347,512,0,0.9974822998046875,2.9227057893876918e-06,0.9998146295547485,2.3716815178431716e-08,512
000748,512,0,0.9925384521484375,8.168995918822475e-06,0.8988232016563416,6.850410727565759e-08,512
000946,512,0,0.9923248291015625,3.5341632610652596e-05,0.9540037512779236,2.918832251452841e-07,512
001274,512,0,0.9940643310546875,4.509187419898808e-05,0.9886086583137512,1.808237897193976e-07,512
001059,512,0,0.9939727783203125,4.2107742046937346e-05,0.9400990009307861,8.783270288859057e-08,512
000253,512,0,0.99407958984375,7.352982265729224e-06,0.9844921231269836,4.369746875454439e-08,512
000679,512,0,0.99359130859375,0.01494370773434639,0.6614973545074463,6.028538024338559e-08,512
001041,512,0,0.99346923828125,1.6774363757576793e-05,0.9061713218688965,6.487785952913327e-08,512
000999,512,0,0.9927825927734375,3.337983798701316e-05,0.9699152112007141,1.603051629217589e-07,512
000794,512,0,0.9970245361328125,3.725436044987873e-06,0.7929173707962036,2.4906519513478997e-08,512
000576,512,0,0.9945220947265625,0.0020817341282963753,0.9585649967193604,2.760644406407664e-07,512
001094,512,0,0.9929046630859375,2.210942329838872e-05,0.9405345916748047,1.4370472456448624e-07,512
000635,512,0,0.994049072265625,8.109916961984709e-06,0.7546976208686829,6.857566603457599e-08,512
000825,512,0,0.9966583251953125,1.2236441762070172e-06,0.7888569831848145,4.0491087816008076e-08,512
000013,512,0,0.994842529296875,1.7549637050251476e-05,0.4987450838088989,7.606864471654262e-08,512
000627,512,0,0.993896484375,5.778601916972548e-06,0.9100083708763123,3.828746386602688e-08,512
000487,512,0,0.99359130859375,6.8802660280198324e-06,0.9506798386573792,1.690118978103783e-08,512
001201,512,0,0.9974212646484375,4.32052092946833e-06,0.9997298717498779,1.917581471388985e-08,512
000457,512,0,0.9878082275390625,1.9302246073493734e-05,0.9407272934913635,6.772190630499608e-08,512
000916,512,0,0.9929046630859375,1.1317861208226532e-05,0.939613938331604,4.970364031464669e-08,512
000030,512,0,0.9974212646484375,5.215422788751312e-06,0.9998129606246948,1.8669586765440727e-08,512
000109,512,0,0.993865966796875,7.540156275354093e-06,0.984886646270752,3.286540461999721e-08,512
000693,512,0,0.9964447021484375,6.961455255805049e-06,0.8496552109718323,4.591436564282958e-08,512
000183,512,0,0.9925079345703125,4.017264927824726e-06,0.7822092175483704,4.54949642403335e-08,512
000467,512,0,0.9888916015625,3.6876435842714272e-06,0.9660876989364624,3.277017412983696e-08,512
001164,512,0,0.9978179931640625,1.5080220236995956e-06,0.9982473850250244,1.780480651802918e-08,512
001258,512,0,0.9945220947265625,0.00015120093303266913,0.9472151398658752,1.1312390313378273e-07,512
000970,512,0,0.99346923828125,2.7840345865115523e-05,0.8980312943458557,9.092455144354972e-08,512
000263,512,0,0.9937744140625,1.0933254088740796e-06,0.9965401887893677,2.679441202246835e-08,512
000858,512,0,0.9930572509765625,5.588016392721329e-06,0.7603225111961365,7.617025232775632e-08,512
000668,512,0,0.99359130859375,9.073926776181906e-06,0.7789166569709778,4.484274995775195e-08,512
000526,512,0,0.9959869384765625,2.1577499865088612e-05,0.9985418319702148,9.043296955724145e-08,512
000736,512,0,0.9921875,3.2543748602620326e-06,0.8880775570869446,7.795529910481491e-08,512
001146,512,0,0.9974212646484375,6.425802894227672e-07,0.9995536804199219,6.578289912795299e-09,512
000247,512,0,0.9922637939453125,1.1714721040334553e-05,0.977710485458374,6.646303063462256e-08,512
000367,512,0,0.9974822998046875,2.6047516712424112e-06,0.9998833537101746,1.9914248028385373e-08,512
000050,512,0,0.9974212646484375,1.3451129234454129e-05,0.9995613098144531,4.723759161606722e-08,512
000773,512,0,0.994110107421875,2.24676341531449e-06,0.9416465759277344,1.9749171187299908e-08,512
000318,512,0,0.9944915771484375,3.336271902298904e-06,0.982884407043457,4.449454849009271e-08,512
001163,512,0,0.9974212646484375,2.0184060645078716e-07,0.9993836879730225,1.821742312557717e-09,512
001159,512,0,0.9974212646484375,4.987934971723007e-07,0.9998192191123962,7.4274031369725435e-09,512
001306,512,0,0.996917724609375,3.9267761167138815e-06,0.9969422817230225,3.101211376588253e-08,512
001310,512,0,0.9966888427734375,2.0768147805938497e-06,0.8869264125823975,1.508587565979269e-08,512
000571,512,0,0.9929351806640625,5.2070030506001785e-05,0.9567448496818542,3.8295187465564595e-08,512
001031,512,0,0.9927825927734375,2.8316910629655467e-06,0.9810729622840881,1.487453289428231e-07,512
000461,512,0,0.9944915771484375,2.040798426605761e-05,0.9809710383415222,6.888011938599448e-08,512
000652,512,0,0.99365234375,6.146160103526199e-06,0.8673382997512817,4.134732023430843e-08,512
000444,512,0,0.98651123046875,9.643435987527482e-06,0.9515596032142639,3.849307361747378e-08,512
001194,512,0,0.9974212646484375,3.044083598524594e-07,0.9997897744178772,5.897423882572639e-09,512
001156,512,0,0.998016357421875,6.565253443113761e-07,0.9992170333862305,7.989917172324112e-09,512
000014,512,0,0.9974212646484375,8.578675760873011e-07,0.9939724802970886,3.943609439005513e-09,512
000250,512,0,0.9923248291015625,4.754434485221282e-06,0.9616653919219971,5.464670138621841e-08,512
000134,512,0,0.994537353515625,4.862496098212432e-06,0.7632527351379395,4.3845574282386224e-08,512
001301,512,0,0.99359130859375,0.00035523303085938096,0.9993237853050232,6.400777010640013e-07,512
000768,512,0,0.994873046875,1.936293529070099e-06,0.7568495273590088,6.338081703916032e-08,512
000823,512,0,0.99346923828125,1.2852108284278074e-06,0.7963350415229797,1.0248118087474722e-07,512
000040,512,0,0.9974212646484375,5.36292191100074e-06,0.9998254776000977,6.317379330766926e-08,512
000891,512,0,0.99371337890625,1.0548084901529364e-05,0.9904347062110901,8.733508138902835e-08,512
000561,512,0,0.9937744140625,1.7250413293368183e-05,0.9960190057754517,8.75656525067825e-08,512
001200,512,0,0.9974212646484375,2.861872417270206e-06,0.9995908737182617,2.3713017327509078e-08,512
001233,512,0,0.9974212646484375,4.509022801357787e-06,0.9996762871742249,2.8939799889826645e-08,512
000119,512,0,0.9935302734375,4.927923146169633e-05,0.842812716960907,5.127183158037951e-07,512
001324,512,0,0.9953460693359375,1.434591831639409e-05,0.9569576978683472,6.722904544176345e-08,512
000793,512,0,0.998016357421875,3.237172450099024e-06,0.7965644001960754,5.57607897633261e-08,512
000293,512,0,0.9929351806640625,8.419975529250223e-06,0.9275190234184265,7.64497016803034e-08,512
000143,512,0,0.993438720703125,3.7287425129761687e-06,0.8655832409858704,2.5817145754558624e-08,512
001011,512,0,0.9925689697265625,3.877740709867794e-06,0.964889407157898,1.3047903735241562e-07,512
000834,512,0,0.992828369140625,1.6831436369102448e-05,0.8881503939628601,1.4419627270001456e-08,512
000095,512,0,0.997039794921875,9.542192856315523e-06,0.9064416289329529,6.18875048985501e-08,512
000017,512,0,0.9974212646484375,8.120445045278757e-07,0.9915825724601746,3.540383097799804e-09,512
001116,512,0,0.994842529296875,1.9151073047396494e-06,0.9995604753494263,3.256714364852087e-08,512
000653,512,0,0.99365234375,8.971875104180072e-06,0.8787195682525635,4.6146769960841993e-08,512
000755,512,0,0.99395751953125,5.58260489924578e-06,0.6599183678627014,8.077570612385898e-08,512
000705,512,0,0.992828369140625,4.038856332044816e-06,0.8524273037910461,7.934576018442385e-08,512
000723,512,0,0.99273681640625,1.0364284435127047e-06,0.8927664160728455,5.4407376381959693e-08,512
000738,512,0,0.99200439453125,2.7103447791887447e-05,0.8902618885040283,2.3583613995015185e-07,512
001266,512,0,0.9937744140625,0.00011303045903332531,0.9992859363555908,5.729042413804564e-07,512
000364,512,0,0.9924468994140625,2.4806640794849955e-06,0.9996811747550964,2.2380765685170445e-08,512
000791,512,0,0.994049072265625,1.3766191386821447e-06,0.824199914932251,1.2531235427104548e-07,512
000048,512,0,0.98968505859375,1.3628747410621145e-06,0.9991616010665894,3.0618007684779514e-08,512
000228,512,0,0.991729736328125,6.582497917406727e-06,0.8045696020126343,3.465392595103367e-08,512
000956,512,0,0.99249267578125,5.886440249014413e-06,0.9332558512687683,9.644152498822223e-08,512
000570,512,0,0.9934539794921875,5.0404967623762786e-05,0.9141121506690979,4.2345696726897586e-08,512
000116,512,0,0.9945068359375,3.037127953575691e-06,0.8732435703277588,3.9372256566139185e-08,512
000350,512,0,0.9974822998046875,1.9190742932551075e-06,0.998175323009491,1.5057691982178767e-08,512
000276,512,0,0.9922637939453125,1.2326001524343155e-05,0.953589916229248,1.925976107486349e-07,512
001022,512,0,0.993499755859375,0.00010610147000988945,0.9745800495147705,1.8601281226438005e-07,512
000369,512,0,0.9974822998046875,3.8265729926934e-06,0.9997692108154297,3.948046156665441e-08,512
001225,512,0,0.9974212646484375,4.2090910028491635e-06,0.9987941384315491,5.488379883900052e-08,512
000129,512,0,0.9966583251953125,5.369814061850775e-06,0.7513443231582642,4.2342712447407393e-08,512
000947,512,0,0.99322509765625,9.336565199191682e-06,0.9531301856040955,1.2710917474123562e-07,512
000800,512,0,0.993865966796875,1.8148157323594205e-06,0.9401957988739014,7.594404394239973e-08,512
000154,512,0,0.9934539794921875,2.495385160727892e-06,0.834134578704834,4.726948787947549e-08,512
001168,512,0,0.9974212646484375,1.8118540765499347e-06,0.9997138977050781,3.497822254061589e-09,512
000602,512,0,0.9940185546875,5.5064723710529506e-05,0.9781663417816162,6.594487444999686e-08,512
000210,512,0,0.992340087890625,6.271943675528746e-06,0.7640440464019775,2.0030464398246295e-08,512
001284,512,0,0.994873046875,8.25245660962537e-06,0.9837227463722229,1.1698266888515718e-07,512
000534,512,0,0.9966583251953125,6.94696882419521e-06,0.9877412915229797,6.826086718092483e-08,512
000814,512,0,0.99334716796875,9.683385542302858e-07,0.9219551086425781,1.524904469363264e-08,512
000846,512,0,0.993255615234375,1.7758025023795199e-06,0.7759049534797668,4.6604011316730976e-08,512
001132,512,0,0.9974212646484375,6.005602699588053e-07,0.9942934513092041,5.579502637687028e-09,512
000257,512,0,0.9935760498046875,1.6001631593098864e-05,0.9970023036003113,6.709212385658248e-08,512
000688,512,0,0.9929351806640625,1.2853748557972722e-05,0.866686999797821,5.171325057062859e-08,512
001056,512,0,0.992431640625,1.230764428328257e-05,0.9206249117851257,1.6648594680646056e-07,512
000430,512,0,0.9889984130859375,6.946323537704302e-06,0.9916715621948242,3.385779123732391e-08,512
000900,512,0,0.9935150146484375,1.1546391760930419e-05,0.8922759890556335,6.6611704596653e-08,512
000471,512,0,0.9923248291015625,1.4402227861864958e-05,0.9886568188667297,4.719293045241102e-08,512
000833,512,0,0.996795654296875,2.0524132651189575e-06,0.8591281175613403,2.747726490781588e-08,512
000171,512,0,0.9964447021484375,3.284540798631497e-05,0.7813206315040588,1.5265983677181794e-07,512
000567,512,0,0.99407958984375,0.00014096418453846127,0.9964662790298462,1.523430910310708e-07,512
001043,512,0,0.993133544921875,7.715129868302029e-06,0.9504861831665039,1.1663106391779365e-07,512
000798,512,0,0.994049072265625,1.1570904234758927e-06,0.7701015472412109,4.4428492884662774e-08,512
001085,512,0,0.9940185546875,2.9250411898829043e-05,0.9774224758148193,1.2613305955255782e-07,512
000895,512,0,0.99420166015625,4.7049893510120455e-06,0.9694006443023682,6.498405724641998e-08,512
001121,512,0,0.994842529296875,1.011468839351437e-06,0.9989659786224365,2.9463798512097128e-08,512
000979,512,0,0.9937286376953125,5.067774691269733e-05,0.9176608324050903,1.5043555379179452e-07,512
000363,512,0,0.9974822998046875,4.40880648966413e-06,0.9994428753852844,1.9978482868054925e-08,512
000311,512,0,0.9940948486328125,6.011041932652006e-06,0.9933281540870667,3.372904444631786e-08,512
000229,512,0,0.99188232421875,9.994264473789372e-06,0.8912458419799805,8.912031290719824e-08,512
000234,512,0,0.9943084716796875,1.3436532753985375e-05,0.9628719091415405,5.907825695317115e-08,512
001073,512,0,0.99169921875,1.1499809261295013e-05,0.9303147196769714,1.6831832283514814e-07,512
000716,512,0,0.99261474609375,1.9529577912180685e-05,0.8386737704277039,1.2121621750793565e-07,512
001005,512,0,0.9940185546875,2.598124183350592e-06,0.9370850920677185,9.126856781449533e-08,512
001119,512,0,0.9974212646484375,2.637753823364619e-06,0.9998170137405396,2.9550641045261727e-08,512
001327,512,0,0.9955291748046875,1.7370501154800877e-05,0.9647627472877502,7.823259551287265e-08,512
000754,512,0,0.9969024658203125,7.073820597724989e-06,0.8307503461837769,9.025211511470843e-08,512
000245,512,0,0.99359130859375,6.278345608734526e-06,0.9851506352424622,6.867863788784234e-08,512
000780,512,0,0.99688720703125,6.805483963034931e-07,0.869874119758606,4.711335321871957e-09,512
000277,512,0,0.9922637939453125,1.2725480701192282e-05,0.9791176319122314,8.374019699886048e-08,512
001052,512,0,0.9935302734375,4.091855953447521e-05,0.9796965718269348,1.12600659463169e-07,512
000856,512,0,0.996612548828125,3.074537016800605e-05,0.8174362182617188,1.710053822989721e-07,512
000871,512,0,0.992279052734375,6.698928245896241e-06,0.9530040621757507,1.9980561205557024e-07,512
000531,512,0,0.996795654296875,2.682955346244853e-05,0.959418773651123,1.43805081620485e-07,512
000472,512,0,0.9934539794921875,9.466019400861114e-05,0.9309869408607483,9.946367640623066e-08,512
000083,512,0,0.9974212646484375,1.329395445281989e-06,0.999779999256134,9.573484227587414e-09,512
000274,512,0,0.993865966796875,2.4442568246740848e-05,0.7446005344390869,1.343902340522618e-07,512
000147,512,0,0.99359130859375,4.265451934770681e-06,0.7792842984199524,5.896967536500597e-08,512
000096,512,0,0.993896484375,1.2041370609949809e-05,0.9316604733467102,4.4686164102358816e-08,512
000152,512,0,0.99359130859375,1.2632252037292346e-05,0.7472155094146729,5.19288470002266e-08,512
001158,512,0,0.9922637939453125,9.028479439621151e-07,0.9985595941543579,1.2791568693160116e-08,512
000453,512,0,0.988067626953125,5.79976913286373e-05,0.9729279279708862,9.718949911530217e-08,512
000057,512,0,0.9974212646484375,4.5180829033597547e-07,0.9993777871131897,2.820652378332511e-09,512
000411,512,0,0.99688720703125,9.520006642560475e-06,0.6127325296401978,1.0476988876462201e-07,512
000388,512,0,0.9974822998046875,3.319682264191215e-06,0.9996061325073242,1.4456706942667097e-08,512
000082,512,0,0.9974212646484375,3.993904556409689e-06,0.9997721910476685,8.396872530624933e-09,512
000655,512,0,0.99334716796875,9.075793059309945e-06,0.7537499070167542,9.488824304071386e-08,512
000962,512,0,0.993896484375,6.653755008301232e-06,0.9368166923522949,1.431550344932475e-07,512
001086,512,0,0.9937896728515625,6.311668403213844e-05,0.9493998885154724,1.235397206755806e-07,512
000539,512,0,0.9966278076171875,2.4628439859952778e-05,0.9956305623054504,1.8507836330172722e-07,512
000381,512,0,0.9974822998046875,3.5235452742199413e-06,0.9998572468757629,2.4109029439500773e-08,512
000527,512,0,0.9966888427734375,1.3571008821600117e-05,0.9333563446998596,8.348209945552298e-08,512
000309,512,0,0.9935760498046875,1.3380476957536303e-05,0.997857928276062,5.549726012077372e-08,512
000065,512,0,0.9974212646484375,5.492276613949798e-06,0.9996033906936646,2.349330330275734e-08,512
000418,512,0,0.99371337890625,1.3524771929951385e-05,0.9883370399475098,7.905875065716828e-08,512
000306,512,0,0.9923248291015625,2.3852837330196053e-05,0.939749002456665,5.4992632669836894e-08,512
000469,512,0,0.9940338134765625,1.656739550526254e-05,0.9784163236618042,5.7919663731809123e-08,512
000088,512,0,0.9974212646484375,1.06362608676136e-06,0.9991564154624939,6.807134411701554e-09,512
001007,512,0,0.9931793212890625,9.410290658706799e-06,0.9749935269355774,1.1713614611608136e-07,512
000690,512,0,0.9964599609375,8.331758181157056e-06,0.92116779088974,8.775612059253035e-08,512
000686,512,0,0.992645263671875,7.788603397784755e-06,0.9024893641471863,8.194227518742991e-08,512
000428,512,0,0.9922637939453125,9.304521881858818e-06,0.9845576286315918,5.789233625819179e-08,512
000605,512,0,0.9965362548828125,1.0645040674717166e-05,0.7913114428520203,3.883591048747803e-08,512
001067,512,0,0.99200439453125,1.239769426319981e-05,0.9443081617355347,8.804301643294821e-08,512
001025,512,0,0.993804931640625,4.325981353758834e-05,0.9258567690849304,1.2616040123702987e-07,512
001245,512,0,0.9974212646484375,1.3708092865272192e-06,0.9993529915809631,9.130632605547362e-08,512
001045,512,0,0.9925537109375,6.197590664669406e-06,0.9635921716690063,1.3797344422528113e-07,512
000767,512,0,0.99395751953125,1.5326152151828865e-06,0.7280288934707642,2.0862497507323496e-08,512
000728,512,0,0.992401123046875,2.7796356789622223e-06,0.9025110006332397,4.261245223347032e-08,512
001065,512,0,0.99322509765625,8.875153071130626e-06,0.9810951352119446,1.445378643438744e-07,512
000540,512,0,0.996826171875,9.740439054439776e-06,0.9970801472663879,8.177254073871154e-08,512
000658,512,0,0.993316650390625,0.0002184947661589831,0.7393627166748047,1.4427396166638573e-08,512
000549,512,0,0.9945220947265625,0.004859554581344128,0.5932484269142151,1.156164898930001e-06,512
000522,512,0,0.986297607421875,6.708245200570673e-05,0.8610117435455322,2.2781556197060127e-07,512
000978,512,0,0.992950439453125,3.0127359423204325e-05,0.971817135810852,1.446287427597781e-07,512
000317,512,0,0.9923248291015625,6.565699550264981e-06,0.9836486577987671,1.0041658526915853e-07,512
000117,512,0,0.993377685546875,4.4326079660095274e-06,0.7914557456970215,3.82443410273936e-08,512
000184,512,0,0.9927978515625,4.845946477871621e-06,0.9075092673301697,2.5467075559504337e-08,512
000631,512,0,0.9970245361328125,1.3970146937936079e-05,0.7341081500053406,1.069112229856728e-07,512
000459,512,0,0.9930877685546875,2.1307179849827662e-05,0.8789046406745911,3.7965417476470975e-08,512
000804,512,0,0.993560791015625,2.884513378376141e-06,0.8423159122467041,7.228933185388087e-08,512
000819,512,0,0.993499755859375,2.0025258891109843e-06,0.7300775647163391,1.1613370531904366e-07,512
001048,512,0,0.9942626953125,5.850690286024474e-06,0.954108476638794,6.946785902073316e-08,512
000271,512,0,0.9940185546875,1.2420716302585788e-05,0.9821749329566956,1.8338647578275413e-07,512
000358,512,0,0.994964599609375,1.7417455637769308e-06,0.9997046589851379,1.4493884314958905e-08,512
000670,512,0,0.996795654296875,6.564703198819188e-06,0.9092475175857544,2.560918055394268e-08,512
000145,512,0,0.99725341796875,1.3368688769332948e-06,0.8717209696769714,1.9122062155929598e-08,512
000118,512,0,0.993682861328125,9.825711458688602e-06,0.8293079733848572,1.3246217633877677e-07,512
000239,512,0,0.98699951171875,2.561473047535401e-05,0.94514399766922,4.924603658196247e-08,512
000126,512,0,0.996826171875,1.584673191246111e-05,0.8273897171020508,9.406709722270534e-08,512
000115,512,0,0.9935455322265625,4.86456747239572e-06,0.8448449969291687,2.6077549009073664e-08,512
001171,512,0,0.9974212646484375,2.0883026081719436e-06,0.9995971322059631,4.990566537799168e-08,512
000497,512,0,0.987762451171875,1.088576391339302e-05,0.9423286318778992,4.5083439204063325e-08,512
000847,512,0,0.992950439453125,9.44252121826139e-07,0.8115637898445129,2.6259613150614314e-08,512
000462,512,0,0.9930877685546875,6.16453035036102e-05,0.9360547661781311,1.0105070202826028e-07,512
000604,512,0,0.9965362548828125,1.5780311514390633e-05,0.7856623530387878,5.372332978481609e-08,512
000223,512,0,0.99505615234375,2.157994003937347e-06,0.8259184956550598,3.6274631298738313e-08,512
000810,512,0,0.9935302734375,3.257140178902773e-06,0.8569121360778809,2.8571609078653637e-08,512
000938,512,0,0.99249267578125,3.853934322251007e-05,0.9650771617889404,6.809076324998387e-08,512
000460,512,0,0.9940643310546875,0.001460873638279736,0.9286719560623169,2.8610077151824953e-07,512
001001,512,0,0.994842529296875,6.019364082021639e-05,0.928397536277771,2.3601404564033146e-07,512
001108,512,0,0.9974212646484375,1.9036604498978704e-05,0.9992934465408325,6.21065723294123e-08,512
000826,512,0,0.99346923828125,2.5139991066680523e-06,0.849407970905304,2.6078106785121236e-08,512
001252,512,0,0.9945068359375,1.3152168321539648e-05,0.9997265934944153,9.087312946576276e-08,512
000981,512,0,0.9929046630859375,1.9006865841220133e-05,0.9375982284545898,8.517965710552744e-08,512
000429,512,0,0.989013671875,1.0392898730060551e-05,0.9985527396202087,3.3099773588674e-08,512
001277,512,0,0.99359130859375,0.00042281736386939883,0.8036015629768372,1.027956045618339e-06,512
001080,512,0,0.9927825927734375,5.4473430282087065e-06,0.9638798832893372,1.6561880045173893e-07,512
000707,512,0,0.99298095703125,9.670098734204657e-06,0.8276042938232422,1.4963794114919438e-07,512
000221,512,0,0.99163818359375,2.0104794202779885e-06,0.8650599718093872,4.8600703905776754e-08,512
000265,512,0,0.9945068359375,3.4652002796065062e-06,0.9972040057182312,1.6923712209404584e-08,512
000672,512,0,0.993438720703125,4.515198725130176e-06,0.8509727716445923,5.175290596071136e-08,512
000752,512,0,0.994842529296875,3.2806310628075153e-06,0.7710973620414734,1.4083830102151751e-08,512
000481,512,0,0.9860382080078125,4.801873274118407e-06,0.9838287234306335,1.9354155611495116e-08,512
000384,512,0,0.98992919921875,3.7009388051956194e-06,0.9996288418769836,1.5154785870663545e-08,512
000236,512,0,0.9937744140625,2.2339016140904278e-05,0.9937355518341064,8.584800070821075e-08,512
000125,512,0,0.99365234375,7.311617991945241e-06,0.48707881569862366,5.4863075860112076e-08,512
000892,512,0,0.993804931640625,6.690511327178683e-06,0.9051274657249451,3.395491177116128e-08,512
000238,512,0,0.9923248291015625,6.609624051634455e-06,0.9847084879875183,3.579905083483936e-08,512
000639,512,0,0.996856689453125,3.2829000701894984e-05,0.7544992566108704,8.105357096610533e-08,512
000914,512,0,0.9940185546875,6.421275429602247e-06,0.9407902359962463,6.445695532875106e-08,512
000432,512,0,0.98748779296875,1.6763591702328995e-05,0.9785754680633545,6.257717188873357e-08,512
000489,512,0,0.9880523681640625,6.34393873042427e-05,0.9730042219161987,7.166703142047481e-08,512
000513,512,0,0.9858551025390625,5.7278757594758645e-05,0.9764899611473083,5.631801158756389e-08,512
000114,512,0,0.996856689453125,9.413884981768206e-06,0.8788749575614929,5.1053753225005494e-08,512
000719,512,0,0.992645263671875,2.105608018609928e-06,0.9146462678909302,5.701974714611424e-08,512
000643,512,0,0.9939117431640625,7.66115863370942e-06,0.854350209236145,8.693098862977422e-08,512
000994,512,0,0.9942474365234375,2.069221591227688e-05,0.9014956951141357,9.11055622054846e-08,512
000712,512,0,0.993255615234375,2.5698387617012486e-05,0.8426963686943054,1.3084159888876457e-07,512
000242,512,0,0.9868621826171875,3.550217661540955e-05,0.9698026180267334,1.0811564266077767e-07,512
001207,512,0,0.994842529296875,1.6138017144839978e-06,0.9993588924407959,1.1860255000328834e-08,512
000201,512,0,0.992401123046875,4.3300196921336465e-06,0.8280104398727417,4.8338076652498785e-08,512
001312,512,0,0.9945068359375,0.00015651040303055197,0.9999285340309143,1.3955947508748068e-07,512
000524,512,0,0.996795654296875,8.285769581561908e-06,0.9967184066772461,1.4053124175461562e-07,512
000198,512,0,0.99273681640625,1.0570884114713408e-06,0.9006797075271606,3.415791738348162e-08,512
000543,512,0,0.996490478515625,5.485165729623986e-06,0.9950375556945801,8.466544443308521e-08,512
000028,512,0,0.9974212646484375,7.294534043467138e-06,0.999308705329895,3.861359942902709e-08,512
001323,512,0,0.9944000244140625,0.00026789901312440634,0.9753714799880981,2.7675568503582326e-07,512
000331,512,0,0.98992919921875,3.381974238436669e-06,0.9998490214347839,1.712628261429927e-08,512
000222,512,0,0.996124267578125,1.5848477232793812e-06,0.8323081135749817,4.767958117213311e-08,512
000869,512,0,0.9933319091796875,5.277530817693332e-06,0.9716673493385315,1.3922871744398435e-07,512
000692,512,0,0.993072509765625,5.04503759657382e-06,0.7926136255264282,3.712604979000389e-08,512
000842,512,0,0.996795654296875,1.016092937788926e-05,0.8676276206970215,3.6392478364177805e-08,512
000795,512,0,0.9950408935546875,1.912679636006942e-06,0.7981734871864319,8.880559221324802e-08,512
001078,512,0,0.9932861328125,6.8001072577317245e-06,0.9578953385353088,2.8550971364893485e-07,512
000896,512,0,0.99481201171875,1.2591008271556348e-05,0.9881517887115479,1.1501353469611786e-07,512
000052,512,0,0.9974212646484375,1.273741190743749e-06,0.9992033839225769,1.2447487485189868e-08,512
001256,512,0,0.9945068359375,0.0001108993892557919,0.981483519077301,1.5395083607927518e-07,512
000292,512,0,0.9883270263671875,3.773309117605095e-06,0.959019660949707,4.630005179251384e-08,512
000070,512,0,0.9974212646484375,2.5003912014653906e-05,0.999664843082428,8.835422704578377e-08,512
000443,512,0,0.994476318359375,1.967007847269997e-05,0.9694594740867615,6.318811784922218e-08,512
000343,512,0,0.9974822998046875,2.936511009465903e-06,0.9996017217636108,2.0662289657025212e-08,512
000504,512,0,0.9892120361328125,0.00012869821512140334,0.8720544576644897,4.0867860207072226e-07,512
000203,512,0,0.992401123046875,2.54333326665801e-06,0.9011804461479187,2.611985649991766e-08,512
000204,512,0,0.9920654296875,1.9631497707450762e-06,0.8410898447036743,3.9372586968511314e-08,512
000943,512,0,0.9917755126953125,3.524335261317901e-05,0.9620373845100403,9.96772726580275e-08,512
000886,512,0,0.9935150146484375,7.488315532100387e-06,0.9663701057434082,2.6028619259932384e-08,512
000337,512,0,0.9974822998046875,2.9187212930992246e-06,0.9998540878295898,2.290697942441966e-08,512
000146,512,0,0.99359130859375,2.5495945010334253e-05,0.7412722706794739,2.805234373681742e-07,512
000778,512,0,0.9937744140625,4.220237315166742e-06,0.8023614287376404,4.8601265234538005e-08,512
001051,512,0,0.99346923828125,1.4527144230669364e-05,0.8887814283370972,1.2015112815788598e-07,512
000121,512,0,0.99334716796875,1.6973290257737972e-05,0.8529905080795288,7.429034809547375e-08,512
000196,512,0,0.996368408203125,6.767563718312886e-07,0.8126084208488464,2.6632058336417685e-08,512
000647,512,0,0.993743896484375,1.2628624972421676e-06,0.7870196104049683,3.4483729649537054e-08,512
001182,512,0,0.9978179931640625,1.7336785731458804e-06,0.9965448379516602,2.0578884374344852e-08,512
000972,512,0,0.9942474365234375,4.920655919704586e-05,0.9766512513160706,1.5843049538943887e-07,512
000750,512,0,0.9974212646484375,1.1144923519168515e-05,0.8117418885231018,3.7898718829865174e-08,512
000568,512,0,0.9940643310546875,0.0005119937122799456,0.9748250842094421,1.3017448452501412e-07,512
000585,512,0,0.99359130859375,0.0006158318719826639,0.9894084930419922,3.1267737199414114e-07,512
000925,512,0,0.993988037109375,1.3297608347784262e-05,0.9549193978309631,1.260307698203178e-07,512
001295,512,0,0.9966583251953125,0.34640857577323914,0.0007274309755302966,1.7772477804101072e-05,512
000280,512,0,0.9943084716796875,8.533340405847412e-06,0.9980722665786743,3.834602679830823e-08,512
000741,512,0,0.992156982421875,5.355612302082591e-06,0.8600740432739258,6.491423931720419e-08,512
000360,512,0,0.998046875,6.023219157214044e-06,0.9993947744369507,2.526207865116703e-08,512
000969,512,0,0.993133544921875,5.234182390267961e-05,0.9421425461769104,1.9815186647065275e-07,512
000042,512,0,0.9974212646484375,1.4396820233741892e-06,0.9998483657836914,1.4253370927974629e-08,512
000087,512,0,0.9974212646484375,3.166053147651837e-06,0.9998615980148315,3.5253886920827426e-08,512
000975,512,0,0.994110107421875,1.898210757644847e-05,0.9445554614067078,8.980632060229254e-08,512
000877,512,0,0.994842529296875,5.142956524650799e-06,0.97510826587677,1.2399441118304821e-07,512
000942,512,0,0.99420166015625,1.3200962712289765e-05,0.8859235048294067,7.183813011124585e-08,512
000998,512,0,0.9937744140625,1.0592257240205072e-05,0.9458561539649963,6.378386530059288e-08,512
000356,512,0,0.9974822998046875,2.4050289084698306e-06,0.9998531341552734,1.4431948081039536e-08,512
000697,512,0,0.99273681640625,2.4661361749167554e-05,0.8038355708122253,1.8899237375080702e-07,512
000403,512,0,0.9969024658203125,7.133452527341433e-06,0.9709056615829468,5.2432216790521124e-08,512
000208,512,0,0.9960174560546875,7.490947609767318e-06,0.8223474621772766,7.203924212717538e-08,512
000514,512,0,0.9934539794921875,0.07741551101207733,0.0125218341127038,1.771737601075074e-07,512
000401,512,0,0.9945526123046875,3.850867869914509e-06,0.9610232710838318,3.257336800288613e-08,512
000248,512,0,0.9939422607421875,6.167338142404333e-06,0.983083188533783,7.105059296463878e-08,512
000758,512,0,0.994110107421875,1.320962928730296e-05,0.8097746968269348,4.5298648387870344e-08,512
001192,512,0,0.9974212646484375,4.80480309761333e-07,0.9996997117996216,7.817315683666948e-09,512
001282,512,0,0.9963531494140625,0.0009113533888012171,0.9998241066932678,4.951747882842028e-07,512
000876,512,0,0.993804931640625,5.134624643687857e-06,0.9216599464416504,7.36191623218474e-08,512
000764,512,0,0.9948272705078125,9.53284961724421e-06,0.8230811357498169,5.717404150118455e-08,512
000445,512,0,0.9939117431640625,6.637623300775886e-06,0.9810512065887451,3.2640159020047577e-08,512
000865,512,0,0.9970245361328125,6.535561624332331e-06,0.773922860622406,5.6197379194600217e-08,512
000564,512,0,0.9922637939453125,0.0005022479454055429,0.9930431842803955,2.40806173223973e-07,512
000149,512,0,0.993438720703125,1.760086161084473e-05,0.8551260828971863,6.54522693821491e-08,512
000584,512,0,0.99407958984375,3.136336090392433e-05,0.9583284258842468,9.292429581364559e-08,512
001019,512,0,0.9949188232421875,8.368212729692459e-05,0.9610201120376587,1.6336051089638204e-07,512
001017,512,0,0.992431640625,2.453061460983008e-05,0.9432194828987122,1.278451264852265e-07,512
000308,512,0,0.9923248291015625,9.611463610781357e-06,0.9443466663360596,4.317290347444214e-08,512
001318,512,0,0.9952545166015625,0.0005142695154063404,0.9175448417663574,1.1691047774320396e-07,512
000018,512,0,0.9974212646484375,3.602891069931502e-07,0.9922109246253967,5.976199091151102e-09,512
000056,512,0,0.9974212646484375,1.6050339581852313e-06,0.9998040795326233,5.8649098910734665e-09,512
000232,512,0,0.9944915771484375,3.7499821701203473e-06,0.9815308451652527,2.824265976641982e-08,512
000777,512,0,0.99407958984375,1.9348194655322004e-06,0.7993550896644592,2.0455390270512908e-08,512
000328,512,0,0.9974822998046875,2.3991319721972104e-06,0.9998035430908203,1.9215992352883404e-08,512
001217,512,0,0.994842529296875,1.026589984576276e-06,0.9993365406990051,2.8076063696147457e-09,512
001219,512,0,0.994842529296875,8.990920719043061e-07,0.9986926317214966,6.126022356056637e-09,512
000577,512,0,0.9940338134765625,5.083274663775228e-05,0.9989856481552124,1.9972857501215913e-07,512
000383,512,0,0.9974822998046875,3.3279538911301643e-06,0.9991787075996399,3.0640897819012025e-08,512
001276,512,0,0.9940643310546875,5.497112852026476e-06,0.9991902709007263,5.743953579440131e-08,512
000929,512,0,0.9937286376953125,2.5773662855499424e-05,0.9602132439613342,1.000087905822511e-07,512
000354,512,0,0.9974822998046875,3.0049750421312638e-06,0.9998701214790344,1.7901292892474885e-08,512
000029,512,0,0.9974212646484375,7.973976607900113e-06,0.9998303651809692,6.818046927037358e-08,512
001118,512,0,0.9974212646484375,2.272750407428248e-06,0.9951367974281311,2.9061448358902453e-08,512
000006,512,0,0.9974212646484375,2.2886135411681607e-05,0.9998366236686707,1.2701534934933534e-08,512
000105,512,0,0.994049072265625,1.2660944776143879e-05,0.8052183985710144,7.884831632054556e-08,512
000486,512,0,0.9929351806640625,3.863122401526198e-06,0.923442542552948,1.819938688640832e-08,512
000074,512,0,0.9974212646484375,7.009114597167354e-06,0.9989548921585083,3.121763825220114e-08,512
000275,512,0,0.9923248291015625,1.9560808141250163e-05,0.9771984815597534,2.0486871221692127e-07,512
001189,512,0,0.9974212646484375,1.5010276683824486e-06,0.9997999668121338,9.961738989261448e-09,512
000612,512,0,0.99639892578125,2.8455207939259708e-05,0.8112084865570068,6.585351997046018e-08,512
000008,512,0,0.9922637939453125,1.2788043022737838e-05,0.7974188923835754,1.9618600077819792e-08,512
001093,512,0,0.9935150146484375,1.5155639630393125e-05,0.8606788516044617,1.0062030497692831e-07,512
000034,512,0,0.9974212646484375,1.2352189514786005e-05,0.999160885810852,1.1470019956050237e-07,512
000949,512,0,0.9950714111328125,1.081822847481817e-05,0.8919315338134766,8.726469502562395e-08,512
000039,512,0,0.99761962890625,1.469440212531481e-05,0.9992853999137878,7.712833394180052e-08,512
001138,512,0,0.994842529296875,8.243283105002774e-07,0.9997938871383667,3.4950097926866874e-08,512
000677,512,0,0.993438720703125,7.989799087226856e-06,0.8259987831115723,6.937183627542254e-08,512
001198,512,0,0.9922637939453125,6.533830855914857e-06,0.9994158744812012,6.070376912248321e-08,512
000696,512,0,0.99273681640625,1.0942749213427305e-05,0.8121209144592285,7.145876423919617e-08,512
001230,512,0,0.9922637939453125,6.642950438617845e-07,0.9995042085647583,2.040518154444726e-08,512
000590,512,0,0.9929351806640625,2.7620957553153858e-05,0.9645891189575195,6.452248868527022e-08,512
001243,512,0,0.9966278076171875,2.3481609332520748e-06,0.9182494282722473,1.6736005647999264e-07,512
000323,512,0,0.988677978515625,5.868736934644403e-06,0.9774854779243469,4.518068763559313e-08,512
001032,512,0,0.9915924072265625,4.64386903331615e-06,0.9383596777915955,7.467297535868056e-08,512
000488,512,0,0.994873046875,1.2340779903752264e-05,0.9876165986061096,6.496590287952131e-08,512
000413,512,0,0.9936065673828125,4.715847171610221e-05,0.9624150991439819,2.8684171482495913e-08,512
000700,512,0,0.9931640625,2.270871846121736e-07,0.8064945340156555,1.0809464434657912e-08,512
000854,512,0,0.996612548828125,3.817176093434682e-06,0.8854955434799194,7.040600991103929e-08,512
000217,512,0,0.992156982421875,7.341863579313213e-07,0.8507779836654663,2.1251983284287235e-08,512
000101,512,0,0.994049072265625,8.065407746471465e-05,0.8273678421974182,8.742889576751622e-07,512
000518,512,0,0.9874725341796875,2.2606975107919425e-05,0.9576146602630615,2.4443446378086264e-08,512
000578,512,0,0.9929351806640625,0.0003619460912887007,0.9506781697273254,3.2008540529204765e-07,512
000950,512,0,0.9940338134765625,6.90544256940484e-05,0.9968750476837158,2.373780461084607e-07,512
000031,512,0,0.994842529296875,5.0133789954998065e-06,0.999541699886322,1.2646003355598623e-08,512
000888,512,0,0.9940948486328125,3.1222186862578383e-06,0.9763750433921814,1.5440873468719474e-08,512
000256,512,0,0.9883270263671875,3.6206051845510956e-06,0.9406989812850952,2.4732580428121764e-08,512
000419,512,0,0.994110107421875,5.0446042223484255e-06,0.5137062668800354,3.9766213433267694e-08,512
000035,512,0,0.9974212646484375,8.352780241693836e-06,0.974737286567688,1.0074351308730911e-07,512
000872,512,0,0.9925537109375,7.258550795086194e-06,0.9585103988647461,1.4480329468824493e-07,512
001147,512,0,0.9974212646484375,8.867795031619607e-07,0.9994481205940247,1.0699312547046702e-08,512
001033,512,0,0.9944305419921875,1.7530559489387088e-05,0.9440400004386902,1.5305734279991157e-07,512
000991,512,0,0.99371337890625,1.6550253349123523e-05,0.972675085067749,6.897928273019716e-08,512
001113,512,0,0.9974212646484375,2.1886394279135857e-06,0.9993467330932617,4.3292594398280926e-08,512
000884,512,0,0.9944305419921875,1.3223656424088404e-05,0.9659430384635925,4.475116099911247e-08,512
001292,512,0,0.996917724609375,2.279625050505274e-06,0.9264559745788574,7.891399533832555e-09,512
000235,512,0,0.9929351806640625,2.08544861379778e-06,0.9273391962051392,6.304904331955186e-08,512
000185,512,0,0.992645263671875,7.760803782730363e-06,0.8121621608734131,5.6926769076426353e-08,512
000404,512,0,0.993865966796875,3.3484782761661336e-05,0.7839934825897217,1.724297220562221e-07,512
001071,512,0,0.99371337890625,1.5969282685546204e-05,0.9921992421150208,1.1331853499996214e-07,512
000340,512,0,0.9974822998046875,3.0971459636930376e-06,0.999457061290741,2.42851818654799e-08,512
000387,512,0,0.9974822998046875,5.219234481046442e-06,0.9997535943984985,2.721745140377152e-08,512
000990,512,0,0.99371337890625,1.3223084351920988e-05,0.9903317093849182,1.2229358503645926e-07,512
000254,512,0,0.9873504638671875,5.477681042975746e-06,0.9672042727470398,3.902636080965749e-08,512
000953,512,0,0.99169921875,4.820674075745046e-05,0.8005524277687073,1.623201342226821e-07,512
000770,512,0,0.9970550537109375,2.9100870051479433e-06,0.7493219971656799,3.8850476613561113e-08,512
000241,512,0,0.988128662109375,1.0413225027150474e-05,0.9668394327163696,4.397703534664288e-08,512
000559,512,0,0.9945220947265625,5.679530659108423e-06,0.9797077178955078,5.9001941110636835e-08,512
000357,512,0,0.9974822998046875,2.346153678445262e-06,0.999801754951477,1.3285179178978979e-08,512
000905,512,0,0.99261474609375,1.432741464668652e-05,0.9538667798042297,5.641079425799944e-08,512
000068,512,0,0.994842529296875,5.97843836658285e-07,0.9993857145309448,4.828794697431249e-09,512
000097,512,0,0.993896484375,7.598285719723208e-06,0.8720577955245972,4.4047030911542606e-08,512
000108,512,0,0.99700927734375,1.2014023013762198e-05,0.8578318357467651,4.5468183884622704e-08,512
000618,512,0,0.9965362548828125,3.5045071854256094e-05,0.8430506587028503,1.653892809372337e-07,512
000982,512,0,0.99169921875,5.4137308325152844e-05,0.9592120051383972,2.917843175964663e-07,512
000743,512,0,0.9918212890625,6.626169124501757e-06,0.7785345911979675,8.025521225363264e-08,512
000279,512,0,0.9940185546875,3.035350800928427e-06,0.9824281930923462,3.34125864753787e-08,512
000824,512,0,0.993316650390625,1.2890182006231043e-06,0.8184974789619446,6.20832452113973e-08,512
001058,512,0,0.99346923828125,1.4114213627181016e-05,0.9215214252471924,1.631608057550693e-07,512
000681,512,0,0.9934539794921875,1.3076901268505026e-05,0.8176819086074829,9.391779798306743e-08,512
001196,512,0,0.9974212646484375,4.057740625285078e-06,0.9998173117637634,4.455311497508774e-08,512
001275,512,0,0.9945220947265625,8.800885552773252e-06,0.9474864602088928,1.0047754983588675e-07,512
000760,512,0,0.99456787109375,2.8954391382285394e-06,0.8072494864463806,3.548140981024517e-08,512
000089,512,0,0.994842529296875,5.657812380377436e-06,0.9997135996818542,2.3853450770161544e-08,512
000054,512,0,0.9922637939453125,2.6919287847704254e-06,0.9996054768562317,1.5188669877375105e-08,512
000624,512,0,0.993896484375,3.449844371061772e-06,0.8301073312759399,5.257679092096623e-08,512
000987,512,0,0.99481201171875,2.325599234609399e-05,0.9909267425537109,1.3429668399567163e-07,512
001179,512,0,0.9974212646484375,1.6320335589625756e-06,0.9993805289268494,5.57393020628183e-09,512
000338,512,0,0.9974822998046875,1.6809324279165594e-06,0.9995133280754089,1.433985374887925e-08,512
000206,512,0,0.99237060546875,9.192601282848045e-06,0.8695857524871826,5.8325046126128655e-08,512
000177,512,0,0.99267578125,5.056443114881404e-06,0.7917706966400146,7.335435014965697e-08,512
000565,512,0,0.99359130859375,0.004141589161008596,0.9997769594192505,2.464452393269312e-07,512
001134,512,0,0.9978179931640625,5.014372845835169e-07,0.9993752241134644,3.940566095650411e-09,512
000130,512,0,0.9931640625,1.2625680483324686e-06,0.7914217114448547,2.7600277618944347e-08,512
000952,512,0,0.9939727783203125,3.434189420659095e-05,0.9688703417778015,1.2492138523612084e-07,512
001082,512,0,0.9925384521484375,1.3256794773042202e-05,0.9713217616081238,1.6907975464164338e-07,512
000136,512,0,0.993316650390625,9.336931725556497e-06,0.8661803007125854,3.340629106673987e-08,512
000551,512,0,0.9945068359375,0.0021782261319458485,0.9999085664749146,7.694378041378513e-07,512
000288,512,0,0.9940185546875,2.7183612019143766e-06,0.9787865281105042,3.459746622525017e-08,512
000619,512,0,0.997039794921875,1.5080738648975966e-06,0.9477637410163879,4.37345697434921e-08,512
000852,512,0,0.992645263671875,1.083143843061407e-06,0.85975581407547,5.4302024210528543e-08,512
001165,512,0,0.9974212646484375,5.632549573419965e-07,0.9994063973426819,4.3273344907390765e-09,512
000321,512,0,0.9884490966796875,9.093824701267295e-06,0.9948232769966125,5.180906015311848e-08,512
001231,512,0,0.9974212646484375,6.895418209751369e-07,0.9995762705802917,9.622636909512039e-09,512
000501,512,0,0.9883880615234375,4.913860175292939e-05,0.9947704076766968,1.1370334362936774e-07,512
000393,512,0,0.9974822998046875,3.1136955840338487e-06,0.9991008639335632,3.486462318846861e-08,512
000372,512,0,0.994964599609375,4.5016902731731534e-05,0.9994049072265625,6.354249393325517e-08,512
000512,512,0,0.987030029296875,5.469345342135057e-05,0.9671618938446045,5.4136009453031875e-08,512
000424,512,0,0.98638916015625,1.6776750271674246e-05,0.9300417900085449,4.7536900638078805e-08,512
001211,512,0,0.9974212646484375,2.9070506570860744e-06,0.9982331395149231,7.256895173668454e-08,512
000977,512,0,0.9937286376953125,7.864454528316855e-05,0.9390148520469666,2.4767373929535097e-07,512
000580,512,0,0.9940643310546875,3.406766336411238e-05,0.9837228655815125,1.1021896284546528e-07,512
000626,512,0,0.993896484375,1.969198274309747e-05,0.8634387254714966,1.3681274424470757e-07,512
000218,512,0,0.991973876953125,1.7810123154049506e-06,0.8399216532707214,3.416845117953926e-08,512
000451,512,0,0.988494873046875,5.6229441725008655e-06,0.9804802536964417,3.446283614039203e-08,512
000566,512,0,0.9945068359375,1.1767277101171203e-05,0.9991937279701233,5.875161690482855e-08,512
000165,512,0,0.993072509765625,1.5712321328464895e-06,0.8840650916099548,3.73770738804069e-08,512
000964,512,0,0.9932861328125,3.5851200664183125e-05,0.9617540240287781,1.2178969654996763e-07,512
000407,512,0,0.994384765625,7.143722541513853e-06,0.9515821933746338,5.099411382047947e-08,512
000517,512,0,0.9940643310546875,0.001598579459823668,0.9513581991195679,3.7375252759375144e-07,512
000572,512,0,0.9945220947265625,2.099101766361855e-05,0.9777784943580627,6.165371502220296e-08,512
001027,512,0,0.9937744140625,1.325275115959812e-05,0.9897139072418213,1.3701148304789967e-07,512
001106,512,0,0.9974212646484375,1.2603122740983963e-06,0.999889075756073,1.592943554840076e-08,512
000662,512,0,0.99346923828125,2.956527396236197e-06,0.7992013692855835,6.312560429933001e-08,512
000102,512,0,0.9970245361328125,7.392252882709727e-05,0.9870627522468567,2.8036430421707337e-07,512
000776,512,0,0.993927001953125,1.1332843996569864e-06,0.826429009437561,1.6490096399479626e-08,512
000160,512,0,0.992645263671875,1.9690651242854074e-06,0.8496618866920471,2.540851440357983e-08,512
000072,512,0,0.9974212646484375,4.448402705747867e-06,0.9998403191566467,1.6895368659675114e-08,512
001062,512,0,0.993316650390625,1.2496385352278594e-05,0.9537151455879211,1.9270709117336082e-07,512
000899,512,0,0.9934539794921875,1.876478381745983e-05,0.9616923928260803,1.3880821825296152e-07,512
001091,512,0,0.9925384521484375,0.00011979175906162709,0.8885272741317749,4.774390163220232e-07,512
000024,512,0,0.9974212646484375,5.512787538464181e-06,0.9997532963752747,2.5019099680889667e-08,512
000304,512,0,0.99407958984375,7.3421629167569336e-06,0.9936231374740601,3.297193273965604e-08,512
000753,512,0,0.9970550537109375,4.397154498292366e-06,0.9092286825180054,6.483937653456451e-08,512
000594,512,0,0.99407958984375,0.003278033807873726,0.999916136264801,9.613330576030421e-07,512
000769,512,0,0.9970550537109375,1.550648335069127e-06,0.9540858864784241,2.653066388802472e-08,512
000464,512,0,0.9943084716796875,0.00013259597471915185,0.9647451639175415,1.0876969724904484e-07,512
000044,512,0,0.9974212646484375,1.2005916687485296e-06,0.9997025728225708,1.1392230270246273e-08,512
000007,512,0,0.9974212646484375,8.769820851739496e-06,0.9986957907676697,2.452553360399179e-08,512
000438,512,0,0.9880828857421875,1.4665717571915593e-05,0.9600061178207397,3.914134438787187e-08,512
001313,512,0,0.9943084716796875,1.766885725373868e-05,0.9986897706985474,1.0725759835850113e-07,512
000069,512,0,0.9922637939453125,1.406350111210486e-05,0.9994824528694153,8.96632013080989e-09,512
001187,512,0,0.9974212646484375,1.4826277947577182e-06,0.9993976950645447,3.556493055612009e-08,512
000993,512,0,0.9937286376953125,1.9229639292461798e-05,0.9734440445899963,9.356774199886786e-08,512
000161,512,0,0.992645263671875,4.2493402361287735e-06,0.8640549182891846,5.622858978426848e-08,512
000505,512,0,0.993804931640625,6.492351531051099e-05,0.9240450263023376,4.710054213319381e-08,512
001290,512,0,0.9961700439453125,1.9509632693370804e-05,0.9471651315689087,1.9236075843309663e-08,512
000546,512,0,0.994873046875,0.00010992652096319944,0.9998404383659363,1.0977664999245462e-07,512
000258,512,0,0.9870452880859375,2.403271082584979e-06,0.9491863250732422,3.15237720371897e-08,512
001064,512,0,0.9925689697265625,2.8467333322623745e-05,0.9529784321784973,1.778735452262481e-07,512
001228,512,0,0.9974212646484375,1.8927344171970617e-06,0.9996998310089111,9.082786078806748e-08,512
001115,512,0,0.9974212646484375,5.19335799253895e-07,0.9983539581298828,9.27251342375257e-09,512
000674,512,0,0.99359130859375,8.537348548998125e-06,0.8286752700805664,9.103768405793744e-08,512
001293,512,0,0.9944915771484375,0.000182366871740669,0.982330322265625,3.6698222061204433e-07,512
001269,512,0,0.9939117431640625,6.025515904184431e-05,0.9929057955741882,2.7151341441822296e-07,512
001172,512,0,0.9974212646484375,1.7237882730114507e-06,0.9990253448486328,3.740499110449491e-08,512
001247,512,0,0.9974212646484375,2.3942620828165673e-06,0.9968212842941284,8.857603006617865e-08,512
000667,512,0,0.993438720703125,5.609153049590532e-06,0.8751890063285828,4.1508890546992916e-08,512
000641,512,0,0.99371337890625,1.206516344609554e-06,0.8503549098968506,2.5023522809419774e-08,512
000172,512,0,0.9930267333984375,2.2220672235562233e-06,0.824385404586792,3.728038677763834e-08,512
000503,512,0,0.9881439208984375,0.00015577086014673114,0.9540038108825684,3.596343844947114e-07,512
000181,512,0,0.992523193359375,7.634999974470702e-07,0.8831877112388611,7.545802560571246e-08,512
000726,512,0,0.992401123046875,0.000215834952541627,0.799314022064209,1.7525783491123548e-08,512
000033,512,0,0.9974212646484375,1.4589577403967269e-06,0.9997471570968628,4.11045277814992e-08,512
000437,512,0,0.9923248291015625,5.1865106797777116e-05,0.9763326048851013,4.6204288395301774e-08,512
001263,512,0,0.9922637939453125,0.00018537603318691254,0.9875877499580383,1.4954910909636965e-07,512
000989,512,0,0.9942169189453125,5.279864126350731e-06,0.9446518421173096,6.623304926733908e-08,512
000376,512,0,0.9974822998046875,2.6467523639439605e-06,0.9999197125434875,2.5609876885823724e-08,512
000959,512,0,0.993804931640625,5.2623152441810817e-05,0.9189033508300781,1.2279350869448535e-07,512
000491,512,0,0.9870452880859375,2.8735483283526264e-05,0.9654210209846497,8.578804511216731e-08,512
001090,512,0,0.9932861328125,2.959026642201934e-05,0.9639866352081299,3.935733730031643e-07,512
000530,512,0,0.996490478515625,0.00023287061776500195,0.9711765050888062,2.80719547163244e-07,512
001104,512,0,0.994110107421875,4.782883024745388e-06,0.9335168600082397,8.100657566956215e-08,512
000796,512,0,0.9970245361328125,1.7114699630838004e-06,0.9330553412437439,7.997142148497005e-08,512
000290,512,0,0.9939422607421875,2.4111343464028323e-06,0.9830113053321838,2.3900270207377616e-08,512
000179,512,0,0.99267578125,2.177480610043858e-06,0.8479019403457642,5.496310961916606e-08,512
000868,512,0,0.9925537109375,2.4716669031477068e-06,0.87518310546875,3.2759530199655273e-08,512
000264,512,0,0.9940185546875,3.5267535167804454e-06,0.9822655916213989,4.2139397748997e-08,512
000327,512,0,0.9974822998046875,4.7377811824844684e-06,0.9998384714126587,2.5202137265978308e-08,512
000657,512,0,0.993316650390625,9.02957526704995e-06,0.7868371605873108,8.361414671753664e-08,512
000442,512,0,0.9881591796875,9.435101674171165e-06,0.9883411526679993,3.2370017777338944e-08,512
001035,512,0,0.99420166015625,9.908215361065231e-06,0.9197893142700195,4.1271587036817436e-08,512
001136,512,0,0.9974212646484375,1.4842958080407698e-06,0.9911700487136841,5.774956512993867e-09,512
000251,512,0,0.9934539794921875,3.880906660924666e-06,0.9250673055648804,2.8414371300300445e-08,512
000342,512,0,0.990692138671875,8.139131750795059e-06,0.9986360669136047,2.223461414985195e-08,512
000098,512,0,0.9970245361328125,4.6815584937576205e-06,0.9521797299385071,2.9795028666512735e-08,512
001166,512,0,0.9974212646484375,9.31549834604084e-07,0.9990031719207764,7.863672379926356e-09,512
000829,512,0,0.9968109130859375,2.9175043891882524e-06,0.8649563789367676,5.631845212406006e-08,512
001049,512,0,0.994110107421875,7.725302566541359e-06,0.9356792569160461,4.0057301475826534e-08,512
000104,512,0,0.994049072265625,7.987632670847233e-06,0.7582373023033142,4.355026561597697e-08,512
000402,512,0,0.996917724609375,1.5841711501707323e-05,0.9956234097480774,5.1394390965242565e-08,512
000339,512,0,0.9924468994140625,3.532329628797015e-06,0.9997537732124329,1.3654037012145182e-08,512
000427,512,0,0.9940338134765625,1.9049974071094766e-05,0.9318162798881531,4.865527358788313e-08,512
000078,512,0,0.9982147216796875,6.1354485296760686e-06,0.9979998469352722,2.388222242188931e-08,512
001014,512,0,0.9937744140625,2.263842816319084e-06,0.9601147174835205,7.86526541673993e-08,512
000139,512,0,0.993621826171875,2.076992859656457e-05,0.8196418285369873,1.029193512636084e-07,512
001152,512,0,0.9974212646484375,1.2681886119025876e-06,0.998895525932312,7.49914974562671e-08,512
000479,512,0,0.9940185546875,4.402785179991042e-06,0.9530549645423889,4.5242078527962803e-08,512
000175,512,0,0.996429443359375,1.6388147514589946e-06,0.8205735087394714,5.375579092969929e-08,512
000435,512,0,0.9878387451171875,7.520703547925223e-06,0.9751508235931396,4.106381013002647e-08,512
001072,512,0,0.9925689697265625,1.0080638276122045e-05,0.9416224360466003,1.696688798347168e-07,512
000246,512,0,0.9935760498046875,3.5549551284930203e-06,0.993729293346405,2.6738264935488587e-08,512
000414,512,0,0.9937896728515625,1.0812791515490972e-05,0.9913811683654785,5.048577733646198e-08,512
000638,512,0,0.993865966796875,1.0130263945029583e-05,0.9048044681549072,5.0917648763970647e-08,512
000904,512,0,0.9938507080078125,2.583181776572019e-05,0.9337461590766907,6.448692602134543e-08,512
001321,512,0,0.995086669921875,1.4523277059197426e-05,0.9245245456695557,1.213771412267306e-07,512
000396,512,0,0.9974822998046875,3.666187694761902e-06,0.999833881855011,2.610368809996544e-08,512
000094,512,0,0.9948577880859375,9.677814887254499e-07,0.8860871195793152,3.6841790063135704e-08,512
000805,512,0,0.998077392578125,6.574159669980872e-06,0.7468169331550598,2.90175332651188e-08,512
000005,512,0,0.9974212646484375,8.816984518489335e-06,0.9996072053909302,1.551629758012041e-08,512
001316,512,0,0.9945068359375,0.0006355466321110725,0.9997257590293884,3.347998074332281e-07,512
001046,512,0,0.9940185546875,6.437893716793042e-06,0.9535833597183228,1.9013370433640375e-07,512
000586,512,0,0.9929351806640625,0.0011059485841542482,0.8010581135749817,1.581762035129941e-06,512
001226,512,0,0.9922637939453125,1.3008541372983018e-06,0.9994084239006042,4.338095749290005e-08,512
000079,512,0,0.9974212646484375,6.295424554991769e-07,0.9999050498008728,9.526591071562507e-09,512
000725,512,0,0.992401123046875,1.3727685654885136e-05,0.8623626232147217,7.724563744204715e-08,512
001296,512,0,0.9929351806640625,0.002638957928866148,0.9418371915817261,5.839701771037653e-07,512
000827,512,0,0.993621826171875,1.8617689647726365e-06,0.8360056281089783,3.078488575170013e-08,512
000103,512,0,0.9970245361328125,4.327052920416463e-06,0.9741082787513733,5.47215464052897e-08,512
001099,512,0,0.9915924072265625,1.2262806194485165e-05,0.9463501572608948,7.985870098536907e-08,512
001205,512,0,0.9974212646484375,3.3981203273469873e-07,0.9992406368255615,5.007531278522492e-09,512
000368,512,0,0.9974822998046875,3.3376356896042125e-06,0.9996787309646606,2.1282675177758392e-08,512
000278,512,0,0.99407958984375,1.9525490642990917e-05,0.9984910488128662,7.377289534815645e-08,512
000190,512,0,0.9923095703125,1.7986435523198452e-06,0.8900253176689148,4.656104479749956e-08,512
000544,512,0,0.9949798583984375,1.5438537957379594e-05,0.9646676778793335,3.5510478113565114e-08,512
001260,512,0,0.9940643310546875,6.327930168481544e-05,0.9979158639907837,9.103575848712353e-08,512
000997,512,0,0.9946441650390625,4.760180308949202e-05,0.9657200574874878,1.0641273462397294e-07,512
000431,512,0,0.9945220947265625,1.1304849067528266e-05,0.9351619482040405,3.3280954880865465e-08,512
000919,512,0,0.9942169189453125,6.300121640379075e-06,0.925466775894165,5.334104002940876e-08,512
001197,512,0,0.9974212646484375,2.8046029001416173e-06,0.9993922710418701,2.73301807851567e-08,512
001030,512,0,0.9923095703125,7.914770321804099e-06,0.9207781553268433,1.139663581284367e-07,512
001173,512,0,0.994842529296875,1.646568534852122e-06,0.9992519021034241,3.397860837139888e-08,512
000454,512,0,0.9944915771484375,1.0913660844380502e-05,0.9816929697990417,5.6808826087717534e-08,512
001157,512,0,0.9974212646484375,1.1591478141781408e-06,0.9998039603233337,1.2330905185820029e-08,512
000164,512,0,0.993072509765625,2.3987836357264314e-06,0.8394285440444946,5.628126942269773e-08,512
001037,512,0,0.99200439453125,5.7679757446749136e-05,0.924976646900177,1.63249339379945e-07,512
000077,512,0,0.9974212646484375,9.382765711052343e-07,0.9995829463005066,1.4916889057303706e-08,512
000642,512,0,0.993865966796875,1.181471179734217e-05,0.8211348056793213,1.2499504009610973e-07,512
000828,512,0,0.99285888671875,5.3630792535841465e-06,0.9030306935310364,5.486881349270334e-08,512
000675,512,0,0.99371337890625,7.14502402843209e-06,0.7643939852714539,4.0764877695664836e-08,512
000702,512,0,0.9925384521484375,5.981414687994402e-06,0.8204028606414795,6.677924346831787e-08,512
000310,512,0,0.9939117431640625,1.4813530469837133e-05,0.9252723455429077,5.873652142440733e-08,512
000797,512,0,0.9970245361328125,2.0037873582623433e-06,0.8262894749641418,6.481502623501001e-08,512
000739,512,0,0.99200439453125,5.692310423910385e-06,0.8902985453605652,9.421777491525063e-08,512
000123,512,0,0.99365234375,1.2527086255431641e-05,0.7749236226081848,5.577035722126311e-08,512
001270,512,0,0.99359130859375,0.0002029265306191519,0.9345062375068665,3.057176627407898e-07,512
001170,512,0,0.9974212646484375,5.017261173634324e-06,0.9994023442268372,1.5071998760163297e-08,512
001117,512,0,0.9974212646484375,4.5354399844654836e-06,0.9994039535522461,3.357928690661538e-08,512
000857,512,0,0.993072509765625,5.130961653776467e-06,0.8440576791763306,1.469340560333876e-07,512
000477,512,0,0.9923248291015625,1.2190345842100214e-05,0.9568282961845398,1.8841223692334097e-08,512
000180,512,0,0.992828369140625,8.444008017249871e-07,0.7925068736076355,8.350926172795425e-09,512
001130,512,0,0.9974212646484375,4.9176196625921875e-06,0.9995015263557434,4.219240068437102e-09,512
000958,512,0,0.9929046630859375,5.3507930715568364e-05,0.9470084309577942,1.7010606256917526e-07,512
000855,512,0,0.9935455322265625,2.5243368781957543e-06,0.8485759496688843,5.407539305224418e-08,512
001109,512,0,0.9974212646484375,2.794812417050707e-06,0.9997552037239075,4.145354992601824e-08,512
001009,512,0,0.9929046630859375,2.4172584744519554e-05,0.9230605363845825,3.490348632340101e-08,512
000199,512,0,0.99591064453125,2.464131284796167e-06,0.8366700410842896,2.961230016751415e-08,512
001203,512,0,0.9974212646484375,1.4542856661137193e-06,0.9995892643928528,9.521120780675574e-09,512
000676,512,0,0.99462890625,2.283043068018742e-05,0.7941052913665771,2.1179218379074882e-07,512
000132,512,0,0.99346923828125,7.003675364103401e-06,0.8934874534606934,4.226372496418662e-08,512
000441,512,0,0.9935760498046875,6.220537215995137e-06,0.9659465551376343,3.468950282581318e-08,512
001261,512,0,0.9930877685546875,7.35788416932337e-05,0.9841946363449097,9.254999611130188e-08,512
000878,512,0,0.9940338134765625,8.359314051631372e-06,0.948601245880127,1.017005573089591e-07,512
000283,512,0,0.9929351806640625,3.650948656286346e-06,0.8996259570121765,9.236136122581229e-08,512
000408,512,0,0.9967041015625,1.43554643727839e-05,0.7586872577667236,1.0025210173125743e-07,512
000244,512,0,0.9923248291015625,1.0967188245558646e-05,0.9645962715148926,9.322114635779144e-08,512
000322,512,0,0.9934539794921875,1.1863839972647838e-05,0.9382032155990601,5.4825139983449844e-08,512
001105,512,0,0.994842529296875,1.0972296422551153e-06,0.9993031620979309,1.874063393358938e-08,512
000932,512,0,0.992279052734375,2.0933843188686296e-05,0.9246148467063904,6.005488017990501e-08,512
